{"features":[{"geometry":{"coordinates":[-86.8849414,35.9142544],"type":"Point"},"id":"b17dfba2-425a-40c5-acaa-1295f94d8dca","properties":{"id":"b17dfba2-425a-40c5-acaa-1295f94d8dca","sources":[{"dataset":"OpenStreetMap","license":"ODbL-1.0","property":"","provider":"osm","record_id":"n8481681306@2","resource":"planet","update_time":"2022-07-21T09:04:40Z","version":"2026-09-09"}],"version":1},"type":"Feature"},{"geometry":{"coordinates":[-86.88499,35.91479],"type":"Point"},"id":"702b6ede-a5db-43f1-9319-f0b2940537d3","properties":{"id":"702b6ede-a5db-43f1-9319-f0b2940537d3","sources":[{"dataset":"OpenStreetMap","license":"ODbL-1.0","property":"","provider":"osm","record_id":"n204129957@2","resource":"planet","update_time":"2009-10-16T12:38:07Z","version":"2026-09-09"}],"version":1},"type":"Feature"},{"geometry":{"coordinates":[-86.8843613,35.915092],"type":"Point"},"id":"8f5b90b0-ff2d-47c7-8be4-9fd43a9efcc8","properties":{"id":"8f5b90b0-ff2d-47c7-8be4-9fd43a9efcc8","sources":[{"dataset":"OpenStreetMap","license":"ODbL-1.0","property":"","provider":"osm","record_id":"n6688056149@1","resource":"planet","update_time":"2019-08-06T13:38:14Z","version":"2026-09-09"}],"version":1},"type":"Feature"},{"geometry":{"coordinates":[-86.8842967,35.9150169],"type":"Point"},"id":"e4b21918-ed90-4378-b466-c9ab3c8b2c2d","properties":{"id":"e4b21918-ed90-4378-b466-c9ab3c8b2c2d","sources":[{"dataset":"OpenStreetMap","license":"ODbL-1.0","property":"","provider":"osm","resource":"planet","version":"2026-09-09"}],"version":2},"type":"Feature"},{"geometry":{"coordinates":[-86.8842302,35.9149345],"type":"Point"},"id":"878b0795-7eec-43ba-88fd-cfea2b76866a","properties":{"id":"878b0795-7eec-43ba-88fd-cfea2b76866a","sources":[{"dataset":"OpenStreetMap","license":"ODbL-1.0","property":"","provider":"osm","record_id":"n7937517414@1","resource":"planet","update_time":"2020-09-24T11:26:23Z","version":"2026-09-09"}],"version":1},"type":"Feature"},{"geometry":{"coordinates":[-86.8842655,35.914816],"type":"Point"},"id":"104a6cfc-9fe6-4e25-9035-39f54744673e","properties":{"id":"104a6cfc-9fe6-4e25-9035-39f54744673e","sources":[{"dataset":"OpenStreetMap","license":"ODbL-1.0","property":"","provider":"osm","resource":"planet","version":"2026-09-09"}],"version":2},"type":"Feature"},{"geometry":{"coordinates":[-86.8843908,35.9143465],"type":"Point"},"id":"9e3e63fb-1132-4549-bc63-510029d4da50","properties":{"id":"9e3e63fb-1132-4549-bc63-510029d4da50","sources":[{"dataset":"OpenStreetMap","license":"ODbL-1.0","property":"","provider":"osm","resource":"planet","version":"2026-09-09"}],"version":2},"type":"Feature"},{"geometry":{"coordinates":[-86.8845136,35.9144734],"type":"Point"},"id":"84a66c7a-c3f8-4a69-bf5f-f37496519d30","properties":{"id":"84a66c7a-c3f8-4a69-bf5f-f37496519d30","sources":[{"dataset":"OpenStreetMap","license":"ODbL-1.0","property":"","provider":"osm","record_id":"n6688056103@3","resource":"planet","update_time":"2023-06-29T10:25:05Z","version":"2026-09-09"}],"version":1},"type":"Feature"},{"geometry":{"coordinates":[-86.8846907,35.91438],"type":"Point"},"id":"dda86efa-6cc6-4d35-815d-3c57e9512a8a","properties":{"id":"dda86efa-6cc6-4d35-815d-3c57e9512a8a","sources":[{"dataset":"OpenStreetMap","license":"ODbL-1.0","property":"","provider":"osm","record_id":"n204128772@4","resource":"planet","update_time":"2023-06-29T10:25:05Z","version":"2026-09-09"}],"version":1},"type":"Feature"},{"geometry":{"coordinates":[-86.8845981,35.9144256],"type":"Point"},"id":"f8a1bc10-c7cb-44ab-8d9d-b32c5b32c319","properties":{"id":"f8a1bc10-c7cb-44ab-8d9d-b32c5b32c319","sources":[{"dataset":"OpenStreetMap","license":"ODbL-1.0","property":"","provider":"osm","record_id":"n8481681305@3","resource":"planet","update_time":"2023-06-29T10:25:05Z","version":"2026-09-09"}],"version":1},"type":"Feature"},{"geometry":{"coordinates":[-86.8842688,35.9142203],"type":"Point"},"id":"5945041e-a80f-4f0f-a6d3-6a29667aa698","properties":{"id":"5945041e-a80f-4f0f-a6d3-6a29667aa698","sources":[{"dataset":"OpenStreetMap","license":"ODbL-1.0","property":"","provider":"osm","record_id":"n6688056107@1","resource":"planet","update_time":"2019-08-06T13:38:14Z","version":"2026-09-09"}],"version":1},"type":"Feature"},{"geometry":{"coordinates":[-86.8838416,35.9144533],"type":"Point"},"id":"7ab87308-7e1a-4a93-a5e2-d534c6d1cfe7","properties":{"id":"7ab87308-7e1a-4a93-a5e2-d534c6d1cfe7","sources":[{"dataset":"OpenStreetMap","license":"ODbL-1.0","property":"","provider":"osm","record_id":"n6688056108@1","resource":"planet","update_time":"2019-08-06T13:38:14Z","version":"2026-09-09"}],"version":1},"type":"Feature"},{"geometry":{"coordinates":[-86.8839593,35.9145825],"type":"Point"},"id":"5786887b-34dd-4ba4-8925-0f1f8f0efcb2","properties":{"id":"5786887b-34dd-4ba4-8925-0f1f8f0efcb2","sources":[{"dataset":"OpenStreetMap","license":"ODbL-1.0","property":"","provider":"osm","resource":"planet","version":"2026-09-09"}],"version":2},"type":"Feature"},{"geometry":{"coordinates":[-86.8839169,35.9147992],"type":"Point"},"id":"9a4cdd70-3bc3-40c7-943f-c80e28ef0a38","properties":{"id":"9a4cdd70-3bc3-40c7-943f-c80e28ef0a38","sources":[{"dataset":"OpenStreetMap","license":"ODbL-1.0","property":"","provider":"osm","record_id":"n6688056109@3","resource":"planet","update_time":"2023-06-29T10:25:05Z","version":"2026-09-09"}],"version":1},"type":"Feature"},{"geometry":{"coordinates":[-86.8840805,35.9147156],"type":"Point"},"id":"105fa3e7-12cf-4132-bffd-775597efc089","properties":{"id":"105fa3e7-12cf-4132-bffd-775597efc089","sources":[{"dataset":"OpenStreetMap","license":"ODbL-1.0","property":"","provider":"osm","record_id":"n6688056105@2","resource":"planet","update_time":"2023-06-29T10:25:05Z","version":"2026-09-09"}],"version":1},"type":"Feature"},{"geometry":{"coordinates":[-86.8835279,35.915011],"type":"Point"},"id":"e23488b6-fd79-44e7-b56b-b49631da334c","properties":{"id":"e23488b6-fd79-44e7-b56b-b49631da334c","sources":[{"dataset":"OpenStreetMap","license":"ODbL-1.0","property":"","provider":"osm","record_id":"n6688056128@3","resource":"planet","update_time":"2023-06-29T10:25:05Z","version":"2026-09-09"}],"version":1},"type":"Feature"},{"geometry":{"coordinates":[-86.882772,35.9143892],"type":"Point"},"id":"9bd2cfee-dab1-4dad-9bcc-3578af424652","properties":{"id":"9bd2cfee-dab1-4dad-9bcc-3578af424652","sources":[{"dataset":"OpenStreetMap","license":"ODbL-1.0","property":"","provider":"osm","record_id":"n6995739364@1","resource":"planet","update_time":"2019-11-21T11:32:53Z","version":"2026-09-09"}],"version":1},"type":"Feature"},{"geometry":{"coordinates":[-86.8833299,35.9138191],"type":"Point"},"id":"e4f98838-f9f2-4455-b9ca-f895627956ea","properties":{"id":"e4f98838-f9f2-4455-b9ca-f895627956ea","sources":[{"dataset":"OpenStreetMap","license":"ODbL-1.0","property":"","provider":"osm","record_id":"n6688056106@1","resource":"planet","update_time":"2019-08-06T13:38:14Z","version":"2026-09-09"}],"version":1},"type":"Feature"},{"geometry":{"coordinates":[-86.8831212,35.9138242],"type":"Point"},"id":"59562f52-961d-42a3-8f2d-aa01fb0f34fe","properties":{"id":"59562f52-961d-42a3-8f2d-aa01fb0f34fe","sources":[{"dataset":"OpenStreetMap","license":"ODbL-1.0","property":"","provider":"osm","record_id":"n6688056110@2","resource":"planet","update_time":"2020-07-01T03:30:30Z","version":"2026-09-09"}],"version":1},"type":"Feature"},{"geometry":{"coordinates":[-86.8840304,35.9139662],"type":"Point"},"id":"db7af04d-bb43-4cb6-8b71-a52b927fd000","properties":{"id":"db7af04d-bb43-4cb6-8b71-a52b927fd000","sources":[{"dataset":"OpenStreetMap","license":"ODbL-1.0","property":"","provider":"osm","record_id":"n6688056104@1","resource":"planet","update_time":"2019-08-06T13:38:14Z","version":"2026-09-09"}],"version":1},"type":"Feature"},{"geometry":{"coordinates":[-86.8830284,35.9127435],"type":"Point"},"id":"645e3920-479d-400a-9c0a-90c95ad2a4a1","properties":{"id":"645e3920-479d-400a-9c0a-90c95ad2a4a1","sources":[{"dataset":"OpenStreetMap","license":"ODbL-1.0","property":"","provider":"osm","record_id":"n204116229@4","resource":"planet","update_time":"2024-07-15T17:23:27Z","version":"2026-09-09"}],"version":1},"type":"Feature"},{"geometry":{"coordinates":[-86.8806123,35.9123506],"type":"Point"},"id":"6c0afa1c-8de3-4a57-878f-3d492326f3ca","properties":{"id":"6c0afa1c-8de3-4a57-878f-3d492326f3ca","sources":[{"dataset":"OpenStreetMap","license":"ODbL-1.0","property":"","provider":"osm","record_id":"n12083225870@1","resource":"planet","update_time":"2024-07-30T13:19:08Z","version":"2026-09-09"}],"version":1},"type":"Feature"},{"geometry":{"coordinates":[-86.8805551,35.9123414],"type":"Point"},"id":"a5b4e194-721e-4b42-9b13-911db159d8af","properties":{"id":"a5b4e194-721e-4b42-9b13-911db159d8af","sources":[{"dataset":"OpenStreetMap","license":"ODbL-1.0","property":"","provider":"osm","record_id":"n12083225872@1","resource":"planet","update_time":"2024-07-30T13:19:08Z","version":"2026-09-09"}],"version":1},"type":"Feature"},{"geometry":{"coordinates":[-86.8804731,35.9123282],"type":"Point"},"id":"90be1316-919c-4bc5-a900-a6a831eab159","properties":{"id":"90be1316-919c-4bc5-a900-a6a831eab159","sources":[{"dataset":"OpenStreetMap","license":"ODbL-1.0","property":"","provider":"osm","record_id":"n12083225871@1","resource":"planet","update_time":"2024-07-30T13:19:08Z","version":"2026-09-09"}],"version":1},"type":"Feature"},{"geometry":{"coordinates":[-86.8795656,35.9122695],"type":"Point"},"id":"ff997c42-2139-40e2-aa81-1099fd4b4313","properties":{"id":"ff997c42-2139-40e2-aa81-1099fd4b4313","sources":[{"dataset":"OpenStreetMap","license":"ODbL-1.0","property":"","provider":"osm","record_id":"n7013927319@2","resource":"planet","update_time":"2024-07-15T17:23:27Z","version":"2026-09-09"}],"version":1},"type":"Feature"},{"geometry":{"coordinates":[-86.8805405,35.9124076],"type":"Point"},"id":"10fe8a89-ba57-4bd3-b4ca-53ee22a3f81d","properties":{"id":"10fe8a89-ba57-4bd3-b4ca-53ee22a3f81d","sources":[{"dataset":"OpenStreetMap","license":"ODbL-1.0","property":"","provider":"osm","record_id":"n204116194@7","resource":"planet","update_time":"2024-07-15T17:23:27Z","version":"2026-09-09"}],"version":1},"type":"Feature"},{"geometry":{"coordinates":[-86.8805974,35.9124154],"type":"Point"},"id":"9413646e-e6c7-4d6d-a518-a38429888eec","properties":{"id":"9413646e-e6c7-4d6d-a518-a38429888eec","sources":[{"dataset":"OpenStreetMap","license":"ODbL-1.0","property":"","provider":"osm","record_id":"n12083225874@1","resource":"planet","update_time":"2024-07-30T13:19:08Z","version":"2026-09-09"}],"version":1},"type":"Feature"},{"geometry":{"coordinates":[-86.8805881,35.9124572],"type":"Point"},"id":"55dc0b67-7ed5-4434-ae18-241f55dc59e8","properties":{"id":"55dc0b67-7ed5-4434-ae18-241f55dc59e8","sources":[{"dataset":"OpenStreetMap","license":"ODbL-1.0","property":"","provider":"osm","record_id":"n12083225873@1","resource":"planet","update_time":"2024-07-30T13:19:08Z","version":"2026-09-09"}],"version":1},"type":"Feature"},{"geometry":{"coordinates":[-86.8822188,35.9126376],"type":"Point"},"id":"9f1c7021-a1ff-4ba9-8ea4-0b96843874f4","properties":{"id":"9f1c7021-a1ff-4ba9-8ea4-0b96843874f4","sources":[{"dataset":"OpenStreetMap","license":"ODbL-1.0","property":"","provider":"osm","record_id":"n204146728@5","resource":"planet","update_time":"2024-07-15T17:23:27Z","version":"2026-09-09"}],"version":1},"type":"Feature"},{"geometry":{"coordinates":[-86.8824716,35.9126793],"type":"Point"},"id":"2d401c24-430f-460b-bccd-6514a8208edd","properties":{"id":"2d401c24-430f-460b-bccd-6514a8208edd","sources":[{"dataset":"OpenStreetMap","license":"ODbL-1.0","property":"","provider":"osm","record_id":"n2472815192@1","resource":"planet","update_time":"2013-09-26T22:06:34Z","version":"2026-09-09"}],"version":1},"type":"Feature"},{"geometry":{"coordinates":[-86.8813509,35.9139205],"type":"Point"},"id":"cd185f93-86a0-4320-ab30-f23080813b80","properties":{"id":"cd185f93-86a0-4320-ab30-f23080813b80","sources":[{"dataset":"OpenStreetMap","license":"ODbL-1.0","property":"","provider":"osm","resource":"planet","version":"2026-09-09"}],"version":2},"type":"Feature"},{"geometry":{"coordinates":[-86.8820269,35.9145466],"type":"Point"},"id":"f80393a1-948d-4062-98b1-f3433bfc6550","properties":{"id":"f80393a1-948d-4062-98b1-f3433bfc6550","sources":[{"dataset":"OpenStreetMap","license":"ODbL-1.0","property":"","provider":"osm","record_id":"n2472815205@2","resource":"planet","update_time":"2020-08-31T05:30:54Z","version":"2026-09-09"}],"version":1},"type":"Feature"},{"geometry":{"coordinates":[-86.8822877,35.9146907],"type":"Point"},"id":"d5c9eacb-8712-491b-acbf-38ad978c6c69","properties":{"id":"d5c9eacb-8712-491b-acbf-38ad978c6c69","sources":[{"dataset":"OpenStreetMap","license":"ODbL-1.0","property":"","provider":"osm","record_id":"n6995739355@1","resource":"planet","update_time":"2019-11-21T11:32:53Z","version":"2026-09-09"}],"version":1},"type":"Feature"},{"geometry":{"coordinates":[-86.8813087,35.9142477],"type":"Point"},"id":"c4b94f0d-8184-4ff1-af63-ac5f9df83125","properties":{"id":"c4b94f0d-8184-4ff1-af63-ac5f9df83125","sources":[{"dataset":"OpenStreetMap","license":"ODbL-1.0","property":"","provider":"osm","resource":"planet","version":"2026-09-09"}],"version":2},"type":"Feature"},{"geometry":{"coordinates":[-86.87967,35.9149375],"type":"Point"},"id":"fd505ced-0bfa-4cb7-bb56-27a1d323c541","properties":{"id":"fd505ced-0bfa-4cb7-bb56-27a1d323c541","sources":[{"dataset":"OpenStreetMap","license":"ODbL-1.0","property":"","provider":"osm","record_id":"n204148820@3","resource":"planet","update_time":"2013-09-26T22:06:48Z","version":"2026-09-09"}],"version":1},"type":"Feature"},{"geometry":{"coordinates":[-86.8802596,35.9137663],"type":"Point"},"id":"4c497c78-5522-4bf8-962e-238c0088a830","properties":{"id":"4c497c78-5522-4bf8-962e-238c0088a830","sources":[{"dataset":"OpenStreetMap","license":"ODbL-1.0","property":"","provider":"osm","record_id":"n204116201@4","resource":"planet","update_time":"2009-10-16T12:34:37Z","version":"2026-09-09"}],"version":1},"type":"Feature"},{"geometry":{"coordinates":[-86.878425,35.9148315],"type":"Point"},"id":"764ef35f-1de4-4d50-b704-663010d74d82","properties":{"id":"764ef35f-1de4-4d50-b704-663010d74d82","sources":[{"dataset":"OpenStreetMap","license":"ODbL-1.0","property":"","provider":"osm","record_id":"n204110011@3","resource":"planet","update_time":"2013-09-26T22:06:47Z","version":"2026-09-09"}],"version":1},"type":"Feature"},{"geometry":{"coordinates":[-86.8780808,35.9147474],"type":"Point"},"id":"376859c9-9a19-4f4a-8bee-9bb394819f7d","properties":{"id":"376859c9-9a19-4f4a-8bee-9bb394819f7d","sources":[{"dataset":"OpenStreetMap","license":"ODbL-1.0","property":"","provider":"osm","record_id":"n204110004@3","resource":"planet","update_time":"2013-09-26T22:06:47Z","version":"2026-09-09"}],"version":1},"type":"Feature"},{"geometry":{"coordinates":[-86.8774954,35.9146837],"type":"Point"},"id":"dbad3346-b1eb-4012-a010-5dd2697f5060","properties":{"id":"dbad3346-b1eb-4012-a010-5dd2697f5060","sources":[{"dataset":"OpenStreetMap","license":"ODbL-1.0","property":"","provider":"osm","record_id":"n204109999@4","resource":"planet","update_time":"2015-05-20T22:25:04Z","version":"2026-09-09"}],"version":1},"type":"Feature"},{"geometry":{"coordinates":[-86.8772647,35.9146468],"type":"Point"},"id":"01cdf063-0124-4544-9f0e-46590948c452","properties":{"id":"01cdf063-0124-4544-9f0e-46590948c452","sources":[{"dataset":"OpenStreetMap","license":"ODbL-1.0","property":"","provider":"osm","record_id":"n204109997@3","resource":"planet","update_time":"2015-05-20T22:25:04Z","version":"2026-09-09"}],"version":1},"type":"Feature"},{"geometry":{"coordinates":[-86.8765427,35.9150263],"type":"Point"},"id":"db8cad4c-50dd-4850-a1a6-a11d54211717","properties":{"id":"db8cad4c-50dd-4850-a1a6-a11d54211717","sources":[{"dataset":"OpenStreetMap","license":"ODbL-1.0","property":"","provider":"osm","record_id":"n7016235872@1","resource":"planet","update_time":"2019-11-28T06:59:11Z","version":"2026-09-09"}],"version":1},"type":"Feature"},{"geometry":{"coordinates":[-86.8765873,35.9145904],"type":"Point"},"id":"4d49d66c-4793-4a4e-9684-80295971a49c","properties":{"id":"4d49d66c-4793-4a4e-9684-80295971a49c","sources":[{"dataset":"OpenStreetMap","license":"ODbL-1.0","property":"","provider":"osm","record_id":"n3531785391@2","resource":"planet","update_time":"2019-11-28T06:59:11Z","version":"2026-09-09"}],"version":1},"type":"Feature"},{"geometry":{"coordinates":[-86.87741,35.9135091],"type":"Point"},"id":"75450a3d-8816-4ac7-9e53-c51cbfc42462","properties":{"id":"75450a3d-8816-4ac7-9e53-c51cbfc42462","sources":[{"dataset":"OpenStreetMap","license":"ODbL-1.0","property":"","provider":"osm","record_id":"n204129000@3","resource":"planet","update_time":"2009-10-16T12:37:56Z","version":"2026-09-09"}],"version":1},"type":"Feature"},{"geometry":{"coordinates":[-86.8772937,35.9130555],"type":"Point"},"id":"9fd08694-e77d-4287-a01b-8518c7652797","properties":{"id":"9fd08694-e77d-4287-a01b-8518c7652797","sources":[{"dataset":"OpenStreetMap","license":"ODbL-1.0","property":"","provider":"osm","resource":"planet","version":"2026-09-09"}],"version":1},"type":"Feature"},{"geometry":{"coordinates":[-86.876884,35.9132003],"type":"Point"},"id":"af4ca382-0eff-471b-806c-fb7281d99e99","properties":{"id":"af4ca382-0eff-471b-806c-fb7281d99e99","sources":[{"dataset":"OpenStreetMap","license":"ODbL-1.0","property":"","provider":"osm","record_id":"n7805672633@1","resource":"planet","update_time":"2020-08-12T06:33:01Z","version":"2026-09-09"}],"version":1},"type":"Feature"},{"geometry":{"coordinates":[-86.8771738,35.9132206],"type":"Point"},"id":"032f040c-b51c-4a6a-ad0b-ffa94fa57040","properties":{"id":"032f040c-b51c-4a6a-ad0b-ffa94fa57040","sources":[{"dataset":"OpenStreetMap","license":"ODbL-1.0","property":"","provider":"osm","record_id":"n7805672645@1","resource":"planet","update_time":"2020-08-12T06:33:01Z","version":"2026-09-09"}],"version":1},"type":"Feature"},{"geometry":{"coordinates":[-86.8768518,35.9134472],"type":"Point"},"id":"ac26e667-cd86-4dda-bafb-76ac57d4a287","properties":{"id":"ac26e667-cd86-4dda-bafb-76ac57d4a287","sources":[{"dataset":"OpenStreetMap","license":"ODbL-1.0","property":"","provider":"osm","record_id":"n7805672632@1","resource":"planet","update_time":"2020-08-12T06:33:01Z","version":"2026-09-09"}],"version":1},"type":"Feature"},{"geometry":{"coordinates":[-86.8766637,35.9130072],"type":"Point"},"id":"2646118e-0ad3-4af6-92fe-437e3d71bc2d","properties":{"id":"2646118e-0ad3-4af6-92fe-437e3d71bc2d","sources":[{"dataset":"OpenStreetMap","license":"ODbL-1.0","property":"","provider":"osm","resource":"planet","version":"2026-09-09"}],"version":1},"type":"Feature"},{"geometry":{"coordinates":[-86.8777802,35.9120195],"type":"Point"},"id":"0629c014-2fc7-494c-92cf-2979ca3bbaa9","properties":{"id":"0629c014-2fc7-494c-92cf-2979ca3bbaa9","sources":[{"dataset":"OpenStreetMap","license":"ODbL-1.0","property":"","provider":"osm","record_id":"n7078987245@2","resource":"planet","update_time":"2024-07-15T17:23:27Z","version":"2026-09-09"}],"version":1},"type":"Feature"},{"geometry":{"coordinates":[-86.8777533,35.9120158],"type":"Point"},"id":"f75b5847-94c8-4160-b360-0810093cbebe","properties":{"id":"f75b5847-94c8-4160-b360-0810093cbebe","sources":[{"dataset":"OpenStreetMap","license":"ODbL-1.0","property":"","provider":"osm","record_id":"n204128993@4","resource":"planet","update_time":"2024-07-15T17:23:27Z","version":"2026-09-09"}],"version":1},"type":"Feature"},{"geometry":{"coordinates":[-86.8775777,35.9127525],"type":"Point"},"id":"97906efb-eaba-4972-9cab-c9b5f204936e","properties":{"id":"97906efb-eaba-4972-9cab-c9b5f204936e","sources":[{"dataset":"OpenStreetMap","license":"ODbL-1.0","property":"","provider":"osm","record_id":"n7936394118@1","resource":"planet","update_time":"2020-09-24T05:13:31Z","version":"2026-09-09"}],"version":1},"type":"Feature"},{"geometry":{"coordinates":[-86.8794524,35.9127837],"type":"Point"},"id":"e377ba79-6d1b-4230-ad4c-10c2442778cf","properties":{"id":"e377ba79-6d1b-4230-ad4c-10c2442778cf","sources":[{"dataset":"OpenStreetMap","license":"ODbL-1.0","property":"","provider":"osm","record_id":"n7013927320@1","resource":"planet","update_time":"2019-11-27T12:08:30Z","version":"2026-09-09"}],"version":1},"type":"Feature"},{"geometry":{"coordinates":[-86.8741562,35.912248],"type":"Point"},"id":"05ec7ede-eeba-4f57-9b10-3b1f6022218d","properties":{"id":"05ec7ede-eeba-4f57-9b10-3b1f6022218d","sources":[{"dataset":"OpenStreetMap","license":"ODbL-1.0","property":"","provider":"osm","record_id":"n204113138@5","resource":"planet","update_time":"2013-09-26T22:06:47Z","version":"2026-09-09"}],"version":1},"type":"Feature"},{"geometry":{"coordinates":[-86.8741393,35.912337],"type":"Point"},"id":"0e77c878-8917-44a2-9cd6-0416a46bf926","properties":{"id":"0e77c878-8917-44a2-9cd6-0416a46bf926","sources":[{"dataset":"OpenStreetMap","license":"ODbL-1.0","property":"","provider":"osm","record_id":"n7936394111@1","resource":"planet","update_time":"2020-09-24T05:13:31Z","version":"2026-09-09"}],"version":1},"type":"Feature"},{"geometry":{"coordinates":[-86.8753521,35.913901],"type":"Point"},"id":"35bb1298-48c7-4d27-bed6-e663c0f93965","properties":{"id":"35bb1298-48c7-4d27-bed6-e663c0f93965","sources":[{"dataset":"OpenStreetMap","license":"ODbL-1.0","property":"","provider":"osm","record_id":"n6991385393@1","resource":"planet","update_time":"2019-11-20T04:00:05Z","version":"2026-09-09"}],"version":1},"type":"Feature"},{"geometry":{"coordinates":[-86.8758876,35.9143965],"type":"Point"},"id":"fbe95aa4-2b1a-4010-86a5-392b1a5a0dca","properties":{"id":"fbe95aa4-2b1a-4010-86a5-392b1a5a0dca","sources":[{"dataset":"OpenStreetMap","license":"ODbL-1.0","property":"","provider":"osm","record_id":"n3531787111@1","resource":"planet","update_time":"2015-05-20T22:25:02Z","version":"2026-09-09"}],"version":1},"type":"Feature"},{"geometry":{"coordinates":[-86.8761762,35.914464],"type":"Point"},"id":"72d91161-feb0-434d-af1d-5dcde0956b2c","properties":{"id":"72d91161-feb0-434d-af1d-5dcde0956b2c","sources":[{"dataset":"OpenStreetMap","license":"ODbL-1.0","property":"","provider":"osm","record_id":"n3531787106@1","resource":"planet","update_time":"2015-05-20T22:25:02Z","version":"2026-09-09"}],"version":1},"type":"Feature"},{"geometry":{"coordinates":[-86.8763351,35.9146488],"type":"Point"},"id":"bad57888-17f7-4e98-96b5-e5b0a068622b","properties":{"id":"bad57888-17f7-4e98-96b5-e5b0a068622b","sources":[{"dataset":"OpenStreetMap","license":"ODbL-1.0","property":"","provider":"osm","record_id":"n3531787101@1","resource":"planet","update_time":"2015-05-20T22:25:02Z","version":"2026-09-09"}],"version":1},"type":"Feature"},{"geometry":{"coordinates":[-86.8752022,35.9148569],"type":"Point"},"id":"cd3d5bae-461f-4d82-a8c2-fdbe92f110fe","properties":{"id":"cd3d5bae-461f-4d82-a8c2-fdbe92f110fe","sources":[{"dataset":"OpenStreetMap","license":"ODbL-1.0","property":"","provider":"osm","record_id":"n3531787107@1","resource":"planet","update_time":"2015-05-20T22:25:02Z","version":"2026-09-09"}],"version":1},"type":"Feature"},{"geometry":{"coordinates":[-86.8751996,35.9150609],"type":"Point"},"id":"acef89b3-59bf-4c43-acda-898471007e10","properties":{"id":"acef89b3-59bf-4c43-acda-898471007e10","sources":[{"dataset":"OpenStreetMap","license":"ODbL-1.0","property":"","provider":"osm","record_id":"n3531787102@1","resource":"planet","update_time":"2015-05-20T22:25:02Z","version":"2026-09-09"}],"version":1},"type":"Feature"},{"geometry":{"coordinates":[-86.875238,35.9146352],"type":"Point"},"id":"e86d3a95-7e15-4333-954e-9059d0f92640","properties":{"id":"e86d3a95-7e15-4333-954e-9059d0f92640","sources":[{"dataset":"OpenStreetMap","license":"ODbL-1.0","property":"","provider":"osm","record_id":"n3531787112@1","resource":"planet","update_time":"2015-05-20T22:25:02Z","version":"2026-09-09"}],"version":1},"type":"Feature"},{"geometry":{"coordinates":[-86.8749979,35.9144358],"type":"Point"},"id":"def111f8-bb82-4600-a05b-f5b6de0229e9","properties":{"id":"def111f8-bb82-4600-a05b-f5b6de0229e9","sources":[{"dataset":"OpenStreetMap","license":"ODbL-1.0","property":"","provider":"osm","record_id":"n6991385397@1","resource":"planet","update_time":"2019-11-20T04:00:05Z","version":"2026-09-09"}],"version":1},"type":"Feature"},{"geometry":{"coordinates":[-86.8752852,35.9143426],"type":"Point"},"id":"05fde259-97e2-42b6-bb92-3c7bb3a0a7ad","properties":{"id":"05fde259-97e2-42b6-bb92-3c7bb3a0a7ad","sources":[{"dataset":"OpenStreetMap","license":"ODbL-1.0","property":"","provider":"osm","record_id":"n3531787097@1","resource":"planet","update_time":"2015-05-20T22:25:02Z","version":"2026-09-09"}],"version":1},"type":"Feature"},{"geometry":{"coordinates":[-86.875627,35.9143732],"type":"Point"},"id":"67334baa-30ae-4716-8c8c-867a42e4dcc7","properties":{"id":"67334baa-30ae-4716-8c8c-867a42e4dcc7","sources":[{"dataset":"OpenStreetMap","license":"ODbL-1.0","property":"","provider":"osm","record_id":"n3531787115@1","resource":"planet","update_time":"2015-05-20T22:25:02Z","version":"2026-09-09"}],"version":1},"type":"Feature"},{"geometry":{"coordinates":[-86.8753114,35.9141697],"type":"Point"},"id":"4fdfec2a-c3e6-459d-892a-7673c2d3ba3a","properties":{"id":"4fdfec2a-c3e6-459d-892a-7673c2d3ba3a","sources":[{"dataset":"OpenStreetMap","license":"ODbL-1.0","property":"","provider":"osm","record_id":"n6991385396@1","resource":"planet","update_time":"2019-11-20T04:00:05Z","version":"2026-09-09"}],"version":1},"type":"Feature"},{"geometry":{"coordinates":[-86.8736469,35.914911],"type":"Point"},"id":"0c43c8ce-1e5d-428c-a30c-3ed0f161317e","properties":{"id":"0c43c8ce-1e5d-428c-a30c-3ed0f161317e","sources":[{"dataset":"OpenStreetMap","license":"ODbL-1.0","property":"","provider":"osm","resource":"planet","version":"2026-09-09"}],"version":2},"type":"Feature"},{"geometry":{"coordinates":[-86.8737157,35.9145412],"type":"Point"},"id":"4e4c3ffd-7884-446d-b10c-420f34ded3b8","properties":{"id":"4e4c3ffd-7884-446d-b10c-420f34ded3b8","sources":[{"dataset":"OpenStreetMap","license":"ODbL-1.0","property":"","provider":"osm","record_id":"n205499741@5","resource":"planet","update_time":"2022-07-21T08:31:24Z","version":"2026-09-09"}],"version":1},"type":"Feature"},{"geometry":{"coordinates":[-86.873804,35.9141098],"type":"Point"},"id":"43f669be-ec05-4e3d-80df-ad865d70e75f","properties":{"id":"43f669be-ec05-4e3d-80df-ad865d70e75f","sources":[{"dataset":"OpenStreetMap","license":"ODbL-1.0","property":"","provider":"osm","record_id":"n7676996187@1","resource":"planet","update_time":"2020-07-02T12:07:48Z","version":"2026-09-09"}],"version":1},"type":"Feature"},{"geometry":{"coordinates":[-86.8737721,35.9142887],"type":"Point"},"id":"c6dde7ff-48ed-4b15-aef0-c7cf68c95058","properties":{"id":"c6dde7ff-48ed-4b15-aef0-c7cf68c95058","sources":[{"dataset":"OpenStreetMap","license":"ODbL-1.0","property":"","provider":"osm","record_id":"n3531787129@1","resource":"planet","update_time":"2015-05-20T22:25:02Z","version":"2026-09-09"}],"version":1},"type":"Feature"},{"geometry":{"coordinates":[-86.8745237,35.9132013],"type":"Point"},"id":"0cc41e19-39ca-4eff-844c-9a16fe0c6156","properties":{"id":"0cc41e19-39ca-4eff-844c-9a16fe0c6156","sources":[{"dataset":"OpenStreetMap","license":"ODbL-1.0","property":"","provider":"osm","record_id":"n3531787140@1","resource":"planet","update_time":"2015-05-20T22:25:03Z","version":"2026-09-09"}],"version":1},"type":"Feature"},{"geometry":{"coordinates":[-86.8740064,35.9130359],"type":"Point"},"id":"90052619-3753-4107-a997-409108e6e150","properties":{"id":"90052619-3753-4107-a997-409108e6e150","sources":[{"dataset":"OpenStreetMap","license":"ODbL-1.0","property":"","provider":"osm","record_id":"n205263835@4","resource":"planet","update_time":"2013-09-26T22:06:48Z","version":"2026-09-09"}],"version":1},"type":"Feature"},{"geometry":{"coordinates":[-86.8739743,35.9131544],"type":"Point"},"id":"26beb654-0160-4277-b815-136e3b3f9ad3","properties":{"id":"26beb654-0160-4277-b815-136e3b3f9ad3","sources":[{"dataset":"OpenStreetMap","license":"ODbL-1.0","property":"","provider":"osm","record_id":"n2472815197@1","resource":"planet","update_time":"2013-09-26T22:06:34Z","version":"2026-09-09"}],"version":1},"type":"Feature"},{"geometry":{"coordinates":[-86.8719997,35.913085],"type":"Point"},"id":"392454f0-6a34-4511-a4a8-e0ca022cc1a5","properties":{"id":"392454f0-6a34-4511-a4a8-e0ca022cc1a5","sources":[{"dataset":"OpenStreetMap","license":"ODbL-1.0","property":"","provider":"osm","record_id":"n205508697@3","resource":"planet","update_time":"2009-11-10T02:07:42Z","version":"2026-09-09"}],"version":1},"type":"Feature"},{"geometry":{"coordinates":[-86.8720045,35.9131446],"type":"Point"},"id":"dfaae6d7-6687-49a4-a3a9-7f07ae417158","properties":{"id":"dfaae6d7-6687-49a4-a3a9-7f07ae417158","sources":[{"dataset":"OpenStreetMap","license":"ODbL-1.0","property":"","provider":"osm","resource":"planet","version":"2026-09-09"}],"version":2},"type":"Feature"},{"geometry":{"coordinates":[-86.872218,35.91316],"type":"Point"},"id":"abdeba2e-24bb-40ef-9258-c72a7e931d1b","properties":{"id":"abdeba2e-24bb-40ef-9258-c72a7e931d1b","sources":[{"dataset":"OpenStreetMap","license":"ODbL-1.0","property":"","provider":"osm","resource":"planet","version":"2026-09-09"}],"version":2},"type":"Feature"},{"geometry":{"coordinates":[-86.8730718,35.9139781],"type":"Point"},"id":"cbf34932-a1c9-4c37-bba8-3e3cedf8a70d","properties":{"id":"cbf34932-a1c9-4c37-bba8-3e3cedf8a70d","sources":[{"dataset":"OpenStreetMap","license":"ODbL-1.0","property":"","provider":"osm","record_id":"n7676996190@1","resource":"planet","update_time":"2020-07-02T12:07:48Z","version":"2026-09-09"}],"version":1},"type":"Feature"},{"geometry":{"coordinates":[-86.8726914,35.9144364],"type":"Point"},"id":"3e317b47-5619-4ead-a8e1-56d8a281465e","properties":{"id":"3e317b47-5619-4ead-a8e1-56d8a281465e","sources":[{"dataset":"OpenStreetMap","license":"ODbL-1.0","property":"","provider":"osm","record_id":"n205268228@4","resource":"planet","update_time":"2022-07-21T08:31:24Z","version":"2026-09-09"}],"version":1},"type":"Feature"},{"geometry":{"coordinates":[-86.8732703,35.9148721],"type":"Point"},"id":"fffdeec1-f3d5-4833-a12a-55ea7c799cac","properties":{"id":"fffdeec1-f3d5-4833-a12a-55ea7c799cac","sources":[{"dataset":"OpenStreetMap","license":"ODbL-1.0","property":"","provider":"osm","resource":"planet","version":"2026-09-09"}],"version":2},"type":"Feature"},{"geometry":{"coordinates":[-86.8707122,35.914232],"type":"Point"},"id":"9c993483-6567-4669-85b0-0a9640fbc46f","properties":{"id":"9c993483-6567-4669-85b0-0a9640fbc46f","sources":[{"dataset":"OpenStreetMap","license":"ODbL-1.0","property":"","provider":"osm","record_id":"n204128503@3","resource":"planet","update_time":"2009-10-16T12:37:49Z","version":"2026-09-09"}],"version":1},"type":"Feature"},{"geometry":{"coordinates":[-86.8708268,35.9137454],"type":"Point"},"id":"3e49f443-3032-4e8c-b05c-298055f7e6bc","properties":{"id":"3e49f443-3032-4e8c-b05c-298055f7e6bc","sources":[{"dataset":"OpenStreetMap","license":"ODbL-1.0","property":"","provider":"osm","record_id":"n204128498@4","resource":"planet","update_time":"2009-10-16T12:37:49Z","version":"2026-09-09"}],"version":1},"type":"Feature"},{"geometry":{"coordinates":[-86.8709396,35.9130771],"type":"Point"},"id":"26345b8a-ed90-480e-8ae8-8466eef40c51","properties":{"id":"26345b8a-ed90-480e-8ae8-8466eef40c51","sources":[{"dataset":"OpenStreetMap","license":"ODbL-1.0","property":"","provider":"osm","record_id":"n7049200141@1","resource":"planet","update_time":"2019-12-11T12:04:40Z","version":"2026-09-09"}],"version":1},"type":"Feature"},{"geometry":{"coordinates":[-86.8710555,35.9123899],"type":"Point"},"id":"76789a54-c20a-4305-aeb2-f6e6e4233614","properties":{"id":"76789a54-c20a-4305-aeb2-f6e6e4233614","sources":[{"dataset":"OpenStreetMap","license":"ODbL-1.0","property":"","provider":"osm","record_id":"n204128492@3","resource":"planet","update_time":"2009-10-16T12:37:49Z","version":"2026-09-09"}],"version":1},"type":"Feature"},{"geometry":{"coordinates":[-86.8726207,35.9129321],"type":"Point"},"id":"0e55db2b-9d5f-4461-aa90-d3a4b61144a7","properties":{"id":"0e55db2b-9d5f-4461-aa90-d3a4b61144a7","sources":[{"dataset":"OpenStreetMap","license":"ODbL-1.0","property":"","provider":"osm","record_id":"n205263834@3","resource":"planet","update_time":"2009-10-16T12:42:35Z","version":"2026-09-09"}],"version":1},"type":"Feature"},{"geometry":{"coordinates":[-86.8680591,35.9120055],"type":"Point"},"id":"ed07bb0d-f0e1-4777-a0e5-e9337c4a2db7","properties":{"id":"ed07bb0d-f0e1-4777-a0e5-e9337c4a2db7","sources":[{"dataset":"OpenStreetMap","license":"ODbL-1.0","property":"","provider":"osm","record_id":"n2472815187@1","resource":"planet","update_time":"2013-09-26T22:06:34Z","version":"2026-09-09"}],"version":1},"type":"Feature"},{"geometry":{"coordinates":[-86.869878,35.913008],"type":"Point"},"id":"c9e025d3-32d9-486c-8d86-eefebcef33df","properties":{"id":"c9e025d3-32d9-486c-8d86-eefebcef33df","sources":[{"dataset":"OpenStreetMap","license":"ODbL-1.0","property":"","provider":"osm","record_id":"n7049200145@1","resource":"planet","update_time":"2019-12-11T12:04:40Z","version":"2026-09-09"}],"version":1},"type":"Feature"},{"geometry":{"coordinates":[-86.8690939,35.9145358],"type":"Point"},"id":"1403d644-9764-4f98-98d4-9c49fb22fe88","properties":{"id":"1403d644-9764-4f98-98d4-9c49fb22fe88","sources":[{"dataset":"OpenStreetMap","license":"ODbL-1.0","property":"","provider":"osm","record_id":"n6971261180@1","resource":"planet","update_time":"2019-11-13T09:47:01Z","version":"2026-09-09"}],"version":1},"type":"Feature"},{"geometry":{"coordinates":[-86.8694804,35.914389],"type":"Point"},"id":"cc465325-ea97-44d0-806a-4e54bc49cba7","properties":{"id":"cc465325-ea97-44d0-806a-4e54bc49cba7","sources":[{"dataset":"OpenStreetMap","license":"ODbL-1.0","property":"","provider":"osm","record_id":"n6690835600@1","resource":"planet","update_time":"2019-08-07T11:13:22Z","version":"2026-09-09"}],"version":1},"type":"Feature"},{"geometry":{"coordinates":[-86.8683514,35.9145198],"type":"Point"},"id":"211132b3-5016-4fdb-8b2f-03e5f4e2843d","properties":{"id":"211132b3-5016-4fdb-8b2f-03e5f4e2843d","sources":[{"dataset":"OpenStreetMap","license":"ODbL-1.0","property":"","provider":"osm","record_id":"n6690835604@1","resource":"planet","update_time":"2019-08-07T11:13:22Z","version":"2026-09-09"}],"version":1},"type":"Feature"},{"geometry":{"coordinates":[-86.8675976,35.9150039],"type":"Point"},"id":"f198cd7e-2987-4405-8ff4-2eb1b18030b3","properties":{"id":"f198cd7e-2987-4405-8ff4-2eb1b18030b3","sources":[{"dataset":"OpenStreetMap","license":"ODbL-1.0","property":"","provider":"osm","record_id":"n205263848@4","resource":"planet","update_time":"2013-12-03T00:52:37Z","version":"2026-09-09"}],"version":1},"type":"Feature"},{"geometry":{"coordinates":[-86.8673751,35.9149699],"type":"Point"},"id":"b49f6351-58c3-402b-8f8c-8296a5296354","properties":{"id":"b49f6351-58c3-402b-8f8c-8296a5296354","sources":[{"dataset":"OpenStreetMap","license":"ODbL-1.0","property":"","provider":"osm","record_id":"n7016923955@1","resource":"planet","update_time":"2019-11-28T12:31:37Z","version":"2026-09-09"}],"version":1},"type":"Feature"},{"geometry":{"coordinates":[-86.8662698,35.912963],"type":"Point"},"id":"6cb1e533-9614-4332-b183-d27c033922ab","properties":{"id":"6cb1e533-9614-4332-b183-d27c033922ab","sources":[{"dataset":"OpenStreetMap","license":"ODbL-1.0","property":"","provider":"osm","record_id":"n7937588382@1","resource":"planet","update_time":"2020-09-24T11:50:17Z","version":"2026-09-09"}],"version":1},"type":"Feature"},{"geometry":{"coordinates":[-86.8661298,35.9133442],"type":"Point"},"id":"3e355880-7cf2-4cf8-9fe4-fe4d22b2272b","properties":{"id":"3e355880-7cf2-4cf8-9fe4-fe4d22b2272b","sources":[{"dataset":"OpenStreetMap","license":"ODbL-1.0","property":"","provider":"osm","record_id":"n7937588380@1","resource":"planet","update_time":"2020-09-24T11:50:17Z","version":"2026-09-09"}],"version":1},"type":"Feature"},{"geometry":{"coordinates":[-86.8663341,35.9134149],"type":"Point"},"id":"28c07eb1-6a90-4874-be3b-67e1bd4fc444","properties":{"id":"28c07eb1-6a90-4874-be3b-67e1bd4fc444","sources":[{"dataset":"OpenStreetMap","license":"ODbL-1.0","property":"","provider":"osm","record_id":"n6690373622@1","resource":"planet","update_time":"2019-08-07T07:26:54Z","version":"2026-09-09"}],"version":1},"type":"Feature"},{"geometry":{"coordinates":[-86.8664148,35.9134965],"type":"Point"},"id":"44e70018-1767-44f6-bc7e-3361e6b69e10","properties":{"id":"44e70018-1767-44f6-bc7e-3361e6b69e10","sources":[{"dataset":"OpenStreetMap","license":"ODbL-1.0","property":"","provider":"osm","record_id":"n6690373626@1","resource":"planet","update_time":"2019-08-07T07:26:54Z","version":"2026-09-09"}],"version":1},"type":"Feature"},{"geometry":{"coordinates":[-86.8665444,35.9136111],"type":"Point"},"id":"53b5f180-81a6-4492-ad03-0b62823d0337","properties":{"id":"53b5f180-81a6-4492-ad03-0b62823d0337","sources":[{"dataset":"OpenStreetMap","license":"ODbL-1.0","property":"","provider":"osm","record_id":"n6690373625@1","resource":"planet","update_time":"2019-08-07T07:26:54Z","version":"2026-09-09"}],"version":1},"type":"Feature"},{"geometry":{"coordinates":[-86.8665836,35.9144048],"type":"Point"},"id":"69fb3d62-f097-42da-a04e-701f300f3eb8","properties":{"id":"69fb3d62-f097-42da-a04e-701f300f3eb8","sources":[{"dataset":"OpenStreetMap","license":"ODbL-1.0","property":"","provider":"osm","record_id":"n7174030922@1","resource":"planet","update_time":"2020-01-31T04:53:47Z","version":"2026-09-09"}],"version":1},"type":"Feature"},{"geometry":{"coordinates":[-86.8667837,35.9148794],"type":"Point"},"id":"92c01182-527f-4fe1-93fd-38d016f75236","properties":{"id":"92c01182-527f-4fe1-93fd-38d016f75236","sources":[{"dataset":"OpenStreetMap","license":"ODbL-1.0","property":"","provider":"osm","record_id":"n205263846@3","resource":"planet","update_time":"2009-10-16T12:42:36Z","version":"2026-09-09"}],"version":1},"type":"Feature"},{"geometry":{"coordinates":[-86.8663972,35.9148132],"type":"Point"},"id":"38e2c045-58f6-49ad-87d2-23dad79013ff","properties":{"id":"38e2c045-58f6-49ad-87d2-23dad79013ff","sources":[{"dataset":"OpenStreetMap","license":"ODbL-1.0","property":"","provider":"osm","record_id":"n7174030921@1","resource":"planet","update_time":"2020-01-31T04:53:47Z","version":"2026-09-09"}],"version":1},"type":"Feature"},{"geometry":{"coordinates":[-86.8654093,35.9143866],"type":"Point"},"id":"9d5cd77e-1a86-473f-9cfc-76f0ddb4d63f","properties":{"id":"9d5cd77e-1a86-473f-9cfc-76f0ddb4d63f","sources":[{"dataset":"OpenStreetMap","license":"ODbL-1.0","property":"","provider":"osm","record_id":"n7724553367@1","resource":"planet","update_time":"2020-07-17T14:30:29Z","version":"2026-09-09"}],"version":1},"type":"Feature"},{"geometry":{"coordinates":[-86.8654019,35.9146261],"type":"Point"},"id":"4ff78bc4-7810-4662-b084-3489b9e90134","properties":{"id":"4ff78bc4-7810-4662-b084-3489b9e90134","sources":[{"dataset":"OpenStreetMap","license":"ODbL-1.0","property":"","provider":"osm","record_id":"n6690373609@2","resource":"planet","update_time":"2020-07-17T14:30:29Z","version":"2026-09-09"}],"version":1},"type":"Feature"},{"geometry":{"coordinates":[-86.8648042,35.9142862],"type":"Point"},"id":"ac699f46-7f83-4439-9387-f1cc315e03f9","properties":{"id":"ac699f46-7f83-4439-9387-f1cc315e03f9","sources":[{"dataset":"OpenStreetMap","license":"ODbL-1.0","property":"","provider":"osm","record_id":"n7724553371@1","resource":"planet","update_time":"2020-07-17T14:30:29Z","version":"2026-09-09"}],"version":1},"type":"Feature"},{"geometry":{"coordinates":[-86.8655618,35.913261],"type":"Point"},"id":"aba147f3-7c1c-4b68-a73f-c351d79ec66b","properties":{"id":"aba147f3-7c1c-4b68-a73f-c351d79ec66b","sources":[{"dataset":"OpenStreetMap","license":"ODbL-1.0","property":"","provider":"osm","record_id":"n6690373629@1","resource":"planet","update_time":"2019-08-07T07:26:54Z","version":"2026-09-09"}],"version":1},"type":"Feature"},{"geometry":{"coordinates":[-86.8661464,35.9128978],"type":"Point"},"id":"6fa46199-9cbf-4c42-a798-594610b8b968","properties":{"id":"6fa46199-9cbf-4c42-a798-594610b8b968","sources":[{"dataset":"OpenStreetMap","license":"ODbL-1.0","property":"","provider":"osm","record_id":"n7937604388@1","resource":"planet","update_time":"2020-09-24T11:50:17Z","version":"2026-09-09"}],"version":1},"type":"Feature"},{"geometry":{"coordinates":[-86.867261,35.9125253],"type":"Point"},"id":"9397df4b-ea35-4108-990a-cc2a209e28c3","properties":{"id":"9397df4b-ea35-4108-990a-cc2a209e28c3","sources":[{"dataset":"OpenStreetMap","license":"ODbL-1.0","property":"","provider":"osm","record_id":"n6690373611@1","resource":"planet","update_time":"2019-08-07T07:26:54Z","version":"2026-09-09"}],"version":1},"type":"Feature"},{"geometry":{"coordinates":[-86.8624042,35.9122806],"type":"Point"},"id":"c40b3817-ccf9-4244-ac08-facdfeb7dedf","properties":{"id":"c40b3817-ccf9-4244-ac08-facdfeb7dedf","sources":[{"dataset":"OpenStreetMap","license":"ODbL-1.0","property":"","provider":"osm","record_id":"n7019652621@1","resource":"planet","update_time":"2019-11-29T13:52:16Z","version":"2026-09-09"}],"version":1},"type":"Feature"},{"geometry":{"coordinates":[-86.8633051,35.9127761],"type":"Point"},"id":"9c45c637-25c7-4fbe-9cd1-b95f3d0303c4","properties":{"id":"9c45c637-25c7-4fbe-9cd1-b95f3d0303c4","sources":[{"dataset":"OpenStreetMap","license":"ODbL-1.0","property":"","provider":"osm","record_id":"n7019652617@1","resource":"planet","update_time":"2019-11-29T13:52:16Z","version":"2026-09-09"}],"version":1},"type":"Feature"},{"geometry":{"coordinates":[-86.8633923,35.9127896],"type":"Point"},"id":"fb5df967-af81-442c-9050-67e6d689ece4","properties":{"id":"fb5df967-af81-442c-9050-67e6d689ece4","sources":[{"dataset":"OpenStreetMap","license":"ODbL-1.0","property":"","provider":"osm","record_id":"n7019652616@1","resource":"planet","update_time":"2019-11-29T13:52:16Z","version":"2026-09-09"}],"version":1},"type":"Feature"},{"geometry":{"coordinates":[-86.8631436,35.9132917],"type":"Point"},"id":"08db3687-eddd-401e-95f6-6b62d6fe5aa5","properties":{"id":"08db3687-eddd-401e-95f6-6b62d6fe5aa5","sources":[{"dataset":"OpenStreetMap","license":"ODbL-1.0","property":"","provider":"osm","record_id":"n3588522609@2","resource":"planet","update_time":"2015-12-18T16:06:02Z","version":"2026-09-09"}],"version":1},"type":"Feature"},{"geometry":{"coordinates":[-86.8633328,35.9134605],"type":"Point"},"id":"00e18f8f-dfd6-4821-9a91-5e6e5ba33c36","properties":{"id":"00e18f8f-dfd6-4821-9a91-5e6e5ba33c36","sources":[{"dataset":"OpenStreetMap","license":"ODbL-1.0","property":"","provider":"osm","record_id":"n205263842@4","resource":"planet","update_time":"2015-06-11T21:42:01Z","version":"2026-09-09"}],"version":1},"type":"Feature"},{"geometry":{"coordinates":[-86.8599291,35.9148592],"type":"Point"},"id":"2e06f7b3-f2a2-43ba-a89f-d5e4b308ce60","properties":{"id":"2e06f7b3-f2a2-43ba-a89f-d5e4b308ce60","sources":[{"dataset":"OpenStreetMap","license":"ODbL-1.0","property":"","provider":"osm","record_id":"n7189164875@1","resource":"planet","update_time":"2020-02-06T02:57:15Z","version":"2026-09-09"}],"version":1},"type":"Feature"},{"geometry":{"coordinates":[-86.8593981,35.9147736],"type":"Point"},"id":"e40672da-1e21-4cea-9c7a-2ca3843e3a8f","properties":{"id":"e40672da-1e21-4cea-9c7a-2ca3843e3a8f","sources":[{"dataset":"OpenStreetMap","license":"ODbL-1.0","property":"","provider":"osm","record_id":"n8486241580@1","resource":"planet","update_time":"2021-03-04T14:40:14Z","version":"2026-09-09"}],"version":1},"type":"Feature"},{"geometry":{"coordinates":[-86.8583295,35.9148643],"type":"Point"},"id":"594b7c10-a0fd-4bf6-b005-1150058ee52b","properties":{"id":"594b7c10-a0fd-4bf6-b005-1150058ee52b","sources":[{"dataset":"OpenStreetMap","license":"ODbL-1.0","property":"","provider":"osm","record_id":"n205286191@4","resource":"planet","update_time":"2013-09-26T22:06:48Z","version":"2026-09-09"}],"version":1},"type":"Feature"},{"geometry":{"coordinates":[-86.8582855,35.9151004],"type":"Point"},"id":"5bf85754-361c-4571-b43d-aedc9baea3d0","properties":{"id":"5bf85754-361c-4571-b43d-aedc9baea3d0","sources":[{"dataset":"OpenStreetMap","license":"ODbL-1.0","property":"","provider":"osm","record_id":"n2472815216@1","resource":"planet","update_time":"2013-09-26T22:06:34Z","version":"2026-09-09"}],"version":1},"type":"Feature"},{"geometry":{"coordinates":[-86.8584759,35.9140486],"type":"Point"},"id":"31c3e3cd-94dc-40d0-991c-0c31b108877e","properties":{"id":"31c3e3cd-94dc-40d0-991c-0c31b108877e","sources":[{"dataset":"OpenStreetMap","license":"ODbL-1.0","property":"","provider":"osm","record_id":"n2472815203@1","resource":"planet","update_time":"2013-09-26T22:06:34Z","version":"2026-09-09"}],"version":1},"type":"Feature"},{"geometry":{"coordinates":[-86.8584794,35.9138505],"type":"Point"},"id":"4bc8de13-609f-45ed-bc15-723812d0ef91","properties":{"id":"4bc8de13-609f-45ed-bc15-723812d0ef91","sources":[{"dataset":"OpenStreetMap","license":"ODbL-1.0","property":"","provider":"osm","record_id":"n205286004@5","resource":"planet","update_time":"2013-09-26T22:06:48Z","version":"2026-09-09"}],"version":1},"type":"Feature"},{"geometry":{"coordinates":[-86.8563829,35.9121579],"type":"Point"},"id":"736a5345-c4d4-415f-8870-0cc98effb5bb","properties":{"id":"736a5345-c4d4-415f-8870-0cc98effb5bb","sources":[{"dataset":"OpenStreetMap","license":"ODbL-1.0","property":"","provider":"osm","record_id":"n205274991@5","resource":"planet","update_time":"2013-09-26T22:06:48Z","version":"2026-09-09"}],"version":1},"type":"Feature"},{"geometry":{"coordinates":[-86.8559043,35.9120345],"type":"Point"},"id":"62c6c2f5-ccb2-4c74-94a9-0cbfefd5fd82","properties":{"id":"62c6c2f5-ccb2-4c74-94a9-0cbfefd5fd82","sources":[{"dataset":"OpenStreetMap","license":"ODbL-1.0","property":"","provider":"osm","record_id":"n205286200@5","resource":"planet","update_time":"2013-09-26T22:06:48Z","version":"2026-09-09"}],"version":1},"type":"Feature"},{"geometry":{"coordinates":[-86.8572818,35.9125204],"type":"Point"},"id":"e7825f4d-7521-4b57-adc4-3795c95390c1","properties":{"id":"e7825f4d-7521-4b57-adc4-3795c95390c1","sources":[{"dataset":"OpenStreetMap","license":"ODbL-1.0","property":"","provider":"osm","record_id":"n2472815191@1","resource":"planet","update_time":"2013-09-26T22:06:34Z","version":"2026-09-09"}],"version":1},"type":"Feature"},{"geometry":{"coordinates":[-86.8571038,35.9124203],"type":"Point"},"id":"552e0509-15f2-4f8e-bdcb-da36b80a8a07","properties":{"id":"552e0509-15f2-4f8e-bdcb-da36b80a8a07","sources":[{"dataset":"OpenStreetMap","license":"ODbL-1.0","property":"","provider":"osm","record_id":"n204144532@5","resource":"planet","update_time":"2013-09-26T22:06:47Z","version":"2026-09-09"}],"version":1},"type":"Feature"},{"geometry":{"coordinates":[-86.8566085,35.9122226],"type":"Point"},"id":"cab088f0-afe3-432b-a657-13eea836e38a","properties":{"id":"cab088f0-afe3-432b-a657-13eea836e38a","sources":[{"dataset":"OpenStreetMap","license":"ODbL-1.0","property":"","provider":"osm","record_id":"n2472815190@1","resource":"planet","update_time":"2013-09-26T22:06:34Z","version":"2026-09-09"}],"version":1},"type":"Feature"},{"geometry":{"coordinates":[-86.857979,35.912237],"type":"Point"},"id":"fef3b6c5-af68-4378-901f-b3cc5365d8e9","properties":{"id":"fef3b6c5-af68-4378-901f-b3cc5365d8e9","sources":[{"dataset":"OpenStreetMap","license":"ODbL-1.0","property":"","provider":"osm","record_id":"n204118242@2","resource":"planet","update_time":"2009-10-16T12:35:20Z","version":"2026-09-09"}],"version":1},"type":"Feature"},{"geometry":{"coordinates":[-86.8576232,35.9127123],"type":"Point"},"id":"5dfc5bbe-85af-471f-93aa-59553235dc1e","properties":{"id":"5dfc5bbe-85af-471f-93aa-59553235dc1e","sources":[{"dataset":"OpenStreetMap","license":"ODbL-1.0","property":"","provider":"osm","record_id":"n204118237@4","resource":"planet","update_time":"2009-10-16T12:35:20Z","version":"2026-09-09"}],"version":1},"type":"Feature"},{"geometry":{"coordinates":[-86.855845,35.9145447],"type":"Point"},"id":"ea6b54ca-61d4-424c-8fe1-26e9bdf90a22","properties":{"id":"ea6b54ca-61d4-424c-8fe1-26e9bdf90a22","sources":[{"dataset":"OpenStreetMap","license":"ODbL-1.0","property":"","provider":"osm","record_id":"n204130367@4","resource":"planet","update_time":"2014-12-17T23:30:02Z","version":"2026-09-09"}],"version":1},"type":"Feature"},{"geometry":{"coordinates":[-86.8561792,35.9149971],"type":"Point"},"id":"d5e804a3-2ce6-416f-9291-384bd308e886","properties":{"id":"d5e804a3-2ce6-416f-9291-384bd308e886","sources":[{"dataset":"OpenStreetMap","license":"ODbL-1.0","property":"","provider":"osm","record_id":"n204114098@5","resource":"planet","update_time":"2014-12-17T23:30:00Z","version":"2026-09-09"}],"version":1},"type":"Feature"},{"geometry":{"coordinates":[-86.8552542,35.9136438],"type":"Point"},"id":"1113973b-b3b5-423a-8e6e-d03027bee897","properties":{"id":"1113973b-b3b5-423a-8e6e-d03027bee897","sources":[{"dataset":"OpenStreetMap","license":"ODbL-1.0","property":"","provider":"osm","record_id":"n204122105@4","resource":"planet","update_time":"2014-12-17T23:30:01Z","version":"2026-09-09"}],"version":1},"type":"Feature"},{"geometry":{"coordinates":[-86.8565001,35.9137792],"type":"Point"},"id":"5a5b31e8-728f-41f0-864a-3832fd991edf","properties":{"id":"5a5b31e8-728f-41f0-864a-3832fd991edf","sources":[{"dataset":"OpenStreetMap","license":"ODbL-1.0","property":"","provider":"osm","record_id":"n204114124@4","resource":"planet","update_time":"2014-12-17T23:30:00Z","version":"2026-09-09"}],"version":1},"type":"Feature"},{"geometry":{"coordinates":[-86.8842603,35.9283893],"type":"Point"},"id":"28a57ac3-c938-46c2-ae69-a2c703915947","properties":{"id":"28a57ac3-c938-46c2-ae69-a2c703915947","sources":[{"dataset":"OpenStreetMap","license":"ODbL-1.0","property":"","provider":"osm","record_id":"n3523997010@1","resource":"planet","update_time":"2015-05-17T17:52:53Z","version":"2026-09-09"}],"version":1},"type":"Feature"},{"geometry":{"coordinates":[-86.8841506,35.9283785],"type":"Point"},"id":"97126855-acf4-4faf-be0c-d8f8df7c64a4","properties":{"id":"97126855-acf4-4faf-be0c-d8f8df7c64a4","sources":[{"dataset":"OpenStreetMap","license":"ODbL-1.0","property":"","provider":"osm","record_id":"n7937789316@1","resource":"planet","update_time":"2020-09-24T12:32:04Z","version":"2026-09-09"}],"version":1},"type":"Feature"},{"geometry":{"coordinates":[-86.8842354,35.9282588],"type":"Point"},"id":"9c862a93-c389-4ac4-8fb4-69572f4b3577","properties":{"id":"9c862a93-c389-4ac4-8fb4-69572f4b3577","sources":[{"dataset":"OpenStreetMap","license":"ODbL-1.0","property":"","provider":"osm","record_id":"n3523996678@1","resource":"planet","update_time":"2015-05-17T17:52:52Z","version":"2026-09-09"}],"version":1},"type":"Feature"},{"geometry":{"coordinates":[-86.8842702,35.9280601],"type":"Point"},"id":"a065219c-a750-47b6-9cad-776fa18f1cdc","properties":{"id":"a065219c-a750-47b6-9cad-776fa18f1cdc","sources":[{"dataset":"OpenStreetMap","license":"ODbL-1.0","property":"","provider":"osm","record_id":"n3523996680@1","resource":"planet","update_time":"2015-05-17T17:52:52Z","version":"2026-09-09"}],"version":1},"type":"Feature"},{"geometry":{"coordinates":[-86.8839909,35.9280287],"type":"Point"},"id":"5dfa8925-9987-4106-ae28-e278d8697a37","properties":{"id":"5dfa8925-9987-4106-ae28-e278d8697a37","sources":[{"dataset":"OpenStreetMap","license":"ODbL-1.0","property":"","provider":"osm","record_id":"n3523996679@1","resource":"planet","update_time":"2015-05-17T17:52:52Z","version":"2026-09-09"}],"version":1},"type":"Feature"},{"geometry":{"coordinates":[-86.8839925,35.928187],"type":"Point"},"id":"dbcd96f9-eb3b-4f8e-a42d-9e45324f109f","properties":{"id":"dbcd96f9-eb3b-4f8e-a42d-9e45324f109f","sources":[{"dataset":"OpenStreetMap","license":"ODbL-1.0","property":"","provider":"osm","resource":"planet","version":"2026-09-09"}],"version":1},"type":"Feature"},{"geometry":{"coordinates":[-86.883985,35.9281865],"type":"Point"},"id":"489323d9-363f-454a-b8da-d0af3c168fc9","properties":{"id":"489323d9-363f-454a-b8da-d0af3c168fc9","sources":[{"dataset":"OpenStreetMap","license":"ODbL-1.0","property":"","provider":"osm","resource":"planet","version":"2026-09-09"}],"version":1},"type":"Feature"},{"geometry":{"coordinates":[-86.8839658,35.9282338],"type":"Point"},"id":"8e688efd-3e63-4d09-bece-eccf2d48ce02","properties":{"id":"8e688efd-3e63-4d09-bece-eccf2d48ce02","sources":[{"dataset":"OpenStreetMap","license":"ODbL-1.0","property":"","provider":"osm","record_id":"n3523996677@1","resource":"planet","update_time":"2015-05-17T17:52:52Z","version":"2026-09-09"}],"version":1},"type":"Feature"},{"geometry":{"coordinates":[-86.8839806,35.9282352],"type":"Point"},"id":"e6a96b3c-791e-43f1-938c-c1f7c07d7708","properties":{"id":"e6a96b3c-791e-43f1-938c-c1f7c07d7708","sources":[{"dataset":"OpenStreetMap","license":"ODbL-1.0","property":"","provider":"osm","resource":"planet","version":"2026-09-09"}],"version":1},"type":"Feature"},{"geometry":{"coordinates":[-86.8840172,35.9278048],"type":"Point"},"id":"1359ac01-7a1a-434c-8102-ce240f55d199","properties":{"id":"1359ac01-7a1a-434c-8102-ce240f55d199","sources":[{"dataset":"OpenStreetMap","license":"ODbL-1.0","property":"","provider":"osm","record_id":"n3523996681@1","resource":"planet","update_time":"2015-05-17T17:52:52Z","version":"2026-09-09"}],"version":1},"type":"Feature"},{"geometry":{"coordinates":[-86.884062,35.9274176],"type":"Point"},"id":"61bf0aa2-dc45-4338-8a07-d421bb19618d","properties":{"id":"61bf0aa2-dc45-4338-8a07-d421bb19618d","sources":[{"dataset":"OpenStreetMap","license":"ODbL-1.0","property":"","provider":"osm","record_id":"n5376535502@1","resource":"planet","update_time":"2018-01-31T20:47:24Z","version":"2026-09-09"}],"version":1},"type":"Feature"},{"geometry":{"coordinates":[-86.8839967,35.9274106],"type":"Point"},"id":"bb13d725-d4a2-4f53-96fb-39304f2faaaa","properties":{"id":"bb13d725-d4a2-4f53-96fb-39304f2faaaa","sources":[{"dataset":"OpenStreetMap","license":"ODbL-1.0","property":"","provider":"osm","record_id":"n3523997011@1","resource":"planet","update_time":"2015-05-17T17:52:53Z","version":"2026-09-09"}],"version":1},"type":"Feature"},{"geometry":{"coordinates":[-86.8844408,35.9274579],"type":"Point"},"id":"274e2540-48b7-4234-82e9-c9e9e5fffb40","properties":{"id":"274e2540-48b7-4234-82e9-c9e9e5fffb40","sources":[{"dataset":"OpenStreetMap","license":"ODbL-1.0","property":"","provider":"osm","record_id":"n3523997012@1","resource":"planet","update_time":"2015-05-17T17:52:53Z","version":"2026-09-09"}],"version":1},"type":"Feature"},{"geometry":{"coordinates":[-86.8843875,35.9274522],"type":"Point"},"id":"ced747fe-9e7c-4f95-ac9e-f4d9da349665","properties":{"id":"ced747fe-9e7c-4f95-ac9e-f4d9da349665","sources":[{"dataset":"OpenStreetMap","license":"ODbL-1.0","property":"","provider":"osm","record_id":"n3523996688@2","resource":"planet","update_time":"2018-01-31T20:47:24Z","version":"2026-09-09"}],"version":1},"type":"Feature"},{"geometry":{"coordinates":[-86.884185,35.9266147],"type":"Point"},"id":"183cae71-0a63-4cb1-8805-31a716d63442","properties":{"id":"183cae71-0a63-4cb1-8805-31a716d63442","sources":[{"dataset":"OpenStreetMap","license":"ODbL-1.0","property":"","provider":"osm","record_id":"n7940765649@1","resource":"planet","update_time":"2020-09-25T03:37:38Z","version":"2026-09-09"}],"version":1},"type":"Feature"},{"geometry":{"coordinates":[-86.8841532,35.9268233],"type":"Point"},"id":"ace3b428-c9dd-4289-a8cf-c216d5464623","properties":{"id":"ace3b428-c9dd-4289-a8cf-c216d5464623","sources":[{"dataset":"OpenStreetMap","license":"ODbL-1.0","property":"","provider":"osm","record_id":"n3523996996@1","resource":"planet","update_time":"2015-05-17T17:52:52Z","version":"2026-09-09"}],"version":1},"type":"Feature"},{"geometry":{"coordinates":[-86.8840931,35.9272176],"type":"Point"},"id":"61c178ce-b3c4-4fab-aefd-d1440e2dad10","properties":{"id":"61c178ce-b3c4-4fab-aefd-d1440e2dad10","sources":[{"dataset":"OpenStreetMap","license":"ODbL-1.0","property":"","provider":"osm","record_id":"n204108089@5","resource":"planet","update_time":"2015-05-17T17:52:56Z","version":"2026-09-09"}],"version":1},"type":"Feature"},{"geometry":{"coordinates":[-86.8837117,35.9265516],"type":"Point"},"id":"7efa0a62-8bbc-455b-9651-9266c397e761","properties":{"id":"7efa0a62-8bbc-455b-9651-9266c397e761","sources":[{"dataset":"OpenStreetMap","license":"ODbL-1.0","property":"","provider":"osm","record_id":"n7940765652@1","resource":"planet","update_time":"2020-09-25T03:37:38Z","version":"2026-09-09"}],"version":1},"type":"Feature"},{"geometry":{"coordinates":[-86.8823004,35.9266339],"type":"Point"},"id":"4c1b3814-23a5-4350-8da3-bfeef3d93ad2","properties":{"id":"4c1b3814-23a5-4350-8da3-bfeef3d93ad2","sources":[{"dataset":"OpenStreetMap","license":"ODbL-1.0","property":"","provider":"osm","record_id":"n6694312393@1","resource":"planet","update_time":"2019-08-08T08:35:38Z","version":"2026-09-09"}],"version":1},"type":"Feature"},{"geometry":{"coordinates":[-86.8825615,35.9266917],"type":"Point"},"id":"2b2d49a3-1209-4092-8b73-214fc511bffa","properties":{"id":"2b2d49a3-1209-4092-8b73-214fc511bffa","sources":[{"dataset":"OpenStreetMap","license":"ODbL-1.0","property":"","provider":"osm","record_id":"n6694312392@1","resource":"planet","update_time":"2019-08-08T08:35:38Z","version":"2026-09-09"}],"version":1},"type":"Feature"},{"geometry":{"coordinates":[-86.8825378,35.9268182],"type":"Point"},"id":"86f2ce91-3f19-4757-8019-8905b15a41fe","properties":{"id":"86f2ce91-3f19-4757-8019-8905b15a41fe","sources":[{"dataset":"OpenStreetMap","license":"ODbL-1.0","property":"","provider":"osm","record_id":"n6694312398@1","resource":"planet","update_time":"2019-08-08T08:35:38Z","version":"2026-09-09"}],"version":1},"type":"Feature"},{"geometry":{"coordinates":[-86.8816792,35.9267111],"type":"Point"},"id":"ed0c7e79-c45f-4791-9292-56814fa5e895","properties":{"id":"ed0c7e79-c45f-4791-9292-56814fa5e895","sources":[{"dataset":"OpenStreetMap","license":"ODbL-1.0","property":"","provider":"osm","record_id":"n6694294678@1","resource":"planet","update_time":"2019-08-08T08:35:38Z","version":"2026-09-09"}],"version":1},"type":"Feature"},{"geometry":{"coordinates":[-86.88156,35.9266131],"type":"Point"},"id":"e90ec5a9-5f98-4133-8c86-4a17aabec1ff","properties":{"id":"e90ec5a9-5f98-4133-8c86-4a17aabec1ff","sources":[{"dataset":"OpenStreetMap","license":"ODbL-1.0","property":"","provider":"osm","record_id":"n6694294683@1","resource":"planet","update_time":"2019-08-08T08:35:38Z","version":"2026-09-09"}],"version":1},"type":"Feature"},{"geometry":{"coordinates":[-86.8815055,35.9265456],"type":"Point"},"id":"1cfeea85-282d-4b00-ac47-80529679ac60","properties":{"id":"1cfeea85-282d-4b00-ac47-80529679ac60","sources":[{"dataset":"OpenStreetMap","license":"ODbL-1.0","property":"","provider":"osm","record_id":"n6694294677@1","resource":"planet","update_time":"2019-08-08T08:35:38Z","version":"2026-09-09"}],"version":1},"type":"Feature"},{"geometry":{"coordinates":[-86.8809469,35.9265526],"type":"Point"},"id":"84239f82-b558-44e6-8f7e-6deb898164be","properties":{"id":"84239f82-b558-44e6-8f7e-6deb898164be","sources":[{"dataset":"OpenStreetMap","license":"ODbL-1.0","property":"","provider":"osm","record_id":"n6694294680@1","resource":"planet","update_time":"2019-08-08T08:35:38Z","version":"2026-09-09"}],"version":1},"type":"Feature"},{"geometry":{"coordinates":[-86.8806069,35.9269034],"type":"Point"},"id":"d243d880-4ced-4a0a-89b9-ebdd1880a452","properties":{"id":"d243d880-4ced-4a0a-89b9-ebdd1880a452","sources":[{"dataset":"OpenStreetMap","license":"ODbL-1.0","property":"","provider":"osm","record_id":"n1231697254@1","resource":"planet","update_time":"2011-04-03T23:23:48Z","version":"2026-09-09"}],"version":1},"type":"Feature"},{"geometry":{"coordinates":[-86.8798978,35.9269697],"type":"Point"},"id":"cdab435d-3552-4949-bfbe-c40b71fab5a1","properties":{"id":"cdab435d-3552-4949-bfbe-c40b71fab5a1","sources":[{"dataset":"OpenStreetMap","license":"ODbL-1.0","property":"","provider":"osm","record_id":"n6694312401@1","resource":"planet","update_time":"2019-08-08T08:35:38Z","version":"2026-09-09"}],"version":1},"type":"Feature"},{"geometry":{"coordinates":[-86.8816282,35.9269559],"type":"Point"},"id":"6bda4193-dda0-4fa9-90ee-9ecaf78353fe","properties":{"id":"6bda4193-dda0-4fa9-90ee-9ecaf78353fe","sources":[{"dataset":"OpenStreetMap","license":"ODbL-1.0","property":"","provider":"osm","record_id":"n6694312396@1","resource":"planet","update_time":"2019-08-08T08:35:38Z","version":"2026-09-09"}],"version":1},"type":"Feature"},{"geometry":{"coordinates":[-86.8824947,35.9270479],"type":"Point"},"id":"84ac44a1-f879-4623-b3e5-6aa150b7c448","properties":{"id":"84ac44a1-f879-4623-b3e5-6aa150b7c448","sources":[{"dataset":"OpenStreetMap","license":"ODbL-1.0","property":"","provider":"osm","record_id":"n6694312389@1","resource":"planet","update_time":"2019-08-08T08:35:38Z","version":"2026-09-09"}],"version":1},"type":"Feature"},{"geometry":{"coordinates":[-86.882524,35.927912],"type":"Point"},"id":"6fefd513-fc38-44d1-b48d-83cc43900f0d","properties":{"id":"6fefd513-fc38-44d1-b48d-83cc43900f0d","sources":[{"dataset":"OpenStreetMap","license":"ODbL-1.0","property":"","provider":"osm","record_id":"n3459228067@1","resource":"planet","update_time":"2015-04-16T11:57:38Z","version":"2026-09-09"}],"version":1},"type":"Feature"},{"geometry":{"coordinates":[-86.8810573,35.927738],"type":"Point"},"id":"2ab5ad80-82e7-433a-9d87-0c460f9c1cc1","properties":{"id":"2ab5ad80-82e7-433a-9d87-0c460f9c1cc1","sources":[{"dataset":"OpenStreetMap","license":"ODbL-1.0","property":"","provider":"osm","record_id":"n3459228065@1","resource":"planet","update_time":"2015-04-16T11:57:38Z","version":"2026-09-09"}],"version":1},"type":"Feature"},{"geometry":{"coordinates":[-86.8766976,35.9272313],"type":"Point"},"id":"eeab5ec6-b685-4255-90b4-71b0eee5a773","properties":{"id":"eeab5ec6-b685-4255-90b4-71b0eee5a773","sources":[{"dataset":"OpenStreetMap","license":"ODbL-1.0","property":"","provider":"osm","record_id":"n8741060832@1","resource":"planet","update_time":"2021-05-18T04:08:58Z","version":"2026-09-09"}],"version":1},"type":"Feature"},{"geometry":{"coordinates":[-86.876867,35.9272166],"type":"Point"},"id":"7a7a2051-9758-4ee5-b1a5-fc3169c1442c","properties":{"id":"7a7a2051-9758-4ee5-b1a5-fc3169c1442c","sources":[{"dataset":"OpenStreetMap","license":"ODbL-1.0","property":"","provider":"osm","record_id":"n204103875@5","resource":"planet","update_time":"2020-02-19T09:37:29Z","version":"2026-09-09"}],"version":1},"type":"Feature"},{"geometry":{"coordinates":[-86.8774295,35.9271708],"type":"Point"},"id":"1cda9874-8618-4aaf-9ea6-961bba992bbf","properties":{"id":"1cda9874-8618-4aaf-9ea6-961bba992bbf","sources":[{"dataset":"OpenStreetMap","license":"ODbL-1.0","property":"","provider":"osm","record_id":"n7941025870@1","resource":"planet","update_time":"2020-09-25T06:03:11Z","version":"2026-09-09"}],"version":1},"type":"Feature"},{"geometry":{"coordinates":[-86.878369,35.9270942],"type":"Point"},"id":"b434e92a-9ca6-4402-b303-d2764de4c141","properties":{"id":"b434e92a-9ca6-4402-b303-d2764de4c141","sources":[{"dataset":"OpenStreetMap","license":"ODbL-1.0","property":"","provider":"osm","record_id":"n7941025855@1","resource":"planet","update_time":"2020-09-25T06:03:11Z","version":"2026-09-09"}],"version":1},"type":"Feature"},{"geometry":{"coordinates":[-86.8794609,35.9265651],"type":"Point"},"id":"da230952-3c4a-4879-8cb3-3d67833876b4","properties":{"id":"da230952-3c4a-4879-8cb3-3d67833876b4","sources":[{"dataset":"OpenStreetMap","license":"ODbL-1.0","property":"","provider":"osm","record_id":"n6694312404@1","resource":"planet","update_time":"2019-08-08T08:35:38Z","version":"2026-09-09"}],"version":1},"type":"Feature"},{"geometry":{"coordinates":[-86.8767666,35.9266005],"type":"Point"},"id":"e732597c-723c-45c4-853d-22f7f6090b5f","properties":{"id":"e732597c-723c-45c4-853d-22f7f6090b5f","sources":[{"dataset":"OpenStreetMap","license":"ODbL-1.0","property":"","provider":"osm","record_id":"n204119194@4","resource":"planet","update_time":"2015-07-08T20:11:08Z","version":"2026-09-09"}],"version":1},"type":"Feature"},{"geometry":{"coordinates":[-86.8744811,35.9269849],"type":"Point"},"id":"67cdf82e-1cec-4ff0-94d8-3a6086614fd3","properties":{"id":"67cdf82e-1cec-4ff0-94d8-3a6086614fd3","sources":[{"dataset":"OpenStreetMap","license":"ODbL-1.0","property":"","provider":"osm","record_id":"n12339800389@1","resource":"planet","update_time":"2024-11-14T17:50:32Z","version":"2026-09-09"}],"version":1},"type":"Feature"},{"geometry":{"coordinates":[-86.8739053,35.9271017],"type":"Point"},"id":"0f951dfa-768d-456d-be79-482fc05f3ade","properties":{"id":"0f951dfa-768d-456d-be79-482fc05f3ade","sources":[{"dataset":"OpenStreetMap","license":"ODbL-1.0","property":"","provider":"osm","record_id":"n8741060828@1","resource":"planet","update_time":"2021-05-18T04:08:58Z","version":"2026-09-09"}],"version":1},"type":"Feature"},{"geometry":{"coordinates":[-86.8738385,35.9270157],"type":"Point"},"id":"18f00d16-5727-4aea-89ba-ec7cf41a763a","properties":{"id":"18f00d16-5727-4aea-89ba-ec7cf41a763a","sources":[{"dataset":"OpenStreetMap","license":"ODbL-1.0","property":"","provider":"osm","record_id":"n205285864@5","resource":"planet","update_time":"2018-02-25T19:13:10Z","version":"2026-09-09"}],"version":1},"type":"Feature"},{"geometry":{"coordinates":[-86.8740892,35.9270167],"type":"Point"},"id":"9e26ed9c-c686-4c23-88f0-adf2de56182d","properties":{"id":"9e26ed9c-c686-4c23-88f0-adf2de56182d","sources":[{"dataset":"OpenStreetMap","license":"ODbL-1.0","property":"","provider":"osm","record_id":"n8741060829@1","resource":"planet","update_time":"2021-05-18T04:08:58Z","version":"2026-09-09"}],"version":1},"type":"Feature"},{"geometry":{"coordinates":[-86.8746328,35.9267521],"type":"Point"},"id":"30f54827-b3d6-46c2-82dc-52bb0df3ca23","properties":{"id":"30f54827-b3d6-46c2-82dc-52bb0df3ca23","sources":[{"dataset":"OpenStreetMap","license":"ODbL-1.0","property":"","provider":"osm","record_id":"n12339800387@1","resource":"planet","update_time":"2024-11-14T17:50:32Z","version":"2026-09-09"}],"version":1},"type":"Feature"},{"geometry":{"coordinates":[-86.8738047,35.9265864],"type":"Point"},"id":"7b915c53-a187-48a5-83c2-86b8c82186d7","properties":{"id":"7b915c53-a187-48a5-83c2-86b8c82186d7","sources":[{"dataset":"OpenStreetMap","license":"ODbL-1.0","property":"","provider":"osm","record_id":"n12339849304@1","resource":"planet","update_time":"2024-11-14T17:50:32Z","version":"2026-09-09"}],"version":1},"type":"Feature"},{"geometry":{"coordinates":[-86.8737699,35.9266027],"type":"Point"},"id":"cf059a10-b987-410f-9711-1a50962b7508","properties":{"id":"cf059a10-b987-410f-9711-1a50962b7508","sources":[{"dataset":"OpenStreetMap","license":"ODbL-1.0","property":"","provider":"osm","record_id":"n8741060830@1","resource":"planet","update_time":"2021-05-18T04:08:58Z","version":"2026-09-09"}],"version":1},"type":"Feature"},{"geometry":{"coordinates":[-86.8735988,35.9266828],"type":"Point"},"id":"c7a16e19-c463-40f8-ad6f-120508784385","properties":{"id":"c7a16e19-c463-40f8-ad6f-120508784385","sources":[{"dataset":"OpenStreetMap","license":"ODbL-1.0","property":"","provider":"osm","record_id":"n8741060831@1","resource":"planet","update_time":"2021-05-18T04:08:58Z","version":"2026-09-09"}],"version":1},"type":"Feature"},{"geometry":{"coordinates":[-86.8718611,35.9267678],"type":"Point"},"id":"52086862-36e4-404f-bfa4-947e15a8614d","properties":{"id":"52086862-36e4-404f-bfa4-947e15a8614d","sources":[{"dataset":"OpenStreetMap","license":"ODbL-1.0","property":"","provider":"osm","record_id":"n6684666318@1","resource":"planet","update_time":"2019-08-05T14:09:34Z","version":"2026-09-09"}],"version":1},"type":"Feature"},{"geometry":{"coordinates":[-86.8714669,35.926971],"type":"Point"},"id":"60dbd285-a8a8-4632-bab3-59713843d669","properties":{"id":"60dbd285-a8a8-4632-bab3-59713843d669","sources":[{"dataset":"OpenStreetMap","license":"ODbL-1.0","property":"","provider":"osm","record_id":"n6684666319@1","resource":"planet","update_time":"2019-08-05T14:09:34Z","version":"2026-09-09"}],"version":1},"type":"Feature"},{"geometry":{"coordinates":[-86.8720988,35.9270884],"type":"Point"},"id":"6116d92d-c538-44c7-82bf-b37c99add39c","properties":{"id":"6116d92d-c538-44c7-82bf-b37c99add39c","sources":[{"dataset":"OpenStreetMap","license":"ODbL-1.0","property":"","provider":"osm","record_id":"n6684666325@1","resource":"planet","update_time":"2019-08-05T14:09:34Z","version":"2026-09-09"}],"version":1},"type":"Feature"},{"geometry":{"coordinates":[-86.871982,35.9269308],"type":"Point"},"id":"4af20560-7e90-47d4-aa35-5cb88f7eefaf","properties":{"id":"4af20560-7e90-47d4-aa35-5cb88f7eefaf","sources":[{"dataset":"OpenStreetMap","license":"ODbL-1.0","property":"","provider":"osm","record_id":"n6684666320@1","resource":"planet","update_time":"2019-08-05T14:09:34Z","version":"2026-09-09"}],"version":1},"type":"Feature"},{"geometry":{"coordinates":[-86.8724885,35.9276141],"type":"Point"},"id":"558879f2-5af7-4f4a-8cad-2c85bc3ad698","properties":{"id":"558879f2-5af7-4f4a-8cad-2c85bc3ad698","sources":[{"dataset":"OpenStreetMap","license":"ODbL-1.0","property":"","provider":"osm","record_id":"n204135221@4","resource":"planet","update_time":"2013-12-03T00:52:37Z","version":"2026-09-09"}],"version":1},"type":"Feature"},{"geometry":{"coordinates":[-86.8741872,35.927885],"type":"Point"},"id":"74f546af-26d3-491a-8fa2-badb8d63ddbe","properties":{"id":"74f546af-26d3-491a-8fa2-badb8d63ddbe","sources":[{"dataset":"OpenStreetMap","license":"ODbL-1.0","property":"","provider":"osm","record_id":"n7940769446@1","resource":"planet","update_time":"2020-09-25T03:42:20Z","version":"2026-09-09"}],"version":1},"type":"Feature"},{"geometry":{"coordinates":[-86.8744089,35.9277747],"type":"Point"},"id":"93e50684-b662-4717-92d4-bbdae58dae6d","properties":{"id":"93e50684-b662-4717-92d4-bbdae58dae6d","sources":[{"dataset":"OpenStreetMap","license":"ODbL-1.0","property":"","provider":"osm","record_id":"n7940769447@1","resource":"planet","update_time":"2020-09-25T03:42:20Z","version":"2026-09-09"}],"version":1},"type":"Feature"},{"geometry":{"coordinates":[-86.8745387,35.9276175],"type":"Point"},"id":"58bb81ee-acbe-4d47-989d-6df7f77da4d2","properties":{"id":"58bb81ee-acbe-4d47-989d-6df7f77da4d2","sources":[{"dataset":"OpenStreetMap","license":"ODbL-1.0","property":"","provider":"osm","record_id":"n7669213201@1","resource":"planet","update_time":"2020-06-30T09:25:06Z","version":"2026-09-09"}],"version":1},"type":"Feature"},{"geometry":{"coordinates":[-86.8741311,35.9273924],"type":"Point"},"id":"b49da631-55de-4349-9581-608b8ecc8771","properties":{"id":"b49da631-55de-4349-9581-608b8ecc8771","sources":[{"dataset":"OpenStreetMap","license":"ODbL-1.0","property":"","provider":"osm","record_id":"n7940769443@1","resource":"planet","update_time":"2020-09-25T03:42:20Z","version":"2026-09-09"}],"version":1},"type":"Feature"},{"geometry":{"coordinates":[-86.8747145,35.9274826],"type":"Point"},"id":"1ca6722a-ac9d-4bdf-9a6e-970f5f7df700","properties":{"id":"1ca6722a-ac9d-4bdf-9a6e-970f5f7df700","sources":[{"dataset":"OpenStreetMap","license":"ODbL-1.0","property":"","provider":"osm","resource":"planet","version":"2026-09-09"}],"version":1},"type":"Feature"},{"geometry":{"coordinates":[-86.8746661,35.9274206],"type":"Point"},"id":"148d8ebe-ee46-4c20-a089-51526640245a","properties":{"id":"148d8ebe-ee46-4c20-a089-51526640245a","sources":[{"dataset":"OpenStreetMap","license":"ODbL-1.0","property":"","provider":"osm","record_id":"n7227016511@1","resource":"planet","update_time":"2020-02-19T09:37:29Z","version":"2026-09-09"}],"version":1},"type":"Feature"},{"geometry":{"coordinates":[-86.8744578,35.927435],"type":"Point"},"id":"ebf26646-ca7d-42e0-90b2-16af55149abb","properties":{"id":"ebf26646-ca7d-42e0-90b2-16af55149abb","sources":[{"dataset":"OpenStreetMap","license":"ODbL-1.0","property":"","provider":"osm","resource":"planet","version":"2026-09-09"}],"version":1},"type":"Feature"},{"geometry":{"coordinates":[-86.8742068,35.9274898],"type":"Point"},"id":"e52191b0-35ca-4a66-8226-dc3aff055210","properties":{"id":"e52191b0-35ca-4a66-8226-dc3aff055210","sources":[{"dataset":"OpenStreetMap","license":"ODbL-1.0","property":"","provider":"osm","record_id":"n204103894@6","resource":"planet","update_time":"2020-02-19T09:37:29Z","version":"2026-09-09"}],"version":1},"type":"Feature"},{"geometry":{"coordinates":[-86.875905,35.9273004],"type":"Point"},"id":"c2fae5d3-7d47-4848-9120-9dc23b95ee24","properties":{"id":"c2fae5d3-7d47-4848-9120-9dc23b95ee24","sources":[{"dataset":"OpenStreetMap","license":"ODbL-1.0","property":"","provider":"osm","record_id":"n6694294667@2","resource":"planet","update_time":"2020-02-19T09:37:29Z","version":"2026-09-09"}],"version":1},"type":"Feature"},{"geometry":{"coordinates":[-86.8763109,35.927265],"type":"Point"},"id":"f7e7e933-f082-45f1-9c5e-f8b12213925e","properties":{"id":"f7e7e933-f082-45f1-9c5e-f8b12213925e","sources":[{"dataset":"OpenStreetMap","license":"ODbL-1.0","property":"","provider":"osm","record_id":"n7669213202@1","resource":"planet","update_time":"2020-06-30T09:25:06Z","version":"2026-09-09"}],"version":1},"type":"Feature"},{"geometry":{"coordinates":[-86.8763109,35.9276818],"type":"Point"},"id":"bbf53996-ce68-4c8c-8168-2e34d91401cd","properties":{"id":"bbf53996-ce68-4c8c-8168-2e34d91401cd","sources":[{"dataset":"OpenStreetMap","license":"ODbL-1.0","property":"","provider":"osm","record_id":"n7669213204@1","resource":"planet","update_time":"2020-06-30T09:25:06Z","version":"2026-09-09"}],"version":1},"type":"Feature"},{"geometry":{"coordinates":[-86.8758519,35.9284631],"type":"Point"},"id":"3f74d55c-c8cc-4e2b-bd6a-b4c2cb3cd656","properties":{"id":"3f74d55c-c8cc-4e2b-bd6a-b4c2cb3cd656","sources":[{"dataset":"OpenStreetMap","license":"ODbL-1.0","property":"","provider":"osm","record_id":"n8484951630@0","resource":"planet","version":"2026-09-09"}],"version":1},"type":"Feature"},{"geometry":{"coordinates":[-86.8762401,35.9286392],"type":"Point"},"id":"2eeb5de5-b5bf-4e5a-9961-e6d35c9fdbce","properties":{"id":"2eeb5de5-b5bf-4e5a-9961-e6d35c9fdbce","sources":[{"dataset":"OpenStreetMap","license":"ODbL-1.0","property":"","provider":"osm","record_id":"n7048421706@1","resource":"planet","update_time":"2019-12-11T05:37:48Z","version":"2026-09-09"}],"version":1},"type":"Feature"},{"geometry":{"coordinates":[-86.8758885,35.9285976],"type":"Point"},"id":"5d71d7f7-e202-439d-99fa-1c5b7e3cca53","properties":{"id":"5d71d7f7-e202-439d-99fa-1c5b7e3cca53","sources":[{"dataset":"OpenStreetMap","license":"ODbL-1.0","property":"","provider":"osm","record_id":"n7048421694@2","resource":"planet","update_time":"2021-03-04T07:10:01Z","version":"2026-09-09"}],"version":1},"type":"Feature"},{"geometry":{"coordinates":[-86.8752162,35.9285663],"type":"Point"},"id":"03de983d-5613-4c3d-a53c-83599ff7efc9","properties":{"id":"03de983d-5613-4c3d-a53c-83599ff7efc9","sources":[{"dataset":"OpenStreetMap","license":"ODbL-1.0","property":"","provider":"osm","record_id":"n8484951636@1","resource":"planet","update_time":"2021-03-04T07:10:01Z","version":"2026-09-09"}],"version":1},"type":"Feature"},{"geometry":{"coordinates":[-86.8748348,35.9283756],"type":"Point"},"id":"f8098ca7-3e73-4214-8082-821b37a7afc5","properties":{"id":"f8098ca7-3e73-4214-8082-821b37a7afc5","sources":[{"dataset":"OpenStreetMap","license":"ODbL-1.0","property":"","provider":"osm","record_id":"n7940769456@1","resource":"planet","update_time":"2020-09-25T03:42:20Z","version":"2026-09-09"}],"version":1},"type":"Feature"},{"geometry":{"coordinates":[-86.8742359,35.9283632],"type":"Point"},"id":"feb58fb8-7fea-4c1b-af26-384e337afecb","properties":{"id":"feb58fb8-7fea-4c1b-af26-384e337afecb","sources":[{"dataset":"OpenStreetMap","license":"ODbL-1.0","property":"","provider":"osm","record_id":"n7940769453@1","resource":"planet","update_time":"2020-09-25T03:42:20Z","version":"2026-09-09"}],"version":1},"type":"Feature"},{"geometry":{"coordinates":[-86.874676,35.9281512],"type":"Point"},"id":"b3c1f651-a765-49aa-86e4-a59259c9f76e","properties":{"id":"b3c1f651-a765-49aa-86e4-a59259c9f76e","sources":[{"dataset":"OpenStreetMap","license":"ODbL-1.0","property":"","provider":"osm","record_id":"n7940769454@1","resource":"planet","update_time":"2020-09-25T03:42:20Z","version":"2026-09-09"}],"version":1},"type":"Feature"},{"geometry":{"coordinates":[-86.8743325,35.9280301],"type":"Point"},"id":"786ca82c-cb75-40ba-997d-03643ddc3505","properties":{"id":"786ca82c-cb75-40ba-997d-03643ddc3505","sources":[{"dataset":"OpenStreetMap","license":"ODbL-1.0","property":"","provider":"osm","record_id":"n7940769449@1","resource":"planet","update_time":"2020-09-25T03:42:20Z","version":"2026-09-09"}],"version":1},"type":"Feature"},{"geometry":{"coordinates":[-86.8745974,35.9280405],"type":"Point"},"id":"a4b4d071-6c87-4c2d-a526-f77c4cc50a4f","properties":{"id":"a4b4d071-6c87-4c2d-a526-f77c4cc50a4f","sources":[{"dataset":"OpenStreetMap","license":"ODbL-1.0","property":"","provider":"osm","record_id":"n7669213196@1","resource":"planet","update_time":"2020-06-30T09:25:06Z","version":"2026-09-09"}],"version":1},"type":"Feature"},{"geometry":{"coordinates":[-86.8745335,35.9279505],"type":"Point"},"id":"d6ead2bd-654a-4c2a-b232-7550e99ad114","properties":{"id":"d6ead2bd-654a-4c2a-b232-7550e99ad114","sources":[{"dataset":"OpenStreetMap","license":"ODbL-1.0","property":"","provider":"osm","record_id":"n7940769450@1","resource":"planet","update_time":"2020-09-25T03:42:20Z","version":"2026-09-09"}],"version":1},"type":"Feature"},{"geometry":{"coordinates":[-86.8710869,35.9281879],"type":"Point"},"id":"417f086a-c9c7-43be-bdcd-b628d5161432","properties":{"id":"417f086a-c9c7-43be-bdcd-b628d5161432","sources":[{"dataset":"OpenStreetMap","license":"ODbL-1.0","property":"","provider":"osm","record_id":"n13698100495@1","resource":"planet","update_time":"2026-04-01T10:40:05Z","version":"2026-09-09"}],"version":1},"type":"Feature"},{"geometry":{"coordinates":[-86.8711378,35.9282575],"type":"Point"},"id":"7057149a-11cd-4c50-b6d9-8ae9bafa9905","properties":{"id":"7057149a-11cd-4c50-b6d9-8ae9bafa9905","sources":[{"dataset":"OpenStreetMap","license":"ODbL-1.0","property":"","provider":"osm","record_id":"n205285866@5","resource":"planet","update_time":"2016-08-15T00:23:32Z","version":"2026-09-09"}],"version":1},"type":"Feature"},{"geometry":{"coordinates":[-86.8714526,35.9286738],"type":"Point"},"id":"76337eb1-8df4-4103-a982-b05842f2f8d9","properties":{"id":"76337eb1-8df4-4103-a982-b05842f2f8d9","sources":[{"dataset":"OpenStreetMap","license":"ODbL-1.0","property":"","provider":"osm","record_id":"n13997288427@1","resource":"planet","update_time":"2026-07-08T09:55:30Z","version":"2026-09-09"}],"version":1},"type":"Feature"},{"geometry":{"coordinates":[-86.8721133,35.9293055],"type":"Point"},"id":"17d41f8f-ee04-40b2-acac-51634dd47972","properties":{"id":"17d41f8f-ee04-40b2-acac-51634dd47972","sources":[{"dataset":"OpenStreetMap","license":"ODbL-1.0","property":"","provider":"osm","record_id":"n13997288420@1","resource":"planet","update_time":"2026-07-08T09:55:30Z","version":"2026-09-09"}],"version":1},"type":"Feature"},{"geometry":{"coordinates":[-86.8745475,35.92935],"type":"Point"},"id":"94bb80db-54ac-40f1-99c9-5fd2489453da","properties":{"id":"94bb80db-54ac-40f1-99c9-5fd2489453da","sources":[{"dataset":"OpenStreetMap","license":"ODbL-1.0","property":"","provider":"osm","record_id":"n11812390094@1","resource":"planet","update_time":"2024-04-12T18:26:06Z","version":"2026-09-09"}],"version":1},"type":"Feature"},{"geometry":{"coordinates":[-86.8751159,35.928971],"type":"Point"},"id":"c5c8cb34-04a9-4bd1-b312-b042a5c6b94a","properties":{"id":"c5c8cb34-04a9-4bd1-b312-b042a5c6b94a","sources":[{"dataset":"OpenStreetMap","license":"ODbL-1.0","property":"","provider":"osm","record_id":"n12089394476@2","resource":"planet","update_time":"2026-04-02T05:49:27Z","version":"2026-09-09"}],"version":2},"type":"Feature"},{"geometry":{"coordinates":[-86.8752251,35.9289159],"type":"Point"},"id":"99a9e895-c833-4a2a-8510-6a7ceb29f15e","properties":{"id":"99a9e895-c833-4a2a-8510-6a7ceb29f15e","sources":[{"dataset":"OpenStreetMap","license":"ODbL-1.0","property":"","provider":"osm","record_id":"n4350377764@3","resource":"planet","update_time":"2018-07-11T20:45:41Z","version":"2026-09-09"}],"version":1},"type":"Feature"},{"geometry":{"coordinates":[-86.8752672,35.9289791],"type":"Point"},"id":"e92ed8da-5a02-4130-9e8c-f9fa7567833a","properties":{"id":"e92ed8da-5a02-4130-9e8c-f9fa7567833a","sources":[{"dataset":"OpenStreetMap","license":"ODbL-1.0","property":"","provider":"osm","record_id":"n12089394477@2","resource":"planet","update_time":"2026-04-02T05:49:27Z","version":"2026-09-09"}],"version":2},"type":"Feature"},{"geometry":{"coordinates":[-86.8753695,35.9289341],"type":"Point"},"id":"c2b2ac9b-36a7-44fe-a3df-c7a56901f8fb","properties":{"id":"c2b2ac9b-36a7-44fe-a3df-c7a56901f8fb","sources":[{"dataset":"OpenStreetMap","license":"ODbL-1.0","property":"","provider":"osm","record_id":"n12089394470@1","resource":"planet","update_time":"2024-08-02T18:03:38Z","version":"2026-09-09"}],"version":1},"type":"Feature"},{"geometry":{"coordinates":[-86.8751737,35.9288453],"type":"Point"},"id":"db1353ee-d672-49a3-98b9-65a14bca7aa2","properties":{"id":"db1353ee-d672-49a3-98b9-65a14bca7aa2","sources":[{"dataset":"OpenStreetMap","license":"ODbL-1.0","property":"","provider":"osm","record_id":"n12089394475@2","resource":"planet","update_time":"2026-04-02T05:49:27Z","version":"2026-09-09"}],"version":2},"type":"Feature"},{"geometry":{"coordinates":[-86.875321,35.9288647],"type":"Point"},"id":"3816d620-6fc8-4abd-b40d-61913ce8332f","properties":{"id":"3816d620-6fc8-4abd-b40d-61913ce8332f","sources":[{"dataset":"OpenStreetMap","license":"ODbL-1.0","property":"","provider":"osm","record_id":"n12089394474@2","resource":"planet","update_time":"2026-04-02T05:49:27Z","version":"2026-09-09"}],"version":2},"type":"Feature"},{"geometry":{"coordinates":[-86.8750438,35.9286669],"type":"Point"},"id":"21c19241-9f68-43be-a4a0-22c4b43043a0","properties":{"id":"21c19241-9f68-43be-a4a0-22c4b43043a0","sources":[{"dataset":"OpenStreetMap","license":"ODbL-1.0","property":"","provider":"osm","record_id":"n8484951637@1","resource":"planet","update_time":"2021-03-04T07:10:01Z","version":"2026-09-09"}],"version":1},"type":"Feature"},{"geometry":{"coordinates":[-86.8751559,35.9290274],"type":"Point"},"id":"190bd609-a773-4593-b781-0c3945735370","properties":{"id":"190bd609-a773-4593-b781-0c3945735370","sources":[{"dataset":"OpenStreetMap","license":"ODbL-1.0","property":"","provider":"osm","record_id":"n12089394473@1","resource":"planet","update_time":"2024-08-02T18:03:38Z","version":"2026-09-09"}],"version":1},"type":"Feature"},{"geometry":{"coordinates":[-86.875009,35.929025],"type":"Point"},"id":"ce5c7f68-2431-4cb1-a5e3-7b110e859107","properties":{"id":"ce5c7f68-2431-4cb1-a5e3-7b110e859107","sources":[{"dataset":"OpenStreetMap","license":"ODbL-1.0","property":"","provider":"osm","record_id":"n4350377770@1","resource":"planet","update_time":"2016-08-15T00:23:32Z","version":"2026-09-09"}],"version":1},"type":"Feature"},{"geometry":{"coordinates":[-86.8750439,35.9290716],"type":"Point"},"id":"8f978307-43b4-4f18-bc45-f4fee8742868","properties":{"id":"8f978307-43b4-4f18-bc45-f4fee8742868","sources":[{"dataset":"OpenStreetMap","license":"ODbL-1.0","property":"","provider":"osm","record_id":"n11812390091@1","resource":"planet","update_time":"2024-04-12T18:26:06Z","version":"2026-09-09"}],"version":1},"type":"Feature"},{"geometry":{"coordinates":[-86.8776448,35.9284315],"type":"Point"},"id":"d14a9a29-f2d3-4622-bc0e-7442e722b6ff","properties":{"id":"d14a9a29-f2d3-4622-bc0e-7442e722b6ff","sources":[{"dataset":"OpenStreetMap","license":"ODbL-1.0","property":"","provider":"osm","record_id":"n7941025866@1","resource":"planet","update_time":"2020-09-25T06:03:11Z","version":"2026-09-09"}],"version":1},"type":"Feature"},{"geometry":{"coordinates":[-86.8808051,35.9280393],"type":"Point"},"id":"5617b7fe-101d-430a-a45c-af04d0aff4fe","properties":{"id":"5617b7fe-101d-430a-a45c-af04d0aff4fe","sources":[{"dataset":"OpenStreetMap","license":"ODbL-1.0","property":"","provider":"osm","record_id":"n3459228069@1","resource":"planet","update_time":"2015-04-16T11:57:38Z","version":"2026-09-09"}],"version":1},"type":"Feature"},{"geometry":{"coordinates":[-86.8816302,35.9285037],"type":"Point"},"id":"f409fe65-dc3b-4de1-9edd-5d0cbbf4f45d","properties":{"id":"f409fe65-dc3b-4de1-9edd-5d0cbbf4f45d","sources":[{"dataset":"OpenStreetMap","license":"ODbL-1.0","property":"","provider":"osm","record_id":"n3459228071@1","resource":"planet","update_time":"2015-04-16T11:57:38Z","version":"2026-09-09"}],"version":1},"type":"Feature"},{"geometry":{"coordinates":[-86.8824048,35.9285966],"type":"Point"},"id":"f6376838-aa6f-46bf-a253-afb50d6e170f","properties":{"id":"f6376838-aa6f-46bf-a253-afb50d6e170f","sources":[{"dataset":"OpenStreetMap","license":"ODbL-1.0","property":"","provider":"osm","record_id":"n3459228072@1","resource":"planet","update_time":"2015-04-16T11:57:38Z","version":"2026-09-09"}],"version":1},"type":"Feature"},{"geometry":{"coordinates":[-86.8805743,35.9293401],"type":"Point"},"id":"ad123cbc-4acd-4229-84a6-0ecc3adb545a","properties":{"id":"ad123cbc-4acd-4229-84a6-0ecc3adb545a","sources":[{"dataset":"OpenStreetMap","license":"ODbL-1.0","property":"","provider":"osm","record_id":"n3459228080@1","resource":"planet","update_time":"2015-04-16T11:57:38Z","version":"2026-09-09"}],"version":1},"type":"Feature"},{"geometry":{"coordinates":[-86.8807987,35.9293537],"type":"Point"},"id":"21193b54-15c1-4d51-a0fd-47310e3586ac","properties":{"id":"21193b54-15c1-4d51-a0fd-47310e3586ac","sources":[{"dataset":"OpenStreetMap","license":"ODbL-1.0","property":"","provider":"osm","record_id":"n3459228082@1","resource":"planet","update_time":"2015-04-16T11:57:38Z","version":"2026-09-09"}],"version":1},"type":"Feature"},{"geometry":{"coordinates":[-86.8817951,35.9297048],"type":"Point"},"id":"57a5bd83-4736-47b2-8161-c0b63bb388ff","properties":{"id":"57a5bd83-4736-47b2-8161-c0b63bb388ff","sources":[{"dataset":"OpenStreetMap","license":"ODbL-1.0","property":"","provider":"osm","record_id":"n3459225442@1","resource":"planet","update_time":"2015-04-16T11:54:49Z","version":"2026-09-09"}],"version":1},"type":"Feature"},{"geometry":{"coordinates":[-86.8811958,35.9296486],"type":"Point"},"id":"a5d621d5-41f5-4a77-a839-cf8d119d54f8","properties":{"id":"a5d621d5-41f5-4a77-a839-cf8d119d54f8","sources":[{"dataset":"OpenStreetMap","license":"ODbL-1.0","property":"","provider":"osm","record_id":"n3459225441@1","resource":"planet","update_time":"2015-04-16T11:54:49Z","version":"2026-09-09"}],"version":1},"type":"Feature"},{"geometry":{"coordinates":[-86.8810863,35.9302132],"type":"Point"},"id":"b9121dae-8768-4f99-88b3-4f0d8cf9dcf9","properties":{"id":"b9121dae-8768-4f99-88b3-4f0d8cf9dcf9","sources":[{"dataset":"OpenStreetMap","license":"ODbL-1.0","property":"","provider":"osm","record_id":"n3459225444@1","resource":"planet","update_time":"2015-04-16T11:54:49Z","version":"2026-09-09"}],"version":1},"type":"Feature"},{"geometry":{"coordinates":[-86.8816787,35.930299],"type":"Point"},"id":"059c8705-d833-494e-85b6-733f4d9060ab","properties":{"id":"059c8705-d833-494e-85b6-733f4d9060ab","sources":[{"dataset":"OpenStreetMap","license":"ODbL-1.0","property":"","provider":"osm","record_id":"n3459225446@1","resource":"planet","update_time":"2015-04-16T11:54:49Z","version":"2026-09-09"}],"version":1},"type":"Feature"},{"geometry":{"coordinates":[-86.8820509,35.9303529],"type":"Point"},"id":"b3cdea15-9d54-462f-95ae-b0e5278bb766","properties":{"id":"b3cdea15-9d54-462f-95ae-b0e5278bb766","sources":[{"dataset":"OpenStreetMap","license":"ODbL-1.0","property":"","provider":"osm","record_id":"n3459225448@1","resource":"planet","update_time":"2015-04-16T11:54:49Z","version":"2026-09-09"}],"version":1},"type":"Feature"},{"geometry":{"coordinates":[-86.8804056,35.9302906],"type":"Point"},"id":"1ff8cb3c-cd5c-4121-bcfe-dae62e7c9654","properties":{"id":"1ff8cb3c-cd5c-4121-bcfe-dae62e7c9654","sources":[{"dataset":"OpenStreetMap","license":"ODbL-1.0","property":"","provider":"osm","record_id":"n3459225445@1","resource":"planet","update_time":"2015-04-16T11:54:49Z","version":"2026-09-09"}],"version":1},"type":"Feature"},{"geometry":{"coordinates":[-86.8755761,35.9294539],"type":"Point"},"id":"b26f1f17-8a73-4e49-9c7b-78b1c2e37a33","properties":{"id":"b26f1f17-8a73-4e49-9c7b-78b1c2e37a33","sources":[{"dataset":"OpenStreetMap","license":"ODbL-1.0","property":"","provider":"osm","record_id":"n204135254@4","resource":"planet","update_time":"2018-02-25T19:34:53Z","version":"2026-09-09"}],"version":1},"type":"Feature"},{"geometry":{"coordinates":[-86.8745272,35.9296297],"type":"Point"},"id":"01e2f57e-443a-4b90-bfaf-c87802d6f682","properties":{"id":"01e2f57e-443a-4b90-bfaf-c87802d6f682","sources":[{"dataset":"OpenStreetMap","license":"ODbL-1.0","property":"","provider":"osm","record_id":"n11812390089@1","resource":"planet","update_time":"2024-04-12T18:26:06Z","version":"2026-09-09"}],"version":1},"type":"Feature"},{"geometry":{"coordinates":[-86.8745778,35.9296361],"type":"Point"},"id":"135d8585-dd5b-4b8f-8759-383b4663ec1b","properties":{"id":"135d8585-dd5b-4b8f-8759-383b4663ec1b","sources":[{"dataset":"OpenStreetMap","license":"ODbL-1.0","property":"","provider":"osm","record_id":"n11812390073@1","resource":"planet","update_time":"2024-04-12T18:26:06Z","version":"2026-09-09"}],"version":1},"type":"Feature"},{"geometry":{"coordinates":[-86.8747144,35.9295868],"type":"Point"},"id":"e1855745-1918-40cd-886e-c22e7247ea03","properties":{"id":"e1855745-1918-40cd-886e-c22e7247ea03","sources":[{"dataset":"OpenStreetMap","license":"ODbL-1.0","property":"","provider":"osm","record_id":"n11812390071@1","resource":"planet","update_time":"2024-04-12T18:26:06Z","version":"2026-09-09"}],"version":1},"type":"Feature"},{"geometry":{"coordinates":[-86.8748251,35.9295957],"type":"Point"},"id":"2609f1bd-4aeb-4c69-bebd-e0d0b9948457","properties":{"id":"2609f1bd-4aeb-4c69-bebd-e0d0b9948457","sources":[{"dataset":"OpenStreetMap","license":"ODbL-1.0","property":"","provider":"osm","record_id":"n11812390072@1","resource":"planet","update_time":"2024-04-12T18:26:06Z","version":"2026-09-09"}],"version":1},"type":"Feature"},{"geometry":{"coordinates":[-86.8744426,35.9295844],"type":"Point"},"id":"76c21755-80ab-45ad-8d96-1e8260538ee7","properties":{"id":"76c21755-80ab-45ad-8d96-1e8260538ee7","sources":[{"dataset":"OpenStreetMap","license":"ODbL-1.0","property":"","provider":"osm","record_id":"n11812390070@1","resource":"planet","update_time":"2024-04-12T18:26:06Z","version":"2026-09-09"}],"version":1},"type":"Feature"},{"geometry":{"coordinates":[-86.8745333,35.9294132],"type":"Point"},"id":"a0712cb6-38bf-4e60-98ce-cc4b3f090589","properties":{"id":"a0712cb6-38bf-4e60-98ce-cc4b3f090589","sources":[{"dataset":"OpenStreetMap","license":"ODbL-1.0","property":"","provider":"osm","record_id":"n11812390096@1","resource":"planet","update_time":"2024-04-12T18:26:06Z","version":"2026-09-09"}],"version":1},"type":"Feature"},{"geometry":{"coordinates":[-86.8738672,35.9295208],"type":"Point"},"id":"975a2265-ed38-4acb-88b7-8eaf0fc84f19","properties":{"id":"975a2265-ed38-4acb-88b7-8eaf0fc84f19","sources":[{"dataset":"OpenStreetMap","license":"ODbL-1.0","property":"","provider":"osm","record_id":"n204135239@3","resource":"planet","update_time":"2016-08-15T00:23:32Z","version":"2026-09-09"}],"version":1},"type":"Feature"},{"geometry":{"coordinates":[-86.871813,35.9295337],"type":"Point"},"id":"31b49b35-e429-43ca-8888-d199f813e42f","properties":{"id":"31b49b35-e429-43ca-8888-d199f813e42f","sources":[{"dataset":"OpenStreetMap","license":"ODbL-1.0","property":"","provider":"osm","record_id":"n13997288424@1","resource":"planet","update_time":"2026-07-08T09:55:30Z","version":"2026-09-09"}],"version":1},"type":"Feature"},{"geometry":{"coordinates":[-86.8714359,35.929726],"type":"Point"},"id":"34493135-2307-47ca-8c11-16c0cbe16c9c","properties":{"id":"34493135-2307-47ca-8c11-16c0cbe16c9c","sources":[{"dataset":"OpenStreetMap","license":"ODbL-1.0","property":"","provider":"osm","record_id":"n13997288423@1","resource":"planet","update_time":"2026-07-08T09:55:30Z","version":"2026-09-09"}],"version":1},"type":"Feature"},{"geometry":{"coordinates":[-86.8763277,35.9302027],"type":"Point"},"id":"c1b525b0-cbf6-4a87-b65a-50da2c986dab","properties":{"id":"c1b525b0-cbf6-4a87-b65a-50da2c986dab","sources":[{"dataset":"OpenStreetMap","license":"ODbL-1.0","property":"","provider":"osm","record_id":"n7048421697@1","resource":"planet","update_time":"2019-12-11T05:37:48Z","version":"2026-09-09"}],"version":1},"type":"Feature"},{"geometry":{"coordinates":[-86.87638,35.9308152],"type":"Point"},"id":"d8236839-86bc-4e14-9965-da7d4798372d","properties":{"id":"d8236839-86bc-4e14-9965-da7d4798372d","sources":[{"dataset":"OpenStreetMap","license":"ODbL-1.0","property":"","provider":"osm","record_id":"n7048404380@2","resource":"planet","update_time":"2024-07-04T14:34:12Z","version":"2026-09-09"}],"version":1},"type":"Feature"},{"geometry":{"coordinates":[-86.8763168,35.9311838],"type":"Point"},"id":"0bcf1653-d9c3-41e8-8154-8e9d2ade849e","properties":{"id":"0bcf1653-d9c3-41e8-8154-8e9d2ade849e","sources":[{"dataset":"OpenStreetMap","license":"ODbL-1.0","property":"","provider":"osm","resource":"planet","version":"2026-09-09"}],"version":2},"type":"Feature"},{"geometry":{"coordinates":[-86.8760046,35.9313072],"type":"Point"},"id":"df3b1cbd-f51c-4587-9ee4-b85cf3132c2d","properties":{"id":"df3b1cbd-f51c-4587-9ee4-b85cf3132c2d","sources":[{"dataset":"OpenStreetMap","license":"ODbL-1.0","property":"","provider":"osm","resource":"planet","version":"2026-09-09"}],"version":2},"type":"Feature"},{"geometry":{"coordinates":[-86.8760903,35.9314786],"type":"Point"},"id":"a1115a65-170c-4c5b-8287-0978fbef58fe","properties":{"id":"a1115a65-170c-4c5b-8287-0978fbef58fe","sources":[{"dataset":"OpenStreetMap","license":"ODbL-1.0","property":"","provider":"osm","record_id":"n7457382934@3","resource":"planet","update_time":"2025-08-10T08:39:58Z","version":"2026-09-09"}],"version":1},"type":"Feature"},{"geometry":{"coordinates":[-86.8757715,35.931418],"type":"Point"},"id":"697abb8e-931a-45c7-9611-7292cf41ff04","properties":{"id":"697abb8e-931a-45c7-9611-7292cf41ff04","sources":[{"dataset":"OpenStreetMap","license":"ODbL-1.0","property":"","provider":"osm","resource":"planet","version":"2026-09-09"}],"version":2},"type":"Feature"},{"geometry":{"coordinates":[-86.8733959,35.9312745],"type":"Point"},"id":"e434a08d-a979-4f42-907a-6a5360a179bf","properties":{"id":"e434a08d-a979-4f42-907a-6a5360a179bf","sources":[{"dataset":"OpenStreetMap","license":"ODbL-1.0","property":"","provider":"osm","record_id":"n2472815298@1","resource":"planet","update_time":"2013-09-26T22:06:37Z","version":"2026-09-09"}],"version":1},"type":"Feature"},{"geometry":{"coordinates":[-86.8709909,35.9320212],"type":"Point"},"id":"aff369a0-69a2-4041-8367-dffbcef493df","properties":{"id":"aff369a0-69a2-4041-8367-dffbcef493df","sources":[{"dataset":"OpenStreetMap","license":"ODbL-1.0","property":"","provider":"osm","record_id":"n7937613763@1","resource":"planet","update_time":"2020-09-24T11:56:17Z","version":"2026-09-09"}],"version":1},"type":"Feature"},{"geometry":{"coordinates":[-86.8761814,35.9316704],"type":"Point"},"id":"8ce9114c-69f2-4855-b300-8a6d70af9db3","properties":{"id":"8ce9114c-69f2-4855-b300-8a6d70af9db3","sources":[{"dataset":"OpenStreetMap","license":"ODbL-1.0","property":"","provider":"osm","record_id":"n7457382935@1","resource":"planet","update_time":"2020-04-28T10:31:51Z","version":"2026-09-09"}],"version":1},"type":"Feature"},{"geometry":{"coordinates":[-86.8757458,35.9317202],"type":"Point"},"id":"bf6f3f35-d586-447a-97cf-7b6714cd7bc5","properties":{"id":"bf6f3f35-d586-447a-97cf-7b6714cd7bc5","sources":[{"dataset":"OpenStreetMap","license":"ODbL-1.0","property":"","provider":"osm","record_id":"n7457382951@1","resource":"planet","update_time":"2020-04-28T10:31:51Z","version":"2026-09-09"}],"version":1},"type":"Feature"},{"geometry":{"coordinates":[-86.8759872,35.9318152],"type":"Point"},"id":"cfb61157-e65c-40a7-9f96-796679a51ec4","properties":{"id":"cfb61157-e65c-40a7-9f96-796679a51ec4","sources":[{"dataset":"OpenStreetMap","license":"ODbL-1.0","property":"","provider":"osm","record_id":"n7457382939@1","resource":"planet","update_time":"2020-04-28T10:31:51Z","version":"2026-09-09"}],"version":1},"type":"Feature"},{"geometry":{"coordinates":[-86.874993,35.9321538],"type":"Point"},"id":"5ca377c0-9026-43ee-a5eb-44fb6247eb8e","properties":{"id":"5ca377c0-9026-43ee-a5eb-44fb6247eb8e","sources":[{"dataset":"OpenStreetMap","license":"ODbL-1.0","property":"","provider":"osm","record_id":"n3598850557@1","resource":"planet","update_time":"2015-06-16T15:51:04Z","version":"2026-09-09"}],"version":1},"type":"Feature"},{"geometry":{"coordinates":[-86.8770759,35.9321783],"type":"Point"},"id":"0af0b907-1235-4db7-96bf-d9041a3f3c8b","properties":{"id":"0af0b907-1235-4db7-96bf-d9041a3f3c8b","sources":[{"dataset":"OpenStreetMap","license":"ODbL-1.0","property":"","provider":"osm","record_id":"n205500041@4","resource":"planet","update_time":"2018-08-20T06:45:55Z","version":"2026-09-09"}],"version":1},"type":"Feature"},{"geometry":{"coordinates":[-86.8778921,35.9320323],"type":"Point"},"id":"442d02e2-6636-4e24-a756-150ac71a9f86","properties":{"id":"442d02e2-6636-4e24-a756-150ac71a9f86","sources":[{"dataset":"OpenStreetMap","license":"ODbL-1.0","property":"","provider":"osm","record_id":"n6927692581@1","resource":"planet","update_time":"2019-10-29T16:19:52Z","version":"2026-09-09"}],"version":1},"type":"Feature"},{"geometry":{"coordinates":[-86.8772738,35.9320549],"type":"Point"},"id":"e1125931-ff98-48a6-9ba6-38501e57ef68","properties":{"id":"e1125931-ff98-48a6-9ba6-38501e57ef68","sources":[{"dataset":"OpenStreetMap","license":"ODbL-1.0","property":"","provider":"osm","record_id":"n6927705786@1","resource":"planet","update_time":"2019-10-29T16:19:52Z","version":"2026-09-09"}],"version":1},"type":"Feature"},{"geometry":{"coordinates":[-86.8773064,35.9321241],"type":"Point"},"id":"7ec2f648-8571-4772-8a6e-77b991aa02dc","properties":{"id":"7ec2f648-8571-4772-8a6e-77b991aa02dc","sources":[{"dataset":"OpenStreetMap","license":"ODbL-1.0","property":"","provider":"osm","record_id":"n5843310010@1","resource":"planet","update_time":"2018-08-20T06:45:54Z","version":"2026-09-09"}],"version":1},"type":"Feature"},{"geometry":{"coordinates":[-86.8783506,35.9320587],"type":"Point"},"id":"fa05fad2-0ba1-4796-8ebc-b3b4f00d07bf","properties":{"id":"fa05fad2-0ba1-4796-8ebc-b3b4f00d07bf","sources":[{"dataset":"OpenStreetMap","license":"ODbL-1.0","property":"","provider":"osm","record_id":"n5843310017@1","resource":"planet","update_time":"2018-08-20T06:45:54Z","version":"2026-09-09"}],"version":1},"type":"Feature"},{"geometry":{"coordinates":[-86.8788601,35.9320526],"type":"Point"},"id":"c6f6a6a4-a819-4553-a25d-9884fe19e31d","properties":{"id":"c6f6a6a4-a819-4553-a25d-9884fe19e31d","sources":[{"dataset":"OpenStreetMap","license":"ODbL-1.0","property":"","provider":"osm","record_id":"n6927586762@1","resource":"planet","update_time":"2019-10-29T15:32:39Z","version":"2026-09-09"}],"version":1},"type":"Feature"},{"geometry":{"coordinates":[-86.8788896,35.9318775],"type":"Point"},"id":"e931806f-f0f9-4143-918f-e98cb8449070","properties":{"id":"e931806f-f0f9-4143-918f-e98cb8449070","sources":[{"dataset":"OpenStreetMap","license":"ODbL-1.0","property":"","provider":"osm","record_id":"n6927586764@1","resource":"planet","update_time":"2019-10-29T15:32:39Z","version":"2026-09-09"}],"version":1},"type":"Feature"},{"geometry":{"coordinates":[-86.878165,35.9319669],"type":"Point"},"id":"5b34bb49-e8c9-464a-a96e-45c26941628e","properties":{"id":"5b34bb49-e8c9-464a-a96e-45c26941628e","sources":[{"dataset":"OpenStreetMap","license":"ODbL-1.0","property":"","provider":"osm","record_id":"n6927692580@1","resource":"planet","update_time":"2019-10-29T16:19:52Z","version":"2026-09-09"}],"version":1},"type":"Feature"},{"geometry":{"coordinates":[-86.87892,35.931689],"type":"Point"},"id":"48adb05a-0608-4ed6-8da6-a56fedff02be","properties":{"id":"48adb05a-0608-4ed6-8da6-a56fedff02be","sources":[{"dataset":"OpenStreetMap","license":"ODbL-1.0","property":"","provider":"osm","record_id":"n5843310020@2","resource":"planet","update_time":"2019-10-29T15:32:39Z","version":"2026-09-09"}],"version":1},"type":"Feature"},{"geometry":{"coordinates":[-86.87894,35.9315158],"type":"Point"},"id":"a159559c-43aa-46ec-95a0-f6498b7d393b","properties":{"id":"a159559c-43aa-46ec-95a0-f6498b7d393b","sources":[{"dataset":"OpenStreetMap","license":"ODbL-1.0","property":"","provider":"osm","record_id":"n5843309998@1","resource":"planet","update_time":"2018-08-20T06:45:54Z","version":"2026-09-09"}],"version":1},"type":"Feature"},{"geometry":{"coordinates":[-86.8779446,35.9315031],"type":"Point"},"id":"66f205b7-f8cb-4e8c-bc63-624cef2d3dd9","properties":{"id":"66f205b7-f8cb-4e8c-bc63-624cef2d3dd9","sources":[{"dataset":"OpenStreetMap","license":"ODbL-1.0","property":"","provider":"osm","record_id":"n5843310015@1","resource":"planet","update_time":"2018-08-20T06:45:54Z","version":"2026-09-09"}],"version":1},"type":"Feature"},{"geometry":{"coordinates":[-86.8776669,35.9315108],"type":"Point"},"id":"1f69eb50-b58b-4573-86eb-9ba38a0f4509","properties":{"id":"1f69eb50-b58b-4573-86eb-9ba38a0f4509","sources":[{"dataset":"OpenStreetMap","license":"ODbL-1.0","property":"","provider":"osm","record_id":"n5843310019@1","resource":"planet","update_time":"2018-08-20T06:45:54Z","version":"2026-09-09"}],"version":1},"type":"Feature"},{"geometry":{"coordinates":[-86.8771283,35.9317458],"type":"Point"},"id":"707125bf-791c-4efc-ab56-321221a8e35f","properties":{"id":"707125bf-791c-4efc-ab56-321221a8e35f","sources":[{"dataset":"OpenStreetMap","license":"ODbL-1.0","property":"","provider":"osm","record_id":"n5843310009@1","resource":"planet","update_time":"2018-08-20T06:45:54Z","version":"2026-09-09"}],"version":1},"type":"Feature"},{"geometry":{"coordinates":[-86.8768956,35.931783],"type":"Point"},"id":"e841064a-96db-427e-ae76-ea094a4a3508","properties":{"id":"e841064a-96db-427e-ae76-ea094a4a3508","sources":[{"dataset":"OpenStreetMap","license":"ODbL-1.0","property":"","provider":"osm","record_id":"n5843310008@1","resource":"planet","update_time":"2018-08-20T06:45:54Z","version":"2026-09-09"}],"version":1},"type":"Feature"},{"geometry":{"coordinates":[-86.8767759,35.9315509],"type":"Point"},"id":"969afd0b-4fb3-4a68-be3b-4123cb780978","properties":{"id":"969afd0b-4fb3-4a68-be3b-4123cb780978","sources":[{"dataset":"OpenStreetMap","license":"ODbL-1.0","property":"","provider":"osm","record_id":"n7385830929@2","resource":"planet","update_time":"2024-07-04T14:34:12Z","version":"2026-09-09"}],"version":1},"type":"Feature"},{"geometry":{"coordinates":[-86.8767009,35.9314044],"type":"Point"},"id":"7c0efe7e-2176-4bd8-95e3-c04a8eee05b7","properties":{"id":"7c0efe7e-2176-4bd8-95e3-c04a8eee05b7","sources":[{"dataset":"OpenStreetMap","license":"ODbL-1.0","property":"","provider":"osm","record_id":"n12033567586@2","resource":"planet","update_time":"2025-07-30T22:57:23Z","version":"2026-09-09"}],"version":1},"type":"Feature"},{"geometry":{"coordinates":[-86.8766282,35.9314274],"type":"Point"},"id":"d249275f-7dc2-4592-b928-7098e7d96637","properties":{"id":"d249275f-7dc2-4592-b928-7098e7d96637","sources":[{"dataset":"OpenStreetMap","license":"ODbL-1.0","property":"","provider":"osm","record_id":"n12099201094@1","resource":"planet","update_time":"2024-08-08T17:48:15Z","version":"2026-09-09"}],"version":1},"type":"Feature"},{"geometry":{"coordinates":[-86.8765915,35.931439],"type":"Point"},"id":"29c15330-0d86-449b-8f71-9144ee6f0ae2","properties":{"id":"29c15330-0d86-449b-8f71-9144ee6f0ae2","sources":[{"dataset":"OpenStreetMap","license":"ODbL-1.0","property":"","provider":"osm","record_id":"n12033567585@1","resource":"planet","update_time":"2024-07-04T14:34:12Z","version":"2026-09-09"}],"version":1},"type":"Feature"},{"geometry":{"coordinates":[-86.8765564,35.9314134],"type":"Point"},"id":"c2ad38d6-7614-4fc2-ada5-3e2fda70400f","properties":{"id":"c2ad38d6-7614-4fc2-ada5-3e2fda70400f","sources":[{"dataset":"OpenStreetMap","license":"ODbL-1.0","property":"","provider":"osm","record_id":"n12033567593@1","resource":"planet","update_time":"2024-07-04T14:34:12Z","version":"2026-09-09"}],"version":1},"type":"Feature"},{"geometry":{"coordinates":[-86.8765127,35.9313176],"type":"Point"},"id":"ea5523ce-7b7d-4b80-be3a-5640dd187aea","properties":{"id":"ea5523ce-7b7d-4b80-be3a-5640dd187aea","sources":[{"dataset":"OpenStreetMap","license":"ODbL-1.0","property":"","provider":"osm","record_id":"n12033567594@2","resource":"planet","update_time":"2025-07-30T22:57:23Z","version":"2026-09-09"}],"version":1},"type":"Feature"},{"geometry":{"coordinates":[-86.8768239,35.9313661],"type":"Point"},"id":"f7d1ea62-9d30-4454-baca-c61568e3d999","properties":{"id":"f7d1ea62-9d30-4454-baca-c61568e3d999","sources":[{"dataset":"OpenStreetMap","license":"ODbL-1.0","property":"","provider":"osm","record_id":"n12033567587@3","resource":"planet","update_time":"2025-07-30T22:57:23Z","version":"2026-09-09"}],"version":2},"type":"Feature"},{"geometry":{"coordinates":[-86.8768813,35.9314185],"type":"Point"},"id":"d2f8b07f-23f2-46dd-963c-1d88e32366d2","properties":{"id":"d2f8b07f-23f2-46dd-963c-1d88e32366d2","sources":[{"dataset":"OpenStreetMap","license":"ODbL-1.0","property":"","provider":"osm","record_id":"n12033567596@2","resource":"planet","update_time":"2024-07-30T14:24:42Z","version":"2026-09-09"}],"version":1},"type":"Feature"},{"geometry":{"coordinates":[-86.8769118,35.9314456],"type":"Point"},"id":"c583f5ba-4f80-4336-9d21-eaf22bc1e25b","properties":{"id":"c583f5ba-4f80-4336-9d21-eaf22bc1e25b","sources":[{"dataset":"OpenStreetMap","license":"ODbL-1.0","property":"","provider":"osm","record_id":"n12033567588@3","resource":"planet","update_time":"2025-07-30T22:57:23Z","version":"2026-09-09"}],"version":2},"type":"Feature"},{"geometry":{"coordinates":[-86.8775676,35.9314545],"type":"Point"},"id":"f2f8ce40-b6d8-48dc-877f-11ae50ffab61","properties":{"id":"f2f8ce40-b6d8-48dc-877f-11ae50ffab61","sources":[{"dataset":"OpenStreetMap","license":"ODbL-1.0","property":"","provider":"osm","record_id":"n6927692579@1","resource":"planet","update_time":"2019-10-29T16:19:52Z","version":"2026-09-09"}],"version":1},"type":"Feature"},{"geometry":{"coordinates":[-86.877688,35.9313632],"type":"Point"},"id":"b8957fd1-6c2e-4027-8280-9fc18bf781f9","properties":{"id":"b8957fd1-6c2e-4027-8280-9fc18bf781f9","sources":[{"dataset":"OpenStreetMap","license":"ODbL-1.0","property":"","provider":"osm","record_id":"n5843310018@2","resource":"planet","update_time":"2024-07-30T15:05:27Z","version":"2026-09-09"}],"version":1},"type":"Feature"},{"geometry":{"coordinates":[-86.8779504,35.9314002],"type":"Point"},"id":"01014d9a-6bc3-4497-b5ac-30ccfe8de697","properties":{"id":"01014d9a-6bc3-4497-b5ac-30ccfe8de697","sources":[{"dataset":"OpenStreetMap","license":"ODbL-1.0","property":"","provider":"osm","record_id":"n5843310014@2","resource":"planet","update_time":"2024-07-30T15:05:27Z","version":"2026-09-09"}],"version":1},"type":"Feature"},{"geometry":{"coordinates":[-86.8772287,35.9312934],"type":"Point"},"id":"54d98422-c133-40ea-8f02-0b14a8015212","properties":{"id":"54d98422-c133-40ea-8f02-0b14a8015212","sources":[{"dataset":"OpenStreetMap","license":"ODbL-1.0","property":"","provider":"osm","record_id":"n7385830932@3","resource":"planet","update_time":"2024-07-30T15:05:27Z","version":"2026-09-09"}],"version":1},"type":"Feature"},{"geometry":{"coordinates":[-86.8767679,35.931255],"type":"Point"},"id":"5ee73d21-d502-4272-8161-16e426e895ef","properties":{"id":"5ee73d21-d502-4272-8161-16e426e895ef","sources":[{"dataset":"OpenStreetMap","license":"ODbL-1.0","property":"","provider":"osm","record_id":"n12033567589@3","resource":"planet","update_time":"2025-07-30T22:57:23Z","version":"2026-09-09"}],"version":2},"type":"Feature"},{"geometry":{"coordinates":[-86.8766369,35.9312845],"type":"Point"},"id":"06041a7f-f868-4a14-9a86-0dcc9af7f62c","properties":{"id":"06041a7f-f868-4a14-9a86-0dcc9af7f62c","sources":[{"dataset":"OpenStreetMap","license":"ODbL-1.0","property":"","provider":"osm","record_id":"n204145888@7","resource":"planet","update_time":"2024-07-30T15:05:27Z","version":"2026-09-09"}],"version":1},"type":"Feature"},{"geometry":{"coordinates":[-86.87659,35.9311943],"type":"Point"},"id":"055ddd4a-84e3-4338-bc98-fc4c4d1299a8","properties":{"id":"055ddd4a-84e3-4338-bc98-fc4c4d1299a8","sources":[{"dataset":"OpenStreetMap","license":"ODbL-1.0","property":"","provider":"osm","record_id":"n12033567592@3","resource":"planet","update_time":"2025-07-30T22:57:23Z","version":"2026-09-09"}],"version":1},"type":"Feature"},{"geometry":{"coordinates":[-86.8767122,35.9311484],"type":"Point"},"id":"c05654ea-4d95-4169-9660-7d9cfdcd954d","properties":{"id":"c05654ea-4d95-4169-9660-7d9cfdcd954d","sources":[{"dataset":"OpenStreetMap","license":"ODbL-1.0","property":"","provider":"osm","record_id":"n12033567590@1","resource":"planet","update_time":"2024-07-04T14:34:12Z","version":"2026-09-09"}],"version":1},"type":"Feature"},{"geometry":{"coordinates":[-86.8803204,35.9308689],"type":"Point"},"id":"02919a18-df38-4033-b592-9a685d150e9a","properties":{"id":"02919a18-df38-4033-b592-9a685d150e9a","sources":[{"dataset":"OpenStreetMap","license":"ODbL-1.0","property":"","provider":"osm","record_id":"n5843309997@1","resource":"planet","update_time":"2018-08-20T06:45:54Z","version":"2026-09-09"}],"version":1},"type":"Feature"},{"geometry":{"coordinates":[-86.8821296,35.9310941],"type":"Point"},"id":"e5c52a23-7cd8-4c0a-bc71-dfd936341b52","properties":{"id":"e5c52a23-7cd8-4c0a-bc71-dfd936341b52","sources":[{"dataset":"OpenStreetMap","license":"ODbL-1.0","property":"","provider":"osm","record_id":"n5843309989@1","resource":"planet","update_time":"2018-08-20T06:45:54Z","version":"2026-09-09"}],"version":1},"type":"Feature"},{"geometry":{"coordinates":[-86.8820527,35.9318209],"type":"Point"},"id":"0eae7c05-d1ef-4f6b-81c7-07e50dd5450c","properties":{"id":"0eae7c05-d1ef-4f6b-81c7-07e50dd5450c","sources":[{"dataset":"OpenStreetMap","license":"ODbL-1.0","property":"","provider":"osm","record_id":"n204145881@5","resource":"planet","update_time":"2020-04-09T14:34:59Z","version":"2026-09-09"}],"version":1},"type":"Feature"},{"geometry":{"coordinates":[-86.8811919,35.9317547],"type":"Point"},"id":"a4c20aa9-4ede-4032-8c23-766d12388723","properties":{"id":"a4c20aa9-4ede-4032-8c23-766d12388723","sources":[{"dataset":"OpenStreetMap","license":"ODbL-1.0","property":"","provider":"osm","record_id":"n2472823037@1","resource":"planet","update_time":"2013-09-26T22:21:19Z","version":"2026-09-09"}],"version":1},"type":"Feature"},{"geometry":{"coordinates":[-86.8802914,35.9315537],"type":"Point"},"id":"e61713fd-38f8-4921-bf9d-99be2af84753","properties":{"id":"e61713fd-38f8-4921-bf9d-99be2af84753","sources":[{"dataset":"OpenStreetMap","license":"ODbL-1.0","property":"","provider":"osm","record_id":"n12099121152@1","resource":"planet","update_time":"2024-08-08T16:57:45Z","version":"2026-09-09"}],"version":1},"type":"Feature"},{"geometry":{"coordinates":[-86.8800111,35.9316302],"type":"Point"},"id":"85ea585f-a2eb-42d5-9fc7-3223d280942c","properties":{"id":"85ea585f-a2eb-42d5-9fc7-3223d280942c","sources":[{"dataset":"OpenStreetMap","license":"ODbL-1.0","property":"","provider":"osm","record_id":"n13037971192@1","resource":"planet","update_time":"2025-07-30T19:35:40Z","version":"2026-09-09"}],"version":1},"type":"Feature"},{"geometry":{"coordinates":[-86.8801663,35.9316468],"type":"Point"},"id":"d7a5c913-7bf8-4ad4-8d82-1a367e5525d7","properties":{"id":"d7a5c913-7bf8-4ad4-8d82-1a367e5525d7","sources":[{"dataset":"OpenStreetMap","license":"ODbL-1.0","property":"","provider":"osm","record_id":"n204142599@5","resource":"planet","update_time":"2018-08-20T06:45:55Z","version":"2026-09-09"}],"version":1},"type":"Feature"},{"geometry":{"coordinates":[-86.8802743,35.9316581],"type":"Point"},"id":"8ea31f20-ee7c-401f-864c-e0f20fc994cf","properties":{"id":"8ea31f20-ee7c-401f-864c-e0f20fc994cf","sources":[{"dataset":"OpenStreetMap","license":"ODbL-1.0","property":"","provider":"osm","record_id":"n12099121156@3","resource":"planet","update_time":"2025-07-16T16:09:35Z","version":"2026-09-09"}],"version":1},"type":"Feature"},{"geometry":{"coordinates":[-86.8801796,35.9317344],"type":"Point"},"id":"d2134147-645b-4e09-ac78-ba27f2f4cc50","properties":{"id":"d2134147-645b-4e09-ac78-ba27f2f4cc50","sources":[{"dataset":"OpenStreetMap","license":"ODbL-1.0","property":"","provider":"osm","record_id":"n12099121155@2","resource":"planet","update_time":"2025-07-16T16:09:35Z","version":"2026-09-09"}],"version":1},"type":"Feature"},{"geometry":{"coordinates":[-86.8800782,35.9317258],"type":"Point"},"id":"8081940d-cff5-4636-9c59-af3f3603ed4d","properties":{"id":"8081940d-cff5-4636-9c59-af3f3603ed4d","sources":[{"dataset":"OpenStreetMap","license":"ODbL-1.0","property":"","provider":"osm","record_id":"n12099121154@1","resource":"planet","update_time":"2024-08-08T16:57:45Z","version":"2026-09-09"}],"version":1},"type":"Feature"},{"geometry":{"coordinates":[-86.8801857,35.9317741],"type":"Point"},"id":"2efcbba5-81fc-447a-9a89-fe2c5d8c2e56","properties":{"id":"2efcbba5-81fc-447a-9a89-fe2c5d8c2e56","sources":[{"dataset":"OpenStreetMap","license":"ODbL-1.0","property":"","provider":"osm","record_id":"n5843310031@1","resource":"planet","update_time":"2018-08-20T06:45:54Z","version":"2026-09-09"}],"version":1},"type":"Feature"},{"geometry":{"coordinates":[-86.8803026,35.9317984],"type":"Point"},"id":"13f1dc49-35d3-4676-90ee-8b904a5482da","properties":{"id":"13f1dc49-35d3-4676-90ee-8b904a5482da","sources":[{"dataset":"OpenStreetMap","license":"ODbL-1.0","property":"","provider":"osm","record_id":"n13037971193@1","resource":"planet","update_time":"2025-07-30T19:35:40Z","version":"2026-09-09"}],"version":1},"type":"Feature"},{"geometry":{"coordinates":[-86.8802943,35.9318192],"type":"Point"},"id":"1e5357b0-57c9-41a4-ba47-1ce649738f68","properties":{"id":"1e5357b0-57c9-41a4-ba47-1ce649738f68","sources":[{"dataset":"OpenStreetMap","license":"ODbL-1.0","property":"","provider":"osm","record_id":"n13037971141@1","resource":"planet","update_time":"2025-07-30T19:35:40Z","version":"2026-09-09"}],"version":1},"type":"Feature"},{"geometry":{"coordinates":[-86.8810188,35.9317363],"type":"Point"},"id":"2e711e17-2698-4a63-a916-bf6587965f95","properties":{"id":"2e711e17-2698-4a63-a916-bf6587965f95","sources":[{"dataset":"OpenStreetMap","license":"ODbL-1.0","property":"","provider":"osm","record_id":"n5843310023@1","resource":"planet","update_time":"2018-08-20T06:45:54Z","version":"2026-09-09"}],"version":1},"type":"Feature"},{"geometry":{"coordinates":[-86.881031,35.9319502],"type":"Point"},"id":"283bbc96-4d6b-4d86-b028-67ab5b18a23b","properties":{"id":"283bbc96-4d6b-4d86-b028-67ab5b18a23b","sources":[{"dataset":"OpenStreetMap","license":"ODbL-1.0","property":"","provider":"osm","record_id":"n5843310024@1","resource":"planet","update_time":"2018-08-20T06:45:54Z","version":"2026-09-09"}],"version":1},"type":"Feature"},{"geometry":{"coordinates":[-86.8801238,35.9320196],"type":"Point"},"id":"b5e1a6d5-bedd-4de3-8129-08594b1fbcee","properties":{"id":"b5e1a6d5-bedd-4de3-8129-08594b1fbcee","sources":[{"dataset":"OpenStreetMap","license":"ODbL-1.0","property":"","provider":"osm","record_id":"n6927586763@1","resource":"planet","update_time":"2019-10-29T15:32:39Z","version":"2026-09-09"}],"version":1},"type":"Feature"},{"geometry":{"coordinates":[-86.8801372,35.9319854],"type":"Point"},"id":"ad64df09-c37a-45a5-8bb4-29e9ae7d17ad","properties":{"id":"ad64df09-c37a-45a5-8bb4-29e9ae7d17ad","sources":[{"dataset":"OpenStreetMap","license":"ODbL-1.0","property":"","provider":"osm","record_id":"n5843310036@1","resource":"planet","update_time":"2018-08-20T06:45:54Z","version":"2026-09-09"}],"version":1},"type":"Feature"},{"geometry":{"coordinates":[-86.8802176,35.9320878],"type":"Point"},"id":"986f3298-6e59-46e9-9073-a6c398716d1b","properties":{"id":"986f3298-6e59-46e9-9073-a6c398716d1b","sources":[{"dataset":"OpenStreetMap","license":"ODbL-1.0","property":"","provider":"osm","record_id":"n13037971140@1","resource":"planet","update_time":"2025-07-30T19:35:40Z","version":"2026-09-09"}],"version":1},"type":"Feature"},{"geometry":{"coordinates":[-86.8801956,35.9320834],"type":"Point"},"id":"f11ad97c-97a7-4d08-809f-b89a71d361de","properties":{"id":"f11ad97c-97a7-4d08-809f-b89a71d361de","sources":[{"dataset":"OpenStreetMap","license":"ODbL-1.0","property":"","provider":"osm","record_id":"n13037971144@1","resource":"planet","update_time":"2025-07-30T19:35:40Z","version":"2026-09-09"}],"version":1},"type":"Feature"},{"geometry":{"coordinates":[-86.8800547,35.9321962],"type":"Point"},"id":"d268e60c-a8a5-42e4-bbb8-676e74ec4465","properties":{"id":"d268e60c-a8a5-42e4-bbb8-676e74ec4465","sources":[{"dataset":"OpenStreetMap","license":"ODbL-1.0","property":"","provider":"osm","record_id":"n6927586761@1","resource":"planet","update_time":"2019-10-29T15:32:39Z","version":"2026-09-09"}],"version":1},"type":"Feature"},{"geometry":{"coordinates":[-86.8818202,35.9320295],"type":"Point"},"id":"ea8a0776-207a-408f-b541-87434cf61666","properties":{"id":"ea8a0776-207a-408f-b541-87434cf61666","sources":[{"dataset":"OpenStreetMap","license":"ODbL-1.0","property":"","provider":"osm","record_id":"n2472823039@1","resource":"planet","update_time":"2013-09-26T22:21:19Z","version":"2026-09-09"}],"version":1},"type":"Feature"},{"geometry":{"coordinates":[-86.8811592,35.9319567],"type":"Point"},"id":"e0d29576-ad1c-4628-9fa6-55f12a50e766","properties":{"id":"e0d29576-ad1c-4628-9fa6-55f12a50e766","sources":[{"dataset":"OpenStreetMap","license":"ODbL-1.0","property":"","provider":"osm","record_id":"n2472823038@1","resource":"planet","update_time":"2013-09-26T22:21:19Z","version":"2026-09-09"}],"version":1},"type":"Feature"},{"geometry":{"coordinates":[-86.8834503,35.9319942],"type":"Point"},"id":"7de15888-ddad-4760-be5e-2ce6550a47fd","properties":{"id":"7de15888-ddad-4760-be5e-2ce6550a47fd","sources":[{"dataset":"OpenStreetMap","license":"ODbL-1.0","property":"","provider":"osm","record_id":"n6690853228@1","resource":"planet","update_time":"2019-08-07T11:24:21Z","version":"2026-09-09"}],"version":1},"type":"Feature"},{"geometry":{"coordinates":[-86.8835284,35.9318999],"type":"Point"},"id":"166d8509-32fd-4d10-8c8e-82868ca96981","properties":{"id":"166d8509-32fd-4d10-8c8e-82868ca96981","sources":[{"dataset":"OpenStreetMap","license":"ODbL-1.0","property":"","provider":"osm","record_id":"n12821087125@1","resource":"planet","update_time":"2025-05-08T20:35:52Z","version":"2026-09-09"}],"version":1},"type":"Feature"},{"geometry":{"coordinates":[-86.882826,35.931928],"type":"Point"},"id":"069d57f0-5264-4c95-b236-3cbecbfaf782","properties":{"id":"069d57f0-5264-4c95-b236-3cbecbfaf782","sources":[{"dataset":"OpenStreetMap","license":"ODbL-1.0","property":"","provider":"osm","record_id":"n6690853234@1","resource":"planet","update_time":"2019-08-07T11:24:21Z","version":"2026-09-09"}],"version":1},"type":"Feature"},{"geometry":{"coordinates":[-86.8829102,35.931685],"type":"Point"},"id":"eab8ca70-e4d3-43c2-b8cc-5069ad16394d","properties":{"id":"eab8ca70-e4d3-43c2-b8cc-5069ad16394d","sources":[{"dataset":"OpenStreetMap","license":"ODbL-1.0","property":"","provider":"osm","record_id":"n6690853236@1","resource":"planet","update_time":"2019-08-07T11:24:21Z","version":"2026-09-09"}],"version":1},"type":"Feature"},{"geometry":{"coordinates":[-86.8834492,35.9317234],"type":"Point"},"id":"b2e332a3-5d3b-4c4c-9f9f-b2728b6d5cf0","properties":{"id":"b2e332a3-5d3b-4c4c-9f9f-b2728b6d5cf0","sources":[{"dataset":"OpenStreetMap","license":"ODbL-1.0","property":"","provider":"osm","record_id":"n6690853235@1","resource":"planet","update_time":"2019-08-07T11:24:21Z","version":"2026-09-09"}],"version":1},"type":"Feature"},{"geometry":{"coordinates":[-86.884843,35.9315724],"type":"Point"},"id":"2330adfb-74a6-45fc-9232-f70f027f066a","properties":{"id":"2330adfb-74a6-45fc-9232-f70f027f066a","sources":[{"dataset":"OpenStreetMap","license":"ODbL-1.0","property":"","provider":"osm","record_id":"n3494092596@1","resource":"planet","update_time":"2015-05-02T23:29:13Z","version":"2026-09-09"}],"version":1},"type":"Feature"},{"geometry":{"coordinates":[-86.8842652,35.9320807],"type":"Point"},"id":"eb7c8616-fc12-4708-8a87-43b54d6061ed","properties":{"id":"eb7c8616-fc12-4708-8a87-43b54d6061ed","sources":[{"dataset":"OpenStreetMap","license":"ODbL-1.0","property":"","provider":"osm","record_id":"n204145877@3","resource":"planet","update_time":"2010-11-23T22:58:32Z","version":"2026-09-09"}],"version":1},"type":"Feature"},{"geometry":{"coordinates":[-86.884914,35.9308815],"type":"Point"},"id":"84def51c-cee5-497c-b62c-4808a858ba25","properties":{"id":"84def51c-cee5-497c-b62c-4808a858ba25","sources":[{"dataset":"OpenStreetMap","license":"ODbL-1.0","property":"","provider":"osm","record_id":"n204129847@3","resource":"planet","update_time":"2015-04-16T11:55:38Z","version":"2026-09-09"}],"version":1},"type":"Feature"},{"geometry":{"coordinates":[-86.8843567,35.9314385],"type":"Point"},"id":"d6d86bbf-09bc-4cc2-8faf-3c3cb901f242","properties":{"id":"d6d86bbf-09bc-4cc2-8faf-3c3cb901f242","sources":[{"dataset":"OpenStreetMap","license":"ODbL-1.0","property":"","provider":"osm","record_id":"n7936764585@1","resource":"planet","update_time":"2020-09-24T07:37:40Z","version":"2026-09-09"}],"version":1},"type":"Feature"},{"geometry":{"coordinates":[-86.8826713,35.9306149],"type":"Point"},"id":"8e6f29fa-3704-488f-a314-62c11458f57b","properties":{"id":"8e6f29fa-3704-488f-a314-62c11458f57b","sources":[{"dataset":"OpenStreetMap","license":"ODbL-1.0","property":"","provider":"osm","record_id":"n204103626@3","resource":"planet","update_time":"2015-04-16T11:54:49Z","version":"2026-09-09"}],"version":1},"type":"Feature"},{"geometry":{"coordinates":[-86.8838729,35.930476],"type":"Point"},"id":"757eeadb-e4c8-4a8d-84a3-814756b343a0","properties":{"id":"757eeadb-e4c8-4a8d-84a3-814756b343a0","sources":[{"dataset":"OpenStreetMap","license":"ODbL-1.0","property":"","provider":"osm","record_id":"n204139547@4","resource":"planet","update_time":"2015-12-04T12:44:14Z","version":"2026-09-09"}],"version":1},"type":"Feature"},{"geometry":{"coordinates":[-86.8838127,35.9307429],"type":"Point"},"id":"19e98662-68e3-443f-8d27-8346e3fb0ccd","properties":{"id":"19e98662-68e3-443f-8d27-8346e3fb0ccd","sources":[{"dataset":"OpenStreetMap","license":"ODbL-1.0","property":"","provider":"osm","record_id":"n204139552@3","resource":"planet","update_time":"2015-04-16T11:55:38Z","version":"2026-09-09"}],"version":1},"type":"Feature"},{"geometry":{"coordinates":[-86.8849842,35.9306195],"type":"Point"},"id":"fffcb8bd-9ce2-48b0-9094-926caab8aaeb","properties":{"id":"fffcb8bd-9ce2-48b0-9094-926caab8aaeb","sources":[{"dataset":"OpenStreetMap","license":"ODbL-1.0","property":"","provider":"osm","record_id":"n204129842@4","resource":"planet","update_time":"2015-12-04T12:44:14Z","version":"2026-09-09"}],"version":1},"type":"Feature"},{"geometry":{"coordinates":[-86.88278,35.9303435],"type":"Point"},"id":"2fea6a7c-659b-4dd7-b5a0-1fa249db8e52","properties":{"id":"2fea6a7c-659b-4dd7-b5a0-1fa249db8e52","sources":[{"dataset":"OpenStreetMap","license":"ODbL-1.0","property":"","provider":"osm","record_id":"n204103622@4","resource":"planet","update_time":"2015-12-04T12:44:14Z","version":"2026-09-09"}],"version":1},"type":"Feature"},{"geometry":{"coordinates":[-86.8839996,35.932373],"type":"Point"},"id":"9f2dcf45-157e-4edf-ab0a-60c38505fec8","properties":{"id":"9f2dcf45-157e-4edf-ab0a-60c38505fec8","sources":[{"dataset":"OpenStreetMap","license":"ODbL-1.0","property":"","provider":"osm","record_id":"n2472823044@1","resource":"planet","update_time":"2013-09-26T22:21:19Z","version":"2026-09-09"}],"version":1},"type":"Feature"},{"geometry":{"coordinates":[-86.8837418,35.9323349],"type":"Point"},"id":"db29d196-941e-4b81-9b43-088f170a1b70","properties":{"id":"db29d196-941e-4b81-9b43-088f170a1b70","sources":[{"dataset":"OpenStreetMap","license":"ODbL-1.0","property":"","provider":"osm","record_id":"n2472823042@1","resource":"planet","update_time":"2013-09-26T22:21:19Z","version":"2026-09-09"}],"version":1},"type":"Feature"},{"geometry":{"coordinates":[-86.8836669,35.9327951],"type":"Point"},"id":"a4c5a7fe-ded8-4f47-bad9-5ddfb7df3c17","properties":{"id":"a4c5a7fe-ded8-4f47-bad9-5ddfb7df3c17","sources":[{"dataset":"OpenStreetMap","license":"ODbL-1.0","property":"","provider":"osm","record_id":"n2472823052@0","resource":"planet","version":"2026-09-09"}],"version":1},"type":"Feature"},{"geometry":{"coordinates":[-86.884124,35.9328163],"type":"Point"},"id":"fd3feb62-8d2d-4f85-ad86-5d5726b63391","properties":{"id":"fd3feb62-8d2d-4f85-ad86-5d5726b63391","sources":[{"dataset":"OpenStreetMap","license":"ODbL-1.0","property":"","provider":"osm","resource":"planet","version":"2026-09-09"}],"version":1},"type":"Feature"},{"geometry":{"coordinates":[-86.8849308,35.93281],"type":"Point"},"id":"22357099-5c68-4aeb-b2d7-6dc5f7d495fb","properties":{"id":"22357099-5c68-4aeb-b2d7-6dc5f7d495fb","sources":[{"dataset":"OpenStreetMap","license":"ODbL-1.0","property":"","provider":"osm","record_id":"n204103561@5","resource":"planet","update_time":"2015-12-04T12:44:14Z","version":"2026-09-09"}],"version":1},"type":"Feature"},{"geometry":{"coordinates":[-86.8827279,35.9331029],"type":"Point"},"id":"b2e3d940-5ad9-4095-8f36-0274a91cfe9b","properties":{"id":"b2e3d940-5ad9-4095-8f36-0274a91cfe9b","sources":[{"dataset":"OpenStreetMap","license":"ODbL-1.0","property":"","provider":"osm","record_id":"n7936764591@1","resource":"planet","update_time":"2020-09-24T07:37:40Z","version":"2026-09-09"}],"version":1},"type":"Feature"},{"geometry":{"coordinates":[-86.8835217,35.9331388],"type":"Point"},"id":"bc4bd8ab-6e04-4337-8151-2bd05b578195","properties":{"id":"bc4bd8ab-6e04-4337-8151-2bd05b578195","sources":[{"dataset":"OpenStreetMap","license":"ODbL-1.0","property":"","provider":"osm","record_id":"n7936764596@1","resource":"planet","update_time":"2020-09-24T07:37:40Z","version":"2026-09-09"}],"version":1},"type":"Feature"},{"geometry":{"coordinates":[-86.8830753,35.9334704],"type":"Point"},"id":"1e9487ec-357a-49d3-84c7-fc1c70f3c980","properties":{"id":"1e9487ec-357a-49d3-84c7-fc1c70f3c980","sources":[{"dataset":"OpenStreetMap","license":"ODbL-1.0","property":"","provider":"osm","record_id":"n205277861@4","resource":"planet","update_time":"2015-12-04T12:44:14Z","version":"2026-09-09"}],"version":1},"type":"Feature"},{"geometry":{"coordinates":[-86.8847638,35.9334899],"type":"Point"},"id":"fac78772-3057-48fc-a330-70773df8bda2","properties":{"id":"fac78772-3057-48fc-a330-70773df8bda2","sources":[{"dataset":"OpenStreetMap","license":"ODbL-1.0","property":"","provider":"osm","record_id":"n204103570@4","resource":"planet","update_time":"2015-05-02T23:29:16Z","version":"2026-09-09"}],"version":1},"type":"Feature"},{"geometry":{"coordinates":[-86.8847613,35.93448],"type":"Point"},"id":"e62432d8-4a93-4804-8832-a44ad03670c1","properties":{"id":"e62432d8-4a93-4804-8832-a44ad03670c1","sources":[{"dataset":"OpenStreetMap","license":"ODbL-1.0","property":"","provider":"osm","record_id":"n204103586@5","resource":"planet","update_time":"2015-05-02T23:29:16Z","version":"2026-09-09"}],"version":1},"type":"Feature"},{"geometry":{"coordinates":[-86.8830335,35.934763],"type":"Point"},"id":"2036a8cb-4725-4088-9d81-82762bd32eb9","properties":{"id":"2036a8cb-4725-4088-9d81-82762bd32eb9","sources":[{"dataset":"OpenStreetMap","license":"ODbL-1.0","property":"","provider":"osm","record_id":"n204148147@4","resource":"planet","update_time":"2015-12-04T12:44:14Z","version":"2026-09-09"}],"version":1},"type":"Feature"},{"geometry":{"coordinates":[-86.8849189,35.9347882],"type":"Point"},"id":"e83cb813-cd5d-4cdc-a890-ec2065bc13da","properties":{"id":"e83cb813-cd5d-4cdc-a890-ec2065bc13da","sources":[{"dataset":"OpenStreetMap","license":"ODbL-1.0","property":"","provider":"osm","record_id":"n3494092472@1","resource":"planet","update_time":"2015-05-02T23:29:12Z","version":"2026-09-09"}],"version":1},"type":"Feature"},{"geometry":{"coordinates":[-86.8845219,35.9376349],"type":"Point"},"id":"a2a5223a-94dc-43de-b3d4-104fecc68aa2","properties":{"id":"a2a5223a-94dc-43de-b3d4-104fecc68aa2","sources":[{"dataset":"OpenStreetMap","license":"ODbL-1.0","property":"","provider":"osm","record_id":"n204104230@4","resource":"planet","update_time":"2015-12-04T12:44:14Z","version":"2026-09-09"}],"version":1},"type":"Feature"},{"geometry":{"coordinates":[-86.8839763,35.9376204],"type":"Point"},"id":"51500bcb-a345-4d7a-b043-c255c46c2377","properties":{"id":"51500bcb-a345-4d7a-b043-c255c46c2377","sources":[{"dataset":"OpenStreetMap","license":"ODbL-1.0","property":"","provider":"osm","record_id":"n204104227@4","resource":"planet","update_time":"2015-12-04T12:44:14Z","version":"2026-09-09"}],"version":1},"type":"Feature"},{"geometry":{"coordinates":[-86.8831709,35.9370409],"type":"Point"},"id":"f7a973b5-0156-465e-b006-62c9c8df4cf6","properties":{"id":"f7a973b5-0156-465e-b006-62c9c8df4cf6","sources":[{"dataset":"OpenStreetMap","license":"ODbL-1.0","property":"","provider":"osm","record_id":"n204104215@3","resource":"planet","update_time":"2010-11-23T23:10:43Z","version":"2026-09-09"}],"version":1},"type":"Feature"},{"geometry":{"coordinates":[-86.8842636,35.9366828],"type":"Point"},"id":"ec0bc8c0-db25-4396-a608-290758a588ca","properties":{"id":"ec0bc8c0-db25-4396-a608-290758a588ca","sources":[{"dataset":"OpenStreetMap","license":"ODbL-1.0","property":"","provider":"osm","record_id":"n7016724508@1","resource":"planet","update_time":"2019-11-28T11:07:42Z","version":"2026-09-09"}],"version":1},"type":"Feature"},{"geometry":{"coordinates":[-86.8847354,35.9365205],"type":"Point"},"id":"f95b1cea-3f76-425f-a338-dea2ac9fbaec","properties":{"id":"f95b1cea-3f76-425f-a338-dea2ac9fbaec","sources":[{"dataset":"OpenStreetMap","license":"ODbL-1.0","property":"","provider":"osm","record_id":"n7016724505@1","resource":"planet","update_time":"2019-11-28T11:07:42Z","version":"2026-09-09"}],"version":1},"type":"Feature"},{"geometry":{"coordinates":[-86.8833801,35.9360811],"type":"Point"},"id":"c4777448-113e-4321-9b5b-3480657dddcd","properties":{"id":"c4777448-113e-4321-9b5b-3480657dddcd","sources":[{"dataset":"OpenStreetMap","license":"ODbL-1.0","property":"","provider":"osm","record_id":"n204105382@3","resource":"planet","update_time":"2010-11-23T23:10:45Z","version":"2026-09-09"}],"version":1},"type":"Feature"},{"geometry":{"coordinates":[-86.8845495,35.9361419],"type":"Point"},"id":"b8cdbd91-680b-4c11-945b-3639768b5886","properties":{"id":"b8cdbd91-680b-4c11-945b-3639768b5886","sources":[{"dataset":"OpenStreetMap","license":"ODbL-1.0","property":"","provider":"osm","record_id":"n204105385@3","resource":"planet","update_time":"2010-11-23T23:10:43Z","version":"2026-09-09"}],"version":1},"type":"Feature"},{"geometry":{"coordinates":[-86.8849789,35.9353474],"type":"Point"},"id":"d257e0b8-aea5-4741-accf-82c962cb3abe","properties":{"id":"d257e0b8-aea5-4741-accf-82c962cb3abe","sources":[{"dataset":"OpenStreetMap","license":"ODbL-1.0","property":"","provider":"osm","record_id":"n204092457@3","resource":"planet","update_time":"2010-11-23T22:58:30Z","version":"2026-09-09"}],"version":1},"type":"Feature"},{"geometry":{"coordinates":[-86.8813552,35.9352129],"type":"Point"},"id":"6b9ce44e-2a7e-4233-8581-609262487b98","properties":{"id":"6b9ce44e-2a7e-4233-8581-609262487b98","sources":[{"dataset":"OpenStreetMap","license":"ODbL-1.0","property":"","provider":"osm","record_id":"n2472823064@1","resource":"planet","update_time":"2013-09-26T22:21:19Z","version":"2026-09-09"}],"version":1},"type":"Feature"},{"geometry":{"coordinates":[-86.8796678,35.9352832],"type":"Point"},"id":"2672b1b4-4b99-44a4-8f79-22217d3caea3","properties":{"id":"2672b1b4-4b99-44a4-8f79-22217d3caea3","sources":[{"dataset":"OpenStreetMap","license":"ODbL-1.0","property":"","provider":"osm","record_id":"n2472823066@1","resource":"planet","update_time":"2013-09-26T22:21:19Z","version":"2026-09-09"}],"version":1},"type":"Feature"},{"geometry":{"coordinates":[-86.8802998,35.9352991],"type":"Point"},"id":"d0db26ac-63f6-470c-a7e6-c9233484a3ee","properties":{"id":"d0db26ac-63f6-470c-a7e6-c9233484a3ee","sources":[{"dataset":"OpenStreetMap","license":"ODbL-1.0","property":"","provider":"osm","record_id":"n2472823067@1","resource":"planet","update_time":"2013-09-26T22:21:19Z","version":"2026-09-09"}],"version":1},"type":"Feature"},{"geometry":{"coordinates":[-86.8809011,35.9352995],"type":"Point"},"id":"4d4681fc-a015-4c72-b8b0-48d5e951ef8b","properties":{"id":"4d4681fc-a015-4c72-b8b0-48d5e951ef8b","sources":[{"dataset":"OpenStreetMap","license":"ODbL-1.0","property":"","provider":"osm","record_id":"n13506949792@1","resource":"planet","update_time":"2026-01-28T15:37:52Z","version":"2026-09-09"}],"version":1},"type":"Feature"},{"geometry":{"coordinates":[-86.8767825,35.935068],"type":"Point"},"id":"288501c6-3866-48b1-a0fd-ebc48911f10b","properties":{"id":"288501c6-3866-48b1-a0fd-ebc48911f10b","sources":[{"dataset":"OpenStreetMap","license":"ODbL-1.0","property":"","provider":"osm","record_id":"n205278320@3","resource":"planet","update_time":"2010-11-24T03:41:18Z","version":"2026-09-09"}],"version":1},"type":"Feature"},{"geometry":{"coordinates":[-86.8794403,35.9355817],"type":"Point"},"id":"85344cd2-c299-472a-ac64-8373ce0a126c","properties":{"id":"85344cd2-c299-472a-ac64-8373ce0a126c","sources":[{"dataset":"OpenStreetMap","license":"ODbL-1.0","property":"","provider":"osm","record_id":"n2472823070@1","resource":"planet","update_time":"2013-09-26T22:21:19Z","version":"2026-09-09"}],"version":1},"type":"Feature"},{"geometry":{"coordinates":[-86.8789852,35.9356863],"type":"Point"},"id":"f3707e9d-820f-469a-94b1-98eec8fc9ba3","properties":{"id":"f3707e9d-820f-469a-94b1-98eec8fc9ba3","sources":[{"dataset":"OpenStreetMap","license":"ODbL-1.0","property":"","provider":"osm","record_id":"n7001553137@1","resource":"planet","update_time":"2019-11-22T13:48:38Z","version":"2026-09-09"}],"version":1},"type":"Feature"},{"geometry":{"coordinates":[-86.8784979,35.935974],"type":"Point"},"id":"86821acb-35e5-4833-8acc-a9e7eefac520","properties":{"id":"86821acb-35e5-4833-8acc-a9e7eefac520","sources":[{"dataset":"OpenStreetMap","license":"ODbL-1.0","property":"","provider":"osm","record_id":"n7017255015@1","resource":"planet","update_time":"2019-11-28T14:23:18Z","version":"2026-09-09"}],"version":1},"type":"Feature"},{"geometry":{"coordinates":[-86.878445,35.9357907],"type":"Point"},"id":"7b554ab7-436f-4092-9ef7-68cf33ba753d","properties":{"id":"7b554ab7-436f-4092-9ef7-68cf33ba753d","sources":[{"dataset":"OpenStreetMap","license":"ODbL-1.0","property":"","provider":"osm","record_id":"n7001553134@1","resource":"planet","update_time":"2019-11-22T13:48:38Z","version":"2026-09-09"}],"version":1},"type":"Feature"},{"geometry":{"coordinates":[-86.8769936,35.9360478],"type":"Point"},"id":"dd33e855-3ea4-4877-81ea-b6307bbddd99","properties":{"id":"dd33e855-3ea4-4877-81ea-b6307bbddd99","sources":[{"dataset":"OpenStreetMap","license":"ODbL-1.0","property":"","provider":"osm","record_id":"n205272745@4","resource":"planet","update_time":"2015-06-16T15:51:11Z","version":"2026-09-09"}],"version":1},"type":"Feature"},{"geometry":{"coordinates":[-86.8780002,35.9360785],"type":"Point"},"id":"d158371a-9552-48aa-800e-822733a44d63","properties":{"id":"d158371a-9552-48aa-800e-822733a44d63","sources":[{"dataset":"OpenStreetMap","license":"ODbL-1.0","property":"","provider":"osm","record_id":"n7017255016@1","resource":"planet","update_time":"2019-11-28T14:23:18Z","version":"2026-09-09"}],"version":1},"type":"Feature"},{"geometry":{"coordinates":[-86.8780614,35.9364014],"type":"Point"},"id":"db77f6ca-4259-49f7-a8b2-f8a6089cf16b","properties":{"id":"db77f6ca-4259-49f7-a8b2-f8a6089cf16b","sources":[{"dataset":"OpenStreetMap","license":"ODbL-1.0","property":"","provider":"osm","record_id":"n8485124583@1","resource":"planet","update_time":"2021-03-04T08:12:19Z","version":"2026-09-09"}],"version":1},"type":"Feature"},{"geometry":{"coordinates":[-86.878587,35.9363111],"type":"Point"},"id":"e5ebd5f8-576b-4f15-af32-6c41ab9122df","properties":{"id":"e5ebd5f8-576b-4f15-af32-6c41ab9122df","sources":[{"dataset":"OpenStreetMap","license":"ODbL-1.0","property":"","provider":"osm","record_id":"n8485124581@1","resource":"planet","update_time":"2021-03-04T08:12:19Z","version":"2026-09-09"}],"version":1},"type":"Feature"},{"geometry":{"coordinates":[-86.8806913,35.9362707],"type":"Point"},"id":"a0c407ae-08cc-4347-8880-5a495d9b475c","properties":{"id":"a0c407ae-08cc-4347-8880-5a495d9b475c","sources":[{"dataset":"OpenStreetMap","license":"ODbL-1.0","property":"","provider":"osm","record_id":"n2472823075@1","resource":"planet","update_time":"2013-09-26T22:21:20Z","version":"2026-09-09"}],"version":1},"type":"Feature"},{"geometry":{"coordinates":[-86.8816685,35.93596],"type":"Point"},"id":"d6c77834-312a-419b-9ce6-8da6b845b198","properties":{"id":"d6c77834-312a-419b-9ce6-8da6b845b198","sources":[{"dataset":"OpenStreetMap","license":"ODbL-1.0","property":"","provider":"osm","record_id":"n204105379@3","resource":"planet","update_time":"2015-12-04T12:44:14Z","version":"2026-09-09"}],"version":1},"type":"Feature"},{"geometry":{"coordinates":[-86.8814167,35.9358992],"type":"Point"},"id":"b1cb1bd6-66d0-4bb7-9304-d6e73536fd53","properties":{"id":"b1cb1bd6-66d0-4bb7-9304-d6e73536fd53","sources":[{"dataset":"OpenStreetMap","license":"ODbL-1.0","property":"","provider":"osm","record_id":"n2472823074@1","resource":"planet","update_time":"2013-09-26T22:21:20Z","version":"2026-09-09"}],"version":1},"type":"Feature"},{"geometry":{"coordinates":[-86.8818597,35.9367167],"type":"Point"},"id":"f32b0315-2ae9-4440-8e68-7afc38139e3c","properties":{"id":"f32b0315-2ae9-4440-8e68-7afc38139e3c","sources":[{"dataset":"OpenStreetMap","license":"ODbL-1.0","property":"","provider":"osm","record_id":"n7016724504@1","resource":"planet","update_time":"2019-11-28T11:07:42Z","version":"2026-09-09"}],"version":1},"type":"Feature"},{"geometry":{"coordinates":[-86.8796726,35.9365955],"type":"Point"},"id":"f29340b5-e9b7-42fd-ad20-b5e78ff9286a","properties":{"id":"f29340b5-e9b7-42fd-ad20-b5e78ff9286a","sources":[{"dataset":"OpenStreetMap","license":"ODbL-1.0","property":"","provider":"osm","record_id":"n2472823077@1","resource":"planet","update_time":"2013-09-26T22:21:20Z","version":"2026-09-09"}],"version":1},"type":"Feature"},{"geometry":{"coordinates":[-86.8804243,35.9371365],"type":"Point"},"id":"6236b8d5-fe28-4e9b-93b4-e1dbd501f5cb","properties":{"id":"6236b8d5-fe28-4e9b-93b4-e1dbd501f5cb","sources":[{"dataset":"OpenStreetMap","license":"ODbL-1.0","property":"","provider":"osm","record_id":"n204095956@3","resource":"planet","update_time":"2010-11-23T23:10:44Z","version":"2026-09-09"}],"version":1},"type":"Feature"},{"geometry":{"coordinates":[-86.8821839,35.9370347],"type":"Point"},"id":"d63029d1-e035-449e-a967-f218bf043197","properties":{"id":"d63029d1-e035-449e-a967-f218bf043197","sources":[{"dataset":"OpenStreetMap","license":"ODbL-1.0","property":"","provider":"osm","record_id":"n205522594@5","resource":"planet","update_time":"2015-12-04T12:44:14Z","version":"2026-09-09"}],"version":1},"type":"Feature"},{"geometry":{"coordinates":[-86.8824686,35.937221],"type":"Point"},"id":"ca5e600b-2d99-4f6f-b2f7-5076bdee606e","properties":{"id":"ca5e600b-2d99-4f6f-b2f7-5076bdee606e","sources":[{"dataset":"OpenStreetMap","license":"ODbL-1.0","property":"","provider":"osm","record_id":"n204104205@4","resource":"planet","update_time":"2015-12-04T12:44:14Z","version":"2026-09-09"}],"version":1},"type":"Feature"},{"geometry":{"coordinates":[-86.8815431,35.9372813],"type":"Point"},"id":"5bf0638d-cf39-442a-83dd-f795844efecb","properties":{"id":"5bf0638d-cf39-442a-83dd-f795844efecb","sources":[{"dataset":"OpenStreetMap","license":"ODbL-1.0","property":"","provider":"osm","record_id":"n2472823079@1","resource":"planet","update_time":"2013-09-26T22:21:20Z","version":"2026-09-09"}],"version":1},"type":"Feature"},{"geometry":{"coordinates":[-86.8805683,35.9377615],"type":"Point"},"id":"152fed01-66b8-4a37-a005-619dfa0f569b","properties":{"id":"152fed01-66b8-4a37-a005-619dfa0f569b","sources":[{"dataset":"OpenStreetMap","license":"ODbL-1.0","property":"","provider":"osm","record_id":"n2472823082@1","resource":"planet","update_time":"2013-09-26T22:21:20Z","version":"2026-09-09"}],"version":1},"type":"Feature"},{"geometry":{"coordinates":[-86.8799569,35.9377163],"type":"Point"},"id":"90113d48-c3af-42f2-81f0-42bc1f278f8a","properties":{"id":"90113d48-c3af-42f2-81f0-42bc1f278f8a","sources":[{"dataset":"OpenStreetMap","license":"ODbL-1.0","property":"","provider":"osm","record_id":"n2472823081@1","resource":"planet","update_time":"2013-09-26T22:21:20Z","version":"2026-09-09"}],"version":1},"type":"Feature"},{"geometry":{"coordinates":[-86.8807071,35.9374185],"type":"Point"},"id":"0830cefc-6f4b-421e-ae7a-95a0a74f2c82","properties":{"id":"0830cefc-6f4b-421e-ae7a-95a0a74f2c82","sources":[{"dataset":"OpenStreetMap","license":"ODbL-1.0","property":"","provider":"osm","record_id":"n2472823080@2","resource":"planet","update_time":"2018-08-27T03:55:44Z","version":"2026-09-09"}],"version":1},"type":"Feature"},{"geometry":{"coordinates":[-86.8792969,35.937193],"type":"Point"},"id":"a4e88aa6-abbd-4973-8950-3cf96420c4f8","properties":{"id":"a4e88aa6-abbd-4973-8950-3cf96420c4f8","sources":[{"dataset":"OpenStreetMap","license":"ODbL-1.0","property":"","provider":"osm","record_id":"n10225651451@1","resource":"planet","update_time":"2022-11-29T13:29:20Z","version":"2026-09-09"}],"version":1},"type":"Feature"},{"geometry":{"coordinates":[-86.8788234,35.9373297],"type":"Point"},"id":"f4a74003-9108-4317-a586-f96b3d5a6118","properties":{"id":"f4a74003-9108-4317-a586-f96b3d5a6118","sources":[{"dataset":"OpenStreetMap","license":"ODbL-1.0","property":"","provider":"osm","record_id":"n204095950@8","resource":"planet","update_time":"2024-07-30T15:22:42Z","version":"2026-09-09"}],"version":1},"type":"Feature"},{"geometry":{"coordinates":[-86.8789517,35.9373111],"type":"Point"},"id":"1ee5ba82-6cf2-4180-8c36-cc78f043b710","properties":{"id":"1ee5ba82-6cf2-4180-8c36-cc78f043b710","sources":[{"dataset":"OpenStreetMap","license":"ODbL-1.0","property":"","provider":"osm","record_id":"n9036666949@3","resource":"planet","update_time":"2025-07-30T22:57:23Z","version":"2026-09-09"}],"version":1},"type":"Feature"},{"geometry":{"coordinates":[-86.8788003,35.9372341],"type":"Point"},"id":"c858cc1c-8055-4b36-8321-64115220fe4e","properties":{"id":"c858cc1c-8055-4b36-8321-64115220fe4e","sources":[{"dataset":"OpenStreetMap","license":"ODbL-1.0","property":"","provider":"osm","record_id":"n10225651452@2","resource":"planet","update_time":"2024-07-30T15:22:42Z","version":"2026-09-09"}],"version":1},"type":"Feature"},{"geometry":{"coordinates":[-86.8789232,35.9372053],"type":"Point"},"id":"ac6936b9-a78a-4c36-ae00-d334415c4785","properties":{"id":"ac6936b9-a78a-4c36-ae00-d334415c4785","sources":[{"dataset":"OpenStreetMap","license":"ODbL-1.0","property":"","provider":"osm","record_id":"n10225651453@2","resource":"planet","update_time":"2025-07-30T22:57:23Z","version":"2026-09-09"}],"version":1},"type":"Feature"},{"geometry":{"coordinates":[-86.8786628,35.9372619],"type":"Point"},"id":"837e963e-695d-495e-a891-199013dbd4b3","properties":{"id":"837e963e-695d-495e-a891-199013dbd4b3","sources":[{"dataset":"OpenStreetMap","license":"ODbL-1.0","property":"","provider":"osm","record_id":"n10225651455@2","resource":"planet","update_time":"2025-07-30T22:57:23Z","version":"2026-09-09"}],"version":1},"type":"Feature"},{"geometry":{"coordinates":[-86.8783582,35.9373162],"type":"Point"},"id":"4cac6aeb-dc33-4c36-8230-d3cce35d2933","properties":{"id":"4cac6aeb-dc33-4c36-8230-d3cce35d2933","sources":[{"dataset":"OpenStreetMap","license":"ODbL-1.0","property":"","provider":"osm","record_id":"n10225651471@1","resource":"planet","update_time":"2022-11-29T13:29:20Z","version":"2026-09-09"}],"version":1},"type":"Feature"},{"geometry":{"coordinates":[-86.8786824,35.9373547],"type":"Point"},"id":"072f04ff-e1f8-43b1-9167-a576989fe3df","properties":{"id":"072f04ff-e1f8-43b1-9167-a576989fe3df","sources":[{"dataset":"OpenStreetMap","license":"ODbL-1.0","property":"","provider":"osm","record_id":"n9036666946@3","resource":"planet","update_time":"2025-07-30T22:57:23Z","version":"2026-09-09"}],"version":1},"type":"Feature"},{"geometry":{"coordinates":[-86.8786372,35.9374008],"type":"Point"},"id":"e7c6c183-4e44-47f9-8030-01f3117addb7","properties":{"id":"e7c6c183-4e44-47f9-8030-01f3117addb7","sources":[{"dataset":"OpenStreetMap","license":"ODbL-1.0","property":"","provider":"osm","record_id":"n9036666941@1","resource":"planet","update_time":"2021-08-26T02:50:36Z","version":"2026-09-09"}],"version":1},"type":"Feature"},{"geometry":{"coordinates":[-86.8787043,35.9374185],"type":"Point"},"id":"fffb8b97-1775-4abc-a95d-ddd8aacf74e4","properties":{"id":"fffb8b97-1775-4abc-a95d-ddd8aacf74e4","sources":[{"dataset":"OpenStreetMap","license":"ODbL-1.0","property":"","provider":"osm","record_id":"n9036666943@1","resource":"planet","update_time":"2021-08-26T02:50:36Z","version":"2026-09-09"}],"version":1},"type":"Feature"},{"geometry":{"coordinates":[-86.8783935,35.9374003],"type":"Point"},"id":"85baafe7-9ac3-4ce1-af6f-4c8a6e5c7b3d","properties":{"id":"85baafe7-9ac3-4ce1-af6f-4c8a6e5c7b3d","sources":[{"dataset":"OpenStreetMap","license":"ODbL-1.0","property":"","provider":"osm","record_id":"n10225651470@1","resource":"planet","update_time":"2022-11-29T13:29:20Z","version":"2026-09-09"}],"version":1},"type":"Feature"},{"geometry":{"coordinates":[-86.8788403,35.9373925],"type":"Point"},"id":"c4f61ec6-f9bc-433c-a4d6-d2c1b4036854","properties":{"id":"c4f61ec6-f9bc-433c-a4d6-d2c1b4036854","sources":[{"dataset":"OpenStreetMap","license":"ODbL-1.0","property":"","provider":"osm","record_id":"n9036666948@2","resource":"planet","update_time":"2025-07-30T22:57:23Z","version":"2026-09-09"}],"version":1},"type":"Feature"},{"geometry":{"coordinates":[-86.8789691,35.937368],"type":"Point"},"id":"a51a08a0-b18a-47c7-858c-1d733ffebe49","properties":{"id":"a51a08a0-b18a-47c7-858c-1d733ffebe49","sources":[{"dataset":"OpenStreetMap","license":"ODbL-1.0","property":"","provider":"osm","record_id":"n9036666942@1","resource":"planet","update_time":"2021-08-26T02:50:36Z","version":"2026-09-09"}],"version":1},"type":"Feature"},{"geometry":{"coordinates":[-86.8794837,35.9376544],"type":"Point"},"id":"9ff0612d-7d6a-4e93-9b84-957015250f08","properties":{"id":"9ff0612d-7d6a-4e93-9b84-957015250f08","sources":[{"dataset":"OpenStreetMap","license":"ODbL-1.0","property":"","provider":"osm","record_id":"n7936801901@1","resource":"planet","update_time":"2020-09-24T07:58:14Z","version":"2026-09-09"}],"version":1},"type":"Feature"},{"geometry":{"coordinates":[-86.8789374,35.937735],"type":"Point"},"id":"b12a29db-3f4c-41f3-b66e-4495118b8b2f","properties":{"id":"b12a29db-3f4c-41f3-b66e-4495118b8b2f","sources":[{"dataset":"OpenStreetMap","license":"ODbL-1.0","property":"","provider":"osm","record_id":"n7936801898@3","resource":"planet","update_time":"2024-07-30T14:38:06Z","version":"2026-09-09"}],"version":1},"type":"Feature"},{"geometry":{"coordinates":[-86.8773353,35.9374915],"type":"Point"},"id":"1c7a496e-7d12-41db-8ed2-c73aa3d5d37d","properties":{"id":"1c7a496e-7d12-41db-8ed2-c73aa3d5d37d","sources":[{"dataset":"OpenStreetMap","license":"ODbL-1.0","property":"","provider":"osm","record_id":"n205278318@4","resource":"planet","update_time":"2022-11-29T13:29:20Z","version":"2026-09-09"}],"version":1},"type":"Feature"},{"geometry":{"coordinates":[-86.8777536,35.9375014],"type":"Point"},"id":"8dee34d7-b675-4119-a606-844dd2aabc7d","properties":{"id":"8dee34d7-b675-4119-a606-844dd2aabc7d","sources":[{"dataset":"OpenStreetMap","license":"ODbL-1.0","property":"","provider":"osm","record_id":"n3540155722@2","resource":"planet","update_time":"2022-11-29T13:29:20Z","version":"2026-09-09"}],"version":1},"type":"Feature"},{"geometry":{"coordinates":[-86.8787828,35.9371569],"type":"Point"},"id":"19bb89ab-7d6b-4ac6-87f4-7e7a65dbc484","properties":{"id":"19bb89ab-7d6b-4ac6-87f4-7e7a65dbc484","sources":[{"dataset":"OpenStreetMap","license":"ODbL-1.0","property":"","provider":"osm","record_id":"n9036666947@2","resource":"planet","update_time":"2025-07-30T22:57:23Z","version":"2026-09-09"}],"version":1},"type":"Feature"},{"geometry":{"coordinates":[-86.8760878,35.9371403],"type":"Point"},"id":"fa21bb95-cff3-4043-b304-70c5c8a398db","properties":{"id":"fa21bb95-cff3-4043-b304-70c5c8a398db","sources":[{"dataset":"OpenStreetMap","license":"ODbL-1.0","property":"","provider":"osm","record_id":"n205510683@4","resource":"planet","update_time":"2015-06-16T15:51:12Z","version":"2026-09-09"}],"version":1},"type":"Feature"},{"geometry":{"coordinates":[-86.8762119,35.9376923],"type":"Point"},"id":"b00f6cc8-8587-4406-ad30-203cb257b620","properties":{"id":"b00f6cc8-8587-4406-ad30-203cb257b620","sources":[{"dataset":"OpenStreetMap","license":"ODbL-1.0","property":"","provider":"osm","record_id":"n10225651458@1","resource":"planet","update_time":"2022-11-29T13:29:20Z","version":"2026-09-09"}],"version":1},"type":"Feature"},{"geometry":{"coordinates":[-86.8762285,35.9377662],"type":"Point"},"id":"4403e682-3e2a-4953-aeea-efd8f2f3712d","properties":{"id":"4403e682-3e2a-4953-aeea-efd8f2f3712d","sources":[{"dataset":"OpenStreetMap","license":"ODbL-1.0","property":"","provider":"osm","record_id":"n205510681@5","resource":"planet","update_time":"2022-11-29T13:29:20Z","version":"2026-09-09"}],"version":1},"type":"Feature"},{"geometry":{"coordinates":[-86.8752494,35.9378843],"type":"Point"},"id":"388aa172-c4f8-4b9e-8d84-1b4a3d6d1625","properties":{"id":"388aa172-c4f8-4b9e-8d84-1b4a3d6d1625","sources":[{"dataset":"OpenStreetMap","license":"ODbL-1.0","property":"","provider":"osm","record_id":"n205503620@4","resource":"planet","update_time":"2011-04-03T23:24:06Z","version":"2026-09-09"}],"version":1},"type":"Feature"},{"geometry":{"coordinates":[-86.8752632,35.9376544],"type":"Point"},"id":"113570aa-b181-4663-8d0c-e245ccc6b657","properties":{"id":"113570aa-b181-4663-8d0c-e245ccc6b657","sources":[{"dataset":"OpenStreetMap","license":"ODbL-1.0","property":"","provider":"osm","record_id":"n10225651469@1","resource":"planet","update_time":"2022-11-29T13:29:20Z","version":"2026-09-09"}],"version":1},"type":"Feature"},{"geometry":{"coordinates":[-86.8745942,35.9377349],"type":"Point"},"id":"5c49417e-d71f-46c3-8583-47e1aeb1ceb4","properties":{"id":"5c49417e-d71f-46c3-8583-47e1aeb1ceb4","sources":[{"dataset":"OpenStreetMap","license":"ODbL-1.0","property":"","provider":"osm","record_id":"n205503609@4","resource":"planet","update_time":"2011-04-03T23:24:06Z","version":"2026-09-09"}],"version":1},"type":"Feature"},{"geometry":{"coordinates":[-86.8748532,35.937482],"type":"Point"},"id":"2c4ab430-3160-4a30-ba66-645a8fb9f780","properties":{"id":"2c4ab430-3160-4a30-ba66-645a8fb9f780","sources":[{"dataset":"OpenStreetMap","license":"ODbL-1.0","property":"","provider":"osm","record_id":"n205503602@4","resource":"planet","update_time":"2011-04-03T23:24:06Z","version":"2026-09-09"}],"version":1},"type":"Feature"},{"geometry":{"coordinates":[-86.8727326,35.9368717],"type":"Point"},"id":"071f6cbb-b3a0-4abe-8b36-243b5fc5cf1f","properties":{"id":"071f6cbb-b3a0-4abe-8b36-243b5fc5cf1f","sources":[{"dataset":"OpenStreetMap","license":"ODbL-1.0","property":"","provider":"osm","record_id":"n205505690@5","resource":"planet","update_time":"2015-06-16T15:51:11Z","version":"2026-09-09"}],"version":1},"type":"Feature"},{"geometry":{"coordinates":[-86.8720446,35.9359979],"type":"Point"},"id":"367f7a7d-815e-43a9-81b7-d425b2c19742","properties":{"id":"367f7a7d-815e-43a9-81b7-d425b2c19742","sources":[{"dataset":"OpenStreetMap","license":"ODbL-1.0","property":"","provider":"osm","record_id":"n3598851412@1","resource":"planet","update_time":"2015-06-16T15:51:05Z","version":"2026-09-09"}],"version":1},"type":"Feature"},{"geometry":{"coordinates":[-86.8732592,35.9361079],"type":"Point"},"id":"2da1d655-c1e5-482d-9f59-f3eb898b2705","properties":{"id":"2da1d655-c1e5-482d-9f59-f3eb898b2705","sources":[{"dataset":"OpenStreetMap","license":"ODbL-1.0","property":"","provider":"osm","record_id":"n205503667@3","resource":"planet","update_time":"2010-11-24T03:41:19Z","version":"2026-09-09"}],"version":1},"type":"Feature"},{"geometry":{"coordinates":[-86.8720733,35.9363316],"type":"Point"},"id":"85703903-2277-43ce-8f8d-9b5a6b6b0f28","properties":{"id":"85703903-2277-43ce-8f8d-9b5a6b6b0f28","sources":[{"dataset":"OpenStreetMap","license":"ODbL-1.0","property":"","provider":"osm","record_id":"n3598851417@1","resource":"planet","update_time":"2015-06-16T15:51:05Z","version":"2026-09-09"}],"version":1},"type":"Feature"},{"geometry":{"coordinates":[-86.8748095,35.9363285],"type":"Point"},"id":"75c69acf-12c9-4b79-911c-e0ed4756e7fe","properties":{"id":"75c69acf-12c9-4b79-911c-e0ed4756e7fe","sources":[{"dataset":"OpenStreetMap","license":"ODbL-1.0","property":"","provider":"osm","record_id":"n204058984@4","resource":"planet","update_time":"2015-06-16T15:51:11Z","version":"2026-09-09"}],"version":1},"type":"Feature"},{"geometry":{"coordinates":[-86.8745649,35.9364736],"type":"Point"},"id":"a5844b83-377a-4d0c-bacb-341f2c18d02c","properties":{"id":"a5844b83-377a-4d0c-bacb-341f2c18d02c","sources":[{"dataset":"OpenStreetMap","license":"ODbL-1.0","property":"","provider":"osm","record_id":"n204058981@3","resource":"planet","update_time":"2010-11-24T03:41:15Z","version":"2026-09-09"}],"version":1},"type":"Feature"},{"geometry":{"coordinates":[-86.8761449,35.9361915],"type":"Point"},"id":"e0b814c5-9bb6-40e1-a3c7-af69f908a11b","properties":{"id":"e0b814c5-9bb6-40e1-a3c7-af69f908a11b","sources":[{"dataset":"OpenStreetMap","license":"ODbL-1.0","property":"","provider":"osm","record_id":"n205272746@4","resource":"planet","update_time":"2015-06-16T15:51:11Z","version":"2026-09-09"}],"version":1},"type":"Feature"},{"geometry":{"coordinates":[-86.8753218,35.9362437],"type":"Point"},"id":"3cb3bbcc-5e60-4fd4-924d-479aeaa3ccfe","properties":{"id":"3cb3bbcc-5e60-4fd4-924d-479aeaa3ccfe","sources":[{"dataset":"OpenStreetMap","license":"ODbL-1.0","property":"","provider":"osm","record_id":"n7051598692@1","resource":"planet","update_time":"2019-12-12T10:27:54Z","version":"2026-09-09"}],"version":1},"type":"Feature"},{"geometry":{"coordinates":[-86.875034,35.935294],"type":"Point"},"id":"e2ab690c-6994-4a44-80e2-5bf98e91408c","properties":{"id":"e2ab690c-6994-4a44-80e2-5bf98e91408c","sources":[{"dataset":"OpenStreetMap","license":"ODbL-1.0","property":"","provider":"osm","record_id":"n204109718@2","resource":"planet","update_time":"2009-10-16T12:33:01Z","version":"2026-09-09"}],"version":1},"type":"Feature"},{"geometry":{"coordinates":[-86.8725824,35.9346374],"type":"Point"},"id":"a895e888-a2ff-4865-bfe1-4fb622e5c82e","properties":{"id":"a895e888-a2ff-4865-bfe1-4fb622e5c82e","sources":[{"dataset":"OpenStreetMap","license":"ODbL-1.0","property":"","provider":"osm","record_id":"n3855835152@1","resource":"planet","update_time":"2015-11-24T04:24:42Z","version":"2026-09-09"}],"version":1},"type":"Feature"},{"geometry":{"coordinates":[-86.8740327,35.9342643],"type":"Point"},"id":"1fd5bfba-5fc6-47b0-b863-a1801eceba1a","properties":{"id":"1fd5bfba-5fc6-47b0-b863-a1801eceba1a","sources":[{"dataset":"OpenStreetMap","license":"ODbL-1.0","property":"","provider":"osm","record_id":"n205521221@4","resource":"planet","update_time":"2015-06-16T15:51:12Z","version":"2026-09-09"}],"version":1},"type":"Feature"},{"geometry":{"coordinates":[-86.8763435,35.9338641],"type":"Point"},"id":"a6b8cd02-b536-490a-a2d4-c92276208178","properties":{"id":"a6b8cd02-b536-490a-a2d4-c92276208178","sources":[{"dataset":"OpenStreetMap","license":"ODbL-1.0","property":"","provider":"osm","record_id":"n205278323@4","resource":"planet","update_time":"2015-06-16T15:51:11Z","version":"2026-09-09"}],"version":1},"type":"Feature"},{"geometry":{"coordinates":[-86.8750502,35.9342994],"type":"Point"},"id":"11509ad0-f515-41d4-b965-9a2f16f6584a","properties":{"id":"11509ad0-f515-41d4-b965-9a2f16f6584a","sources":[{"dataset":"OpenStreetMap","license":"ODbL-1.0","property":"","provider":"osm","record_id":"n204109730@4","resource":"planet","update_time":"2015-06-16T15:51:11Z","version":"2026-09-09"}],"version":1},"type":"Feature"},{"geometry":{"coordinates":[-86.8780362,35.9345061],"type":"Point"},"id":"720c2c89-1902-4371-9ebf-f47f40e92b1d","properties":{"id":"720c2c89-1902-4371-9ebf-f47f40e92b1d","sources":[{"dataset":"OpenStreetMap","license":"ODbL-1.0","property":"","provider":"osm","record_id":"n6691023543@1","resource":"planet","update_time":"2019-08-07T13:21:21Z","version":"2026-09-09"}],"version":1},"type":"Feature"},{"geometry":{"coordinates":[-86.8791239,35.934549],"type":"Point"},"id":"04b6c811-4664-4af7-8434-8167a75a038f","properties":{"id":"04b6c811-4664-4af7-8434-8167a75a038f","sources":[{"dataset":"OpenStreetMap","license":"ODbL-1.0","property":"","provider":"osm","record_id":"n6691023545@1","resource":"planet","update_time":"2019-08-07T13:21:21Z","version":"2026-09-09"}],"version":1},"type":"Feature"},{"geometry":{"coordinates":[-86.8814205,35.9350483],"type":"Point"},"id":"98486d6d-a10c-4793-96b1-4b9982d4da61","properties":{"id":"98486d6d-a10c-4793-96b1-4b9982d4da61","sources":[{"dataset":"OpenStreetMap","license":"ODbL-1.0","property":"","provider":"osm","record_id":"n13506949783@1","resource":"planet","update_time":"2026-01-28T15:37:52Z","version":"2026-09-09"}],"version":1},"type":"Feature"},{"geometry":{"coordinates":[-86.882302,35.9348401],"type":"Point"},"id":"a1029313-9f10-47c5-9f39-143dc899e974","properties":{"id":"a1029313-9f10-47c5-9f39-143dc899e974","sources":[{"dataset":"OpenStreetMap","license":"ODbL-1.0","property":"","provider":"osm","record_id":"n205279092@4","resource":"planet","update_time":"2015-12-04T12:44:14Z","version":"2026-09-09"}],"version":1},"type":"Feature"},{"geometry":{"coordinates":[-86.8825726,35.9338582],"type":"Point"},"id":"d7b7e403-ccfa-4e7a-a87d-1c89e630a193","properties":{"id":"d7b7e403-ccfa-4e7a-a87d-1c89e630a193","sources":[{"dataset":"OpenStreetMap","license":"ODbL-1.0","property":"","provider":"osm","record_id":"n204148144@4","resource":"planet","update_time":"2015-12-04T12:44:14Z","version":"2026-09-09"}],"version":1},"type":"Feature"},{"geometry":{"coordinates":[-86.8808477,35.9338818],"type":"Point"},"id":"2f291495-f4fa-4423-8ef1-604d0173f004","properties":{"id":"2f291495-f4fa-4423-8ef1-604d0173f004","sources":[{"dataset":"OpenStreetMap","license":"ODbL-1.0","property":"","provider":"osm","record_id":"n2472823059@1","resource":"planet","update_time":"2013-09-26T22:21:19Z","version":"2026-09-09"}],"version":1},"type":"Feature"},{"geometry":{"coordinates":[-86.8778641,35.9340174],"type":"Point"},"id":"5e5db3a9-72d2-46b0-aae4-341ce8d77aed","properties":{"id":"5e5db3a9-72d2-46b0-aae4-341ce8d77aed","sources":[{"dataset":"OpenStreetMap","license":"ODbL-1.0","property":"","provider":"osm","record_id":"n6691036345@1","resource":"planet","update_time":"2019-08-07T13:02:35Z","version":"2026-09-09"}],"version":1},"type":"Feature"},{"geometry":{"coordinates":[-86.8779145,35.9341605],"type":"Point"},"id":"3a6874f9-c902-4786-96b9-d141659f8478","properties":{"id":"3a6874f9-c902-4786-96b9-d141659f8478","sources":[{"dataset":"OpenStreetMap","license":"ODbL-1.0","property":"","provider":"osm","record_id":"n6691036350@1","resource":"planet","update_time":"2019-08-07T13:02:35Z","version":"2026-09-09"}],"version":1},"type":"Feature"},{"geometry":{"coordinates":[-86.8778156,35.9338796],"type":"Point"},"id":"2e4720e5-eefb-409e-8961-dd191efbad0c","properties":{"id":"2e4720e5-eefb-409e-8961-dd191efbad0c","sources":[{"dataset":"OpenStreetMap","license":"ODbL-1.0","property":"","provider":"osm","record_id":"n6691036338@1","resource":"planet","update_time":"2019-08-07T13:02:35Z","version":"2026-09-09"}],"version":1},"type":"Feature"},{"geometry":{"coordinates":[-86.8777848,35.9333611],"type":"Point"},"id":"b3137cad-46b9-46ae-a99e-3cb3e8a0d382","properties":{"id":"b3137cad-46b9-46ae-a99e-3cb3e8a0d382","sources":[{"dataset":"OpenStreetMap","license":"ODbL-1.0","property":"","provider":"osm","resource":"planet","version":"2026-09-09"}],"version":2},"type":"Feature"},{"geometry":{"coordinates":[-86.8776471,35.9333864],"type":"Point"},"id":"9dac39b5-0aba-4d31-a555-7ae859f4d1e4","properties":{"id":"9dac39b5-0aba-4d31-a555-7ae859f4d1e4","sources":[{"dataset":"OpenStreetMap","license":"ODbL-1.0","property":"","provider":"osm","record_id":"n5843310002@1","resource":"planet","update_time":"2018-08-20T06:45:54Z","version":"2026-09-09"}],"version":1},"type":"Feature"},{"geometry":{"coordinates":[-86.8778422,35.9333506],"type":"Point"},"id":"77cb5f43-f136-496c-b1a8-0dde04480f58","properties":{"id":"77cb5f43-f136-496c-b1a8-0dde04480f58","sources":[{"dataset":"OpenStreetMap","license":"ODbL-1.0","property":"","provider":"osm","record_id":"n5843310005@1","resource":"planet","update_time":"2018-08-20T06:45:54Z","version":"2026-09-09"}],"version":1},"type":"Feature"},{"geometry":{"coordinates":[-86.8790808,35.9329206],"type":"Point"},"id":"0bf78615-3bca-4701-beea-59aed4b40210","properties":{"id":"0bf78615-3bca-4701-beea-59aed4b40210","sources":[{"dataset":"OpenStreetMap","license":"ODbL-1.0","property":"","provider":"osm","record_id":"n6927586754@1","resource":"planet","update_time":"2019-10-29T15:32:39Z","version":"2026-09-09"}],"version":1},"type":"Feature"},{"geometry":{"coordinates":[-86.8780688,35.9332867],"type":"Point"},"id":"024d96d9-815a-47c3-a682-5972a8ff9929","properties":{"id":"024d96d9-815a-47c3-a682-5972a8ff9929","sources":[{"dataset":"OpenStreetMap","license":"ODbL-1.0","property":"","provider":"osm","record_id":"n5843310003@1","resource":"planet","update_time":"2018-08-20T06:45:54Z","version":"2026-09-09"}],"version":1},"type":"Feature"},{"geometry":{"coordinates":[-86.8786934,35.9334239],"type":"Point"},"id":"d034e4ce-9b25-4242-8f60-d9fb6dab6eaa","properties":{"id":"d034e4ce-9b25-4242-8f60-d9fb6dab6eaa","sources":[{"dataset":"OpenStreetMap","license":"ODbL-1.0","property":"","provider":"osm","record_id":"n6691036344@1","resource":"planet","update_time":"2019-08-07T13:02:35Z","version":"2026-09-09"}],"version":1},"type":"Feature"},{"geometry":{"coordinates":[-86.8811103,35.9334395],"type":"Point"},"id":"072de455-5242-487d-bcc3-fec5890ba83a","properties":{"id":"072de455-5242-487d-bcc3-fec5890ba83a","sources":[{"dataset":"OpenStreetMap","license":"ODbL-1.0","property":"","provider":"osm","record_id":"n2472823056@1","resource":"planet","update_time":"2013-09-26T22:21:19Z","version":"2026-09-09"}],"version":1},"type":"Feature"},{"geometry":{"coordinates":[-86.8811476,35.9332018],"type":"Point"},"id":"c9dbf1bd-e62c-4fbd-9c80-d6ad5d9c8de3","properties":{"id":"c9dbf1bd-e62c-4fbd-9c80-d6ad5d9c8de3","sources":[{"dataset":"OpenStreetMap","license":"ODbL-1.0","property":"","provider":"osm","record_id":"n2472823054@1","resource":"planet","update_time":"2013-09-26T22:21:19Z","version":"2026-09-09"}],"version":1},"type":"Feature"},{"geometry":{"coordinates":[-86.8809615,35.9331785],"type":"Point"},"id":"a2475fd8-8032-4218-b617-39c31bf820b9","properties":{"id":"a2475fd8-8032-4218-b617-39c31bf820b9","sources":[{"dataset":"OpenStreetMap","license":"ODbL-1.0","property":"","provider":"osm","record_id":"n2472823053@1","resource":"planet","update_time":"2013-09-26T22:21:19Z","version":"2026-09-09"}],"version":1},"type":"Feature"},{"geometry":{"coordinates":[-86.87974,35.9332499],"type":"Point"},"id":"63460939-7b49-4bed-9bfa-f68eb305316b","properties":{"id":"63460939-7b49-4bed-9bfa-f68eb305316b","sources":[{"dataset":"OpenStreetMap","license":"ODbL-1.0","property":"","provider":"osm","record_id":"n13037971142@1","resource":"planet","update_time":"2025-07-30T19:35:40Z","version":"2026-09-09"}],"version":1},"type":"Feature"},{"geometry":{"coordinates":[-86.879675,35.9331625],"type":"Point"},"id":"1d567d84-0700-42a1-9c8c-8957c3bbf0ad","properties":{"id":"1d567d84-0700-42a1-9c8c-8957c3bbf0ad","sources":[{"dataset":"OpenStreetMap","license":"ODbL-1.0","property":"","provider":"osm","record_id":"n5843310032@1","resource":"planet","update_time":"2018-08-20T06:45:54Z","version":"2026-09-09"}],"version":1},"type":"Feature"},{"geometry":{"coordinates":[-86.8797395,35.9329982],"type":"Point"},"id":"49ad0873-bc7b-4213-8758-79d188946b10","properties":{"id":"49ad0873-bc7b-4213-8758-79d188946b10","sources":[{"dataset":"OpenStreetMap","license":"ODbL-1.0","property":"","provider":"osm","record_id":"n6927586753@1","resource":"planet","update_time":"2019-10-29T15:32:39Z","version":"2026-09-09"}],"version":1},"type":"Feature"},{"geometry":{"coordinates":[-86.8798012,35.9328457],"type":"Point"},"id":"8b85e1d8-bd3e-4a6b-8963-66c74de10f09","properties":{"id":"8b85e1d8-bd3e-4a6b-8963-66c74de10f09","sources":[{"dataset":"OpenStreetMap","license":"ODbL-1.0","property":"","provider":"osm","record_id":"n6927586755@1","resource":"planet","update_time":"2019-10-29T15:32:39Z","version":"2026-09-09"}],"version":1},"type":"Feature"},{"geometry":{"coordinates":[-86.8798624,35.9326889],"type":"Point"},"id":"6376ef67-194e-414e-8322-cd3eeba66216","properties":{"id":"6376ef67-194e-414e-8322-cd3eeba66216","sources":[{"dataset":"OpenStreetMap","license":"ODbL-1.0","property":"","provider":"osm","record_id":"n6927586756@1","resource":"planet","update_time":"2019-10-29T15:32:39Z","version":"2026-09-09"}],"version":1},"type":"Feature"},{"geometry":{"coordinates":[-86.882573,35.9326801],"type":"Point"},"id":"6150cd25-42ad-44b0-8b91-8641faabd979","properties":{"id":"6150cd25-42ad-44b0-8b91-8641faabd979","sources":[{"dataset":"OpenStreetMap","license":"ODbL-1.0","property":"","provider":"osm","record_id":"n2472823051@1","resource":"planet","update_time":"2013-09-26T22:21:19Z","version":"2026-09-09"}],"version":1},"type":"Feature"},{"geometry":{"coordinates":[-86.8819767,35.9326174],"type":"Point"},"id":"43d3b87a-c2f4-427c-87d1-f9edb2172647","properties":{"id":"43d3b87a-c2f4-427c-87d1-f9edb2172647","sources":[{"dataset":"OpenStreetMap","license":"ODbL-1.0","property":"","provider":"osm","record_id":"n2472823050@1","resource":"planet","update_time":"2013-09-26T22:21:19Z","version":"2026-09-09"}],"version":1},"type":"Feature"},{"geometry":{"coordinates":[-86.8812656,35.9325482],"type":"Point"},"id":"2e568d03-2f4b-443c-9f18-56162f0e65a5","properties":{"id":"2e568d03-2f4b-443c-9f18-56162f0e65a5","sources":[{"dataset":"OpenStreetMap","license":"ODbL-1.0","property":"","provider":"osm","record_id":"n2472823048@1","resource":"planet","update_time":"2013-09-26T22:21:19Z","version":"2026-09-09"}],"version":1},"type":"Feature"},{"geometry":{"coordinates":[-86.8810886,35.932393],"type":"Point"},"id":"23dce5dc-348c-4e87-9822-15a0f3690c34","properties":{"id":"23dce5dc-348c-4e87-9822-15a0f3690c34","sources":[{"dataset":"OpenStreetMap","license":"ODbL-1.0","property":"","provider":"osm","record_id":"n2472823045@1","resource":"planet","update_time":"2013-09-26T22:21:19Z","version":"2026-09-09"}],"version":1},"type":"Feature"},{"geometry":{"coordinates":[-86.8812901,35.9324157],"type":"Point"},"id":"3cf4f9c7-d9c8-46e8-bfd9-a4560d278b4f","properties":{"id":"3cf4f9c7-d9c8-46e8-bfd9-a4560d278b4f","sources":[{"dataset":"OpenStreetMap","license":"ODbL-1.0","property":"","provider":"osm","record_id":"n2472823046@1","resource":"planet","update_time":"2013-09-26T22:21:19Z","version":"2026-09-09"}],"version":1},"type":"Feature"},{"geometry":{"coordinates":[-86.8799312,35.9325154],"type":"Point"},"id":"e2cd35c5-1390-4633-9b67-b6dd97a7edd9","properties":{"id":"e2cd35c5-1390-4633-9b67-b6dd97a7edd9","sources":[{"dataset":"OpenStreetMap","license":"ODbL-1.0","property":"","provider":"osm","record_id":"n6927586758@1","resource":"planet","update_time":"2019-10-29T15:32:39Z","version":"2026-09-09"}],"version":1},"type":"Feature"},{"geometry":{"coordinates":[-86.8799954,35.9323503],"type":"Point"},"id":"884d5f60-f76a-4b0b-926e-ac194929ad07","properties":{"id":"884d5f60-f76a-4b0b-926e-ac194929ad07","sources":[{"dataset":"OpenStreetMap","license":"ODbL-1.0","property":"","provider":"osm","record_id":"n6927586759@1","resource":"planet","update_time":"2019-10-29T15:32:39Z","version":"2026-09-09"}],"version":1},"type":"Feature"},{"geometry":{"coordinates":[-86.8788325,35.932217],"type":"Point"},"id":"41482099-d676-467b-bba3-71a93d208497","properties":{"id":"41482099-d676-467b-bba3-71a93d208497","sources":[{"dataset":"OpenStreetMap","license":"ODbL-1.0","property":"","provider":"osm","record_id":"n6927586760@1","resource":"planet","update_time":"2019-10-29T15:32:39Z","version":"2026-09-09"}],"version":1},"type":"Feature"},{"geometry":{"coordinates":[-86.8784568,35.9324335],"type":"Point"},"id":"3cb30cbf-2098-4dd2-997d-4a97bd558200","properties":{"id":"3cb30cbf-2098-4dd2-997d-4a97bd558200","sources":[{"dataset":"OpenStreetMap","license":"ODbL-1.0","property":"","provider":"osm","record_id":"n5843310000@1","resource":"planet","update_time":"2018-08-20T06:45:54Z","version":"2026-09-09"}],"version":1},"type":"Feature"},{"geometry":{"coordinates":[-86.8782885,35.9324152],"type":"Point"},"id":"fc939605-9c49-4bff-9490-10ce1f10d0af","properties":{"id":"fc939605-9c49-4bff-9490-10ce1f10d0af","sources":[{"dataset":"OpenStreetMap","license":"ODbL-1.0","property":"","provider":"osm","record_id":"n6927705790@1","resource":"planet","update_time":"2019-10-29T16:19:52Z","version":"2026-09-09"}],"version":1},"type":"Feature"},{"geometry":{"coordinates":[-86.8780358,35.9323878],"type":"Point"},"id":"f1f98e52-9909-4240-a321-2643eec1fd36","properties":{"id":"f1f98e52-9909-4240-a321-2643eec1fd36","sources":[{"dataset":"OpenStreetMap","license":"ODbL-1.0","property":"","provider":"osm","record_id":"n5843310013@1","resource":"planet","update_time":"2018-08-20T06:45:54Z","version":"2026-09-09"}],"version":1},"type":"Feature"},{"geometry":{"coordinates":[-86.8782709,35.9325093],"type":"Point"},"id":"b533a411-b3d8-499c-a5c3-d6e99b28c841","properties":{"id":"b533a411-b3d8-499c-a5c3-d6e99b28c841","sources":[{"dataset":"OpenStreetMap","license":"ODbL-1.0","property":"","provider":"osm","record_id":"n6927705791@1","resource":"planet","update_time":"2019-10-29T16:19:52Z","version":"2026-09-09"}],"version":1},"type":"Feature"},{"geometry":{"coordinates":[-86.8784424,35.9325111],"type":"Point"},"id":"2e30e364-c90a-4c41-b2c6-c468a26e0125","properties":{"id":"2e30e364-c90a-4c41-b2c6-c468a26e0125","sources":[{"dataset":"OpenStreetMap","license":"ODbL-1.0","property":"","provider":"osm","record_id":"n6927586757@1","resource":"planet","update_time":"2019-10-29T15:32:39Z","version":"2026-09-09"}],"version":1},"type":"Feature"},{"geometry":{"coordinates":[-86.8788004,35.9323816],"type":"Point"},"id":"b624bb20-3b4f-4290-869e-d471d6bb5e89","properties":{"id":"b624bb20-3b4f-4290-869e-d471d6bb5e89","sources":[{"dataset":"OpenStreetMap","license":"ODbL-1.0","property":"","provider":"osm","record_id":"n5843309999@2","resource":"planet","update_time":"2019-10-29T15:32:39Z","version":"2026-09-09"}],"version":1},"type":"Feature"},{"geometry":{"coordinates":[-86.8791061,35.932759],"type":"Point"},"id":"f33705ac-49d0-4558-b4c3-f7334f1f0d2a","properties":{"id":"f33705ac-49d0-4558-b4c3-f7334f1f0d2a","sources":[{"dataset":"OpenStreetMap","license":"ODbL-1.0","property":"","provider":"osm","record_id":"n5843310034@2","resource":"planet","update_time":"2019-10-29T15:32:39Z","version":"2026-09-09"}],"version":1},"type":"Feature"},{"geometry":{"coordinates":[-86.8782119,35.9328281],"type":"Point"},"id":"6aa192b3-3123-4385-90aa-d5547c9c4395","properties":{"id":"6aa192b3-3123-4385-90aa-d5547c9c4395","sources":[{"dataset":"OpenStreetMap","license":"ODbL-1.0","property":"","provider":"osm","record_id":"n5843310004@1","resource":"planet","update_time":"2018-08-20T06:45:54Z","version":"2026-09-09"}],"version":1},"type":"Feature"},{"geometry":{"coordinates":[-86.8781932,35.9328881],"type":"Point"},"id":"829ff775-d338-4ce0-b312-1c5723023385","properties":{"id":"829ff775-d338-4ce0-b312-1c5723023385","sources":[{"dataset":"OpenStreetMap","license":"ODbL-1.0","property":"","provider":"osm","record_id":"n6927705797@1","resource":"planet","update_time":"2019-10-29T16:19:52Z","version":"2026-09-09"}],"version":1},"type":"Feature"},{"geometry":{"coordinates":[-86.878052,35.9329102],"type":"Point"},"id":"cc017f9f-0337-4628-961c-08e0db3091b2","properties":{"id":"cc017f9f-0337-4628-961c-08e0db3091b2","sources":[{"dataset":"OpenStreetMap","license":"ODbL-1.0","property":"","provider":"osm","record_id":"n5843310006@0","resource":"planet","version":"2026-09-09"}],"version":2},"type":"Feature"},{"geometry":{"coordinates":[-86.8781909,35.9326684],"type":"Point"},"id":"8707a194-fda1-4bd8-a3f1-eeaab66569a5","properties":{"id":"8707a194-fda1-4bd8-a3f1-eeaab66569a5","sources":[{"dataset":"OpenStreetMap","license":"ODbL-1.0","property":"","provider":"osm","record_id":"n3590701660@2","resource":"planet","update_time":"2018-08-20T06:45:55Z","version":"2026-09-09"}],"version":1},"type":"Feature"},{"geometry":{"coordinates":[-86.8784107,35.9326818],"type":"Point"},"id":"f2eda62c-6677-4b4d-b0d9-84c95e43efc4","properties":{"id":"f2eda62c-6677-4b4d-b0d9-84c95e43efc4","sources":[{"dataset":"OpenStreetMap","license":"ODbL-1.0","property":"","provider":"osm","record_id":"n5843310001@1","resource":"planet","update_time":"2018-08-20T06:45:54Z","version":"2026-09-09"}],"version":1},"type":"Feature"},{"geometry":{"coordinates":[-86.8774531,35.9326552],"type":"Point"},"id":"16d7c1e8-f4c5-4357-8dc3-cd0f99551304","properties":{"id":"16d7c1e8-f4c5-4357-8dc3-cd0f99551304","sources":[{"dataset":"OpenStreetMap","license":"ODbL-1.0","property":"","provider":"osm","record_id":"n13038233121@1","resource":"planet","update_time":"2025-07-30T22:57:23Z","version":"2026-09-09"}],"version":1},"type":"Feature"},{"geometry":{"coordinates":[-86.8779982,35.9326761],"type":"Point"},"id":"5e378c73-7f84-400c-89ab-f2291109a23f","properties":{"id":"5e378c73-7f84-400c-89ab-f2291109a23f","sources":[{"dataset":"OpenStreetMap","license":"ODbL-1.0","property":"","provider":"osm","record_id":"n5843310012@1","resource":"planet","update_time":"2018-08-20T06:45:54Z","version":"2026-09-09"}],"version":1},"type":"Feature"},{"geometry":{"coordinates":[-86.8775731,35.9329067],"type":"Point"},"id":"1d1d7f1b-01ca-4091-8df3-7ccdbd3fae40","properties":{"id":"1d1d7f1b-01ca-4091-8df3-7ccdbd3fae40","sources":[{"dataset":"OpenStreetMap","license":"ODbL-1.0","property":"","provider":"osm","record_id":"n13038233122@1","resource":"planet","update_time":"2025-07-30T22:57:23Z","version":"2026-09-09"}],"version":1},"type":"Feature"},{"geometry":{"coordinates":[-86.8774058,35.9328319],"type":"Point"},"id":"a660d72e-a4b0-4867-8044-1d63070761b2","properties":{"id":"a660d72e-a4b0-4867-8044-1d63070761b2","sources":[{"dataset":"OpenStreetMap","license":"ODbL-1.0","property":"","provider":"osm","record_id":"n3590701662@2","resource":"planet","update_time":"2018-08-20T06:45:55Z","version":"2026-09-09"}],"version":1},"type":"Feature"},{"geometry":{"coordinates":[-86.8775211,35.9327976],"type":"Point"},"id":"5d78c353-0d3e-4462-847e-2040c3652e25","properties":{"id":"5d78c353-0d3e-4462-847e-2040c3652e25","sources":[{"dataset":"OpenStreetMap","license":"ODbL-1.0","property":"","provider":"osm","record_id":"n13038233123@1","resource":"planet","update_time":"2025-07-30T22:57:23Z","version":"2026-09-09"}],"version":1},"type":"Feature"},{"geometry":{"coordinates":[-86.8773989,35.9323146],"type":"Point"},"id":"3b03b924-3332-4d7a-a930-577e475a25b6","properties":{"id":"3b03b924-3332-4d7a-a930-577e475a25b6","sources":[{"dataset":"OpenStreetMap","license":"ODbL-1.0","property":"","provider":"osm","record_id":"n5843310011@1","resource":"planet","update_time":"2018-08-20T06:45:54Z","version":"2026-09-09"}],"version":1},"type":"Feature"},{"geometry":{"coordinates":[-86.87784,35.9323653],"type":"Point"},"id":"b8bad912-f52a-481f-9d71-67f4d989a615","properties":{"id":"b8bad912-f52a-481f-9d71-67f4d989a615","sources":[{"dataset":"OpenStreetMap","license":"ODbL-1.0","property":"","provider":"osm","record_id":"n6927692582@1","resource":"planet","update_time":"2019-10-29T16:19:52Z","version":"2026-09-09"}],"version":1},"type":"Feature"},{"geometry":{"coordinates":[-86.8778628,35.9322233],"type":"Point"},"id":"d5c8a88a-6c12-41c8-9e74-93f6e9748db7","properties":{"id":"d5c8a88a-6c12-41c8-9e74-93f6e9748db7","sources":[{"dataset":"OpenStreetMap","license":"ODbL-1.0","property":"","provider":"osm","record_id":"n6927705785@1","resource":"planet","update_time":"2019-10-29T16:19:52Z","version":"2026-09-09"}],"version":1},"type":"Feature"},{"geometry":{"coordinates":[-86.8764142,35.9328296],"type":"Point"},"id":"95152472-2944-4c57-9435-f7acf45a3767","properties":{"id":"95152472-2944-4c57-9435-f7acf45a3767","sources":[{"dataset":"OpenStreetMap","license":"ODbL-1.0","property":"","provider":"osm","record_id":"n204109757@4","resource":"planet","update_time":"2015-06-16T15:51:11Z","version":"2026-09-09"}],"version":1},"type":"Feature"},{"geometry":{"coordinates":[-86.8757868,35.9330125],"type":"Point"},"id":"7a17b023-fda8-4c55-808a-438f1334af00","properties":{"id":"7a17b023-fda8-4c55-808a-438f1334af00","sources":[{"dataset":"OpenStreetMap","license":"ODbL-1.0","property":"","provider":"osm","record_id":"n204109748@4","resource":"planet","update_time":"2013-09-26T22:06:47Z","version":"2026-09-09"}],"version":1},"type":"Feature"},{"geometry":{"coordinates":[-86.8751717,35.9334268],"type":"Point"},"id":"f1a3ddcf-21cc-4b32-8935-3cd3b2531bcd","properties":{"id":"f1a3ddcf-21cc-4b32-8935-3cd3b2531bcd","sources":[{"dataset":"OpenStreetMap","license":"ODbL-1.0","property":"","provider":"osm","record_id":"n204109738@4","resource":"planet","update_time":"2013-09-26T22:06:47Z","version":"2026-09-09"}],"version":1},"type":"Feature"},{"geometry":{"coordinates":[-86.8747301,35.9332446],"type":"Point"},"id":"15dc9fd1-25dc-4d6e-8735-362d09e6e391","properties":{"id":"15dc9fd1-25dc-4d6e-8735-362d09e6e391","sources":[{"dataset":"OpenStreetMap","license":"ODbL-1.0","property":"","provider":"osm","record_id":"n205517120@4","resource":"planet","update_time":"2015-06-16T15:51:12Z","version":"2026-09-09"}],"version":1},"type":"Feature"},{"geometry":{"coordinates":[-86.873306,35.933412],"type":"Point"},"id":"305d1534-a901-448f-b113-c73d8b6328b0","properties":{"id":"305d1534-a901-448f-b113-c73d8b6328b0","sources":[{"dataset":"OpenStreetMap","license":"ODbL-1.0","property":"","provider":"osm","record_id":"n3855835163@1","resource":"planet","update_time":"2015-11-24T04:24:42Z","version":"2026-09-09"}],"version":1},"type":"Feature"},{"geometry":{"coordinates":[-86.8705106,35.9329513],"type":"Point"},"id":"b7b89eda-bd94-47f5-a596-cb02c4697c09","properties":{"id":"b7b89eda-bd94-47f5-a596-cb02c4697c09","sources":[{"dataset":"OpenStreetMap","license":"ODbL-1.0","property":"","provider":"osm","record_id":"n7588277281@1","resource":"planet","update_time":"2020-06-03T07:37:08Z","version":"2026-09-09"}],"version":1},"type":"Feature"},{"geometry":{"coordinates":[-86.8713993,35.9323132],"type":"Point"},"id":"ccc0fea2-76af-444e-9e73-871f01349d50","properties":{"id":"ccc0fea2-76af-444e-9e73-871f01349d50","sources":[{"dataset":"OpenStreetMap","license":"ODbL-1.0","property":"","provider":"osm","record_id":"n7937613765@1","resource":"planet","update_time":"2020-09-24T11:56:17Z","version":"2026-09-09"}],"version":1},"type":"Feature"},{"geometry":{"coordinates":[-86.8704304,35.9322395],"type":"Point"},"id":"765f13cb-f3d8-46f2-ace0-c0e13673b5cc","properties":{"id":"765f13cb-f3d8-46f2-ace0-c0e13673b5cc","sources":[{"dataset":"OpenStreetMap","license":"ODbL-1.0","property":"","provider":"osm","record_id":"n7588277274@1","resource":"planet","update_time":"2020-06-03T07:37:08Z","version":"2026-09-09"}],"version":1},"type":"Feature"},{"geometry":{"coordinates":[-86.8688985,35.9323778],"type":"Point"},"id":"5ed2f3f1-076f-440d-a1cb-cba8bc0ab14e","properties":{"id":"5ed2f3f1-076f-440d-a1cb-cba8bc0ab14e","sources":[{"dataset":"OpenStreetMap","license":"ODbL-1.0","property":"","provider":"osm","record_id":"n8485024759@1","resource":"planet","update_time":"2021-03-04T07:32:56Z","version":"2026-09-09"}],"version":1},"type":"Feature"},{"geometry":{"coordinates":[-86.8689332,35.9334662],"type":"Point"},"id":"738febef-3bf4-42f7-9658-e708ec8d32a4","properties":{"id":"738febef-3bf4-42f7-9658-e708ec8d32a4","sources":[{"dataset":"OpenStreetMap","license":"ODbL-1.0","property":"","provider":"osm","record_id":"n3598850564@1","resource":"planet","update_time":"2015-06-16T15:51:04Z","version":"2026-09-09"}],"version":1},"type":"Feature"},{"geometry":{"coordinates":[-86.8653351,35.9331068],"type":"Point"},"id":"03b42493-85a2-4ffd-8979-ea670e632211","properties":{"id":"03b42493-85a2-4ffd-8979-ea670e632211","sources":[{"dataset":"OpenStreetMap","license":"ODbL-1.0","property":"","provider":"osm","record_id":"n7018720373@1","resource":"planet","update_time":"2019-11-29T07:19:00Z","version":"2026-09-09"}],"version":1},"type":"Feature"},{"geometry":{"coordinates":[-86.8648574,35.9329005],"type":"Point"},"id":"260dd078-33c2-4f76-adb1-d89510dbf6a3","properties":{"id":"260dd078-33c2-4f76-adb1-d89510dbf6a3","sources":[{"dataset":"OpenStreetMap","license":"ODbL-1.0","property":"","provider":"osm","record_id":"n7018720374@1","resource":"planet","update_time":"2019-11-29T07:19:00Z","version":"2026-09-09"}],"version":1},"type":"Feature"},{"geometry":{"coordinates":[-86.8649831,35.9326153],"type":"Point"},"id":"4d1b580f-9158-431f-9a03-f347039472b4","properties":{"id":"4d1b580f-9158-431f-9a03-f347039472b4","sources":[{"dataset":"OpenStreetMap","license":"ODbL-1.0","property":"","provider":"osm","record_id":"n204139568@4","resource":"planet","update_time":"2013-11-15T03:24:51Z","version":"2026-09-09"}],"version":1},"type":"Feature"},{"geometry":{"coordinates":[-86.8658056,35.932558],"type":"Point"},"id":"376de3e6-7491-4894-a2f2-13ff1b354aea","properties":{"id":"376de3e6-7491-4894-a2f2-13ff1b354aea","sources":[{"dataset":"OpenStreetMap","license":"ODbL-1.0","property":"","provider":"osm","record_id":"n7169037743@1","resource":"planet","update_time":"2020-01-29T11:03:54Z","version":"2026-09-09"}],"version":1},"type":"Feature"},{"geometry":{"coordinates":[-86.8646257,35.9324345],"type":"Point"},"id":"5375ce87-909f-4f9a-886e-33161be323c1","properties":{"id":"5375ce87-909f-4f9a-886e-33161be323c1","sources":[{"dataset":"OpenStreetMap","license":"ODbL-1.0","property":"","provider":"osm","record_id":"n204101966@4","resource":"planet","update_time":"2013-11-15T03:24:51Z","version":"2026-09-09"}],"version":1},"type":"Feature"},{"geometry":{"coordinates":[-86.8645855,35.9324162],"type":"Point"},"id":"9ce5a764-73fc-4ddb-84bd-5c70fba6c826","properties":{"id":"9ce5a764-73fc-4ddb-84bd-5c70fba6c826","sources":[{"dataset":"OpenStreetMap","license":"ODbL-1.0","property":"","provider":"osm","record_id":"n8485421288@1","resource":"planet","update_time":"2021-03-04T09:46:13Z","version":"2026-09-09"}],"version":1},"type":"Feature"},{"geometry":{"coordinates":[-86.8623758,35.932604],"type":"Point"},"id":"46cf29f9-66f3-4694-a768-2a65208cb1dd","properties":{"id":"46cf29f9-66f3-4694-a768-2a65208cb1dd","sources":[{"dataset":"OpenStreetMap","license":"ODbL-1.0","property":"","provider":"osm","record_id":"n13063420247@1","resource":"planet","update_time":"2025-08-11T12:32:25Z","version":"2026-09-09"}],"version":1},"type":"Feature"},{"geometry":{"coordinates":[-86.862276,35.9325613],"type":"Point"},"id":"f86cbddd-c9d1-4487-afd5-a0e8767780b6","properties":{"id":"f86cbddd-c9d1-4487-afd5-a0e8767780b6","sources":[{"dataset":"OpenStreetMap","license":"ODbL-1.0","property":"","provider":"osm","record_id":"n11303262445@2","resource":"planet","update_time":"2025-08-11T12:32:25Z","version":"2026-09-09"}],"version":2},"type":"Feature"},{"geometry":{"coordinates":[-86.8624778,35.9326487],"type":"Point"},"id":"55db7402-645f-46a9-aac3-c5963f144929","properties":{"id":"55db7402-645f-46a9-aac3-c5963f144929","sources":[{"dataset":"OpenStreetMap","license":"ODbL-1.0","property":"","provider":"osm","record_id":"n13063420246@1","resource":"planet","update_time":"2025-08-11T12:32:25Z","version":"2026-09-09"}],"version":1},"type":"Feature"},{"geometry":{"coordinates":[-86.8615013,35.9324357],"type":"Point"},"id":"7f885907-b40b-4f2d-9005-100f2c85307e","properties":{"id":"7f885907-b40b-4f2d-9005-100f2c85307e","sources":[{"dataset":"OpenStreetMap","license":"ODbL-1.0","property":"","provider":"osm","record_id":"n4951685187@1","resource":"planet","update_time":"2017-07-04T21:34:25Z","version":"2026-09-09"}],"version":1},"type":"Feature"},{"geometry":{"coordinates":[-86.8616751,35.9325273],"type":"Point"},"id":"9f820541-ab1c-49ff-a7c6-f71454cdc698","properties":{"id":"9f820541-ab1c-49ff-a7c6-f71454cdc698","sources":[{"dataset":"OpenStreetMap","license":"ODbL-1.0","property":"","provider":"osm","record_id":"n4951685188@1","resource":"planet","update_time":"2017-07-04T21:34:25Z","version":"2026-09-09"}],"version":1},"type":"Feature"},{"geometry":{"coordinates":[-86.8619226,35.9325079],"type":"Point"},"id":"325c2197-7a6c-4941-b7b0-f8b99d1a3207","properties":{"id":"325c2197-7a6c-4941-b7b0-f8b99d1a3207","sources":[{"dataset":"OpenStreetMap","license":"ODbL-1.0","property":"","provider":"osm","record_id":"n4951685189@1","resource":"planet","update_time":"2017-07-04T21:34:26Z","version":"2026-09-09"}],"version":1},"type":"Feature"},{"geometry":{"coordinates":[-86.8625631,35.9325359],"type":"Point"},"id":"0e5ca134-aede-406b-867a-5bb76915e930","properties":{"id":"0e5ca134-aede-406b-867a-5bb76915e930","sources":[{"dataset":"OpenStreetMap","license":"ODbL-1.0","property":"","provider":"osm","record_id":"n13050565959@2","resource":"planet","update_time":"2025-08-11T12:32:25Z","version":"2026-09-09"}],"version":1},"type":"Feature"},{"geometry":{"coordinates":[-86.8624647,35.9324906],"type":"Point"},"id":"65d9b710-9e31-41c1-8067-601e2b532d23","properties":{"id":"65d9b710-9e31-41c1-8067-601e2b532d23","sources":[{"dataset":"OpenStreetMap","license":"ODbL-1.0","property":"","provider":"osm","record_id":"n204084291@9","resource":"planet","update_time":"2025-08-11T12:32:25Z","version":"2026-09-09"}],"version":2},"type":"Feature"},{"geometry":{"coordinates":[-86.8623728,35.9324453],"type":"Point"},"id":"d7a23da6-1df9-4c85-8345-3bd028551bc1","properties":{"id":"d7a23da6-1df9-4c85-8345-3bd028551bc1","sources":[{"dataset":"OpenStreetMap","license":"ODbL-1.0","property":"","provider":"osm","record_id":"n11838374658@2","resource":"planet","update_time":"2025-08-11T12:32:25Z","version":"2026-09-09"}],"version":1},"type":"Feature"},{"geometry":{"coordinates":[-86.8626448,35.9324026],"type":"Point"},"id":"b2a9cd01-ba3f-41da-b188-b7c707441652","properties":{"id":"b2a9cd01-ba3f-41da-b188-b7c707441652","sources":[{"dataset":"OpenStreetMap","license":"ODbL-1.0","property":"","provider":"osm","record_id":"n11838374661@2","resource":"planet","update_time":"2025-08-11T12:32:25Z","version":"2026-09-09"}],"version":2},"type":"Feature"},{"geometry":{"coordinates":[-86.8625603,35.9323554],"type":"Point"},"id":"18aa367a-ceb9-4df7-8b38-600cb4ae6a76","properties":{"id":"18aa367a-ceb9-4df7-8b38-600cb4ae6a76","sources":[{"dataset":"OpenStreetMap","license":"ODbL-1.0","property":"","provider":"osm","record_id":"n11838374660@2","resource":"planet","update_time":"2025-08-11T12:32:25Z","version":"2026-09-09"}],"version":2},"type":"Feature"},{"geometry":{"coordinates":[-86.8624509,35.9322931],"type":"Point"},"id":"b46ecdd0-1f62-447f-b13f-1ba496240ed7","properties":{"id":"b46ecdd0-1f62-447f-b13f-1ba496240ed7","sources":[{"dataset":"OpenStreetMap","license":"ODbL-1.0","property":"","provider":"osm","record_id":"n11303236257@2","resource":"planet","update_time":"2024-04-22T17:18:50Z","version":"2026-09-09"}],"version":1},"type":"Feature"},{"geometry":{"coordinates":[-86.8624613,35.9323096],"type":"Point"},"id":"e705c0bb-7372-40b1-9792-45c7a788a6c4","properties":{"id":"e705c0bb-7372-40b1-9792-45c7a788a6c4","sources":[{"dataset":"OpenStreetMap","license":"ODbL-1.0","property":"","provider":"osm","record_id":"n11838374659@2","resource":"planet","update_time":"2025-08-11T12:32:25Z","version":"2026-09-09"}],"version":2},"type":"Feature"},{"geometry":{"coordinates":[-86.8616702,35.932206],"type":"Point"},"id":"c5b199c0-f5c5-4528-98ce-ea303dcd857e","properties":{"id":"c5b199c0-f5c5-4528-98ce-ea303dcd857e","sources":[{"dataset":"OpenStreetMap","license":"ODbL-1.0","property":"","provider":"osm","record_id":"n11303262541@1","resource":"planet","update_time":"2023-10-31T20:20:20Z","version":"2026-09-09"}],"version":1},"type":"Feature"},{"geometry":{"coordinates":[-86.8615808,35.9323276],"type":"Point"},"id":"9a7c9eb1-1e79-460c-81ea-085f790ae8e8","properties":{"id":"9a7c9eb1-1e79-460c-81ea-085f790ae8e8","sources":[{"dataset":"OpenStreetMap","license":"ODbL-1.0","property":"","provider":"osm","record_id":"n13063411831@1","resource":"planet","update_time":"2025-08-11T12:32:25Z","version":"2026-09-09"}],"version":1},"type":"Feature"},{"geometry":{"coordinates":[-86.8614086,35.932338],"type":"Point"},"id":"7704108e-d02d-4014-b8ff-891d1284561f","properties":{"id":"7704108e-d02d-4014-b8ff-891d1284561f","sources":[{"dataset":"OpenStreetMap","license":"ODbL-1.0","property":"","provider":"osm","record_id":"n13063420284@1","resource":"planet","update_time":"2025-08-11T12:32:25Z","version":"2026-09-09"}],"version":1},"type":"Feature"},{"geometry":{"coordinates":[-86.8611181,35.9322563],"type":"Point"},"id":"a649daf8-a690-4c46-bb12-367c913fb0fe","properties":{"id":"a649daf8-a690-4c46-bb12-367c913fb0fe","sources":[{"dataset":"OpenStreetMap","license":"ODbL-1.0","property":"","provider":"osm","record_id":"n13063420287@1","resource":"planet","update_time":"2025-08-11T12:32:25Z","version":"2026-09-09"}],"version":1},"type":"Feature"},{"geometry":{"coordinates":[-86.8611033,35.9323199],"type":"Point"},"id":"b14ca9f2-6d1f-4a24-bf3d-d42e775c0e27","properties":{"id":"b14ca9f2-6d1f-4a24-bf3d-d42e775c0e27","sources":[{"dataset":"OpenStreetMap","license":"ODbL-1.0","property":"","provider":"osm","record_id":"n13063420291@1","resource":"planet","update_time":"2025-08-11T12:32:25Z","version":"2026-09-09"}],"version":1},"type":"Feature"},{"geometry":{"coordinates":[-86.8584035,35.9326809],"type":"Point"},"id":"6f7733ff-9be0-4251-a58c-fdc7084d5d6c","properties":{"id":"6f7733ff-9be0-4251-a58c-fdc7084d5d6c","sources":[{"dataset":"OpenStreetMap","license":"ODbL-1.0","property":"","provider":"osm","resource":"planet","version":"2026-09-09"}],"version":2},"type":"Feature"},{"geometry":{"coordinates":[-86.8591903,35.9328147],"type":"Point"},"id":"5aa69c14-4818-42b9-8af0-7278420607d0","properties":{"id":"5aa69c14-4818-42b9-8af0-7278420607d0","sources":[{"dataset":"OpenStreetMap","license":"ODbL-1.0","property":"","provider":"osm","record_id":"n6691257015@1","resource":"planet","update_time":"2019-08-07T14:46:01Z","version":"2026-09-09"}],"version":1},"type":"Feature"},{"geometry":{"coordinates":[-86.859583,35.9328202],"type":"Point"},"id":"e84fe6ea-d146-4724-97e0-d3fe5fea49cc","properties":{"id":"e84fe6ea-d146-4724-97e0-d3fe5fea49cc","sources":[{"dataset":"OpenStreetMap","license":"ODbL-1.0","property":"","provider":"osm","record_id":"n13063420292@2","resource":"planet","update_time":"2025-08-11T16:04:45Z","version":"2026-09-09"}],"version":1},"type":"Feature"},{"geometry":{"coordinates":[-86.8611205,35.9327743],"type":"Point"},"id":"d312727a-190b-4e53-b3d4-64a974060c90","properties":{"id":"d312727a-190b-4e53-b3d4-64a974060c90","sources":[{"dataset":"OpenStreetMap","license":"ODbL-1.0","property":"","provider":"osm","record_id":"n13063420311@1","resource":"planet","update_time":"2025-08-11T12:32:25Z","version":"2026-09-09"}],"version":1},"type":"Feature"},{"geometry":{"coordinates":[-86.8602545,35.9331731],"type":"Point"},"id":"6a71dc9a-b05c-49eb-bb8f-d3be25a05d55","properties":{"id":"6a71dc9a-b05c-49eb-bb8f-d3be25a05d55","sources":[{"dataset":"OpenStreetMap","license":"ODbL-1.0","property":"","provider":"osm","record_id":"n13063420293@1","resource":"planet","update_time":"2025-08-11T12:32:25Z","version":"2026-09-09"}],"version":1},"type":"Feature"},{"geometry":{"coordinates":[-86.8595013,35.9331404],"type":"Point"},"id":"7f70615b-157b-44e6-92bf-1ceb4aa041a9","properties":{"id":"7f70615b-157b-44e6-92bf-1ceb4aa041a9","sources":[{"dataset":"OpenStreetMap","license":"ODbL-1.0","property":"","provider":"osm","resource":"planet","version":"2026-09-09"}],"version":2},"type":"Feature"},{"geometry":{"coordinates":[-86.8580984,35.9335804],"type":"Point"},"id":"d3a33cd0-e8f8-464b-8537-d724316a4558","properties":{"id":"d3a33cd0-e8f8-464b-8537-d724316a4558","sources":[{"dataset":"OpenStreetMap","license":"ODbL-1.0","property":"","provider":"osm","record_id":"n6691257023@1","resource":"planet","update_time":"2019-08-07T14:46:01Z","version":"2026-09-09"}],"version":1},"type":"Feature"},{"geometry":{"coordinates":[-86.8601689,35.9333072],"type":"Point"},"id":"0f6fa226-f608-4f6e-87d0-ac939fd5e7d7","properties":{"id":"0f6fa226-f608-4f6e-87d0-ac939fd5e7d7","sources":[{"dataset":"OpenStreetMap","license":"ODbL-1.0","property":"","provider":"osm","record_id":"n6691257012@1","resource":"planet","update_time":"2019-08-07T14:46:01Z","version":"2026-09-09"}],"version":1},"type":"Feature"},{"geometry":{"coordinates":[-86.8601997,35.9333225],"type":"Point"},"id":"cf8bb594-5c6f-4bfd-8e60-6cb1a9fc8c1b","properties":{"id":"cf8bb594-5c6f-4bfd-8e60-6cb1a9fc8c1b","sources":[{"dataset":"OpenStreetMap","license":"ODbL-1.0","property":"","provider":"osm","record_id":"n6691257016@1","resource":"planet","update_time":"2019-08-07T14:46:01Z","version":"2026-09-09"}],"version":1},"type":"Feature"},{"geometry":{"coordinates":[-86.8604931,35.9334686],"type":"Point"},"id":"ed80a42a-17a6-486d-afbc-3648d1943bd9","properties":{"id":"ed80a42a-17a6-486d-afbc-3648d1943bd9","sources":[{"dataset":"OpenStreetMap","license":"ODbL-1.0","property":"","provider":"osm","resource":"planet","version":"2026-09-09"}],"version":2},"type":"Feature"},{"geometry":{"coordinates":[-86.8625317,35.9335082],"type":"Point"},"id":"991dd75f-b0f2-40d0-a241-2a545e6f7212","properties":{"id":"991dd75f-b0f2-40d0-a241-2a545e6f7212","sources":[{"dataset":"OpenStreetMap","license":"ODbL-1.0","property":"","provider":"osm","record_id":"n7937700664@1","resource":"planet","update_time":"2020-09-24T12:13:02Z","version":"2026-09-09"}],"version":1},"type":"Feature"},{"geometry":{"coordinates":[-86.8619635,35.9333323],"type":"Point"},"id":"0001f5a4-7202-4949-aca8-28a52eff1402","properties":{"id":"0001f5a4-7202-4949-aca8-28a52eff1402","sources":[{"dataset":"OpenStreetMap","license":"ODbL-1.0","property":"","provider":"osm","record_id":"n13050565958@1","resource":"planet","update_time":"2025-08-05T18:00:22Z","version":"2026-09-09"}],"version":1},"type":"Feature"},{"geometry":{"coordinates":[-86.8618723,35.9332742],"type":"Point"},"id":"f8bcceb5-153a-48f4-b16b-4eb69d13f24d","properties":{"id":"f8bcceb5-153a-48f4-b16b-4eb69d13f24d","sources":[{"dataset":"OpenStreetMap","license":"ODbL-1.0","property":"","provider":"osm","record_id":"n7937700660@1","resource":"planet","update_time":"2020-09-24T12:13:02Z","version":"2026-09-09"}],"version":1},"type":"Feature"},{"geometry":{"coordinates":[-86.8618608,35.93329],"type":"Point"},"id":"b0daac6b-594a-40bf-bf33-b71cfed39888","properties":{"id":"b0daac6b-594a-40bf-bf33-b71cfed39888","sources":[{"dataset":"OpenStreetMap","license":"ODbL-1.0","property":"","provider":"osm","record_id":"n4951685206@1","resource":"planet","update_time":"2017-07-04T21:34:26Z","version":"2026-09-09"}],"version":1},"type":"Feature"},{"geometry":{"coordinates":[-86.8615778,35.9332321],"type":"Point"},"id":"2618a342-203a-4bf7-add9-64fa1d4e9db8","properties":{"id":"2618a342-203a-4bf7-add9-64fa1d4e9db8","sources":[{"dataset":"OpenStreetMap","license":"ODbL-1.0","property":"","provider":"osm","record_id":"n13063420305@1","resource":"planet","update_time":"2025-08-11T12:32:25Z","version":"2026-09-09"}],"version":1},"type":"Feature"},{"geometry":{"coordinates":[-86.8616212,35.9332533],"type":"Point"},"id":"59e63d20-50ea-4ea0-8924-140d162b735a","properties":{"id":"59e63d20-50ea-4ea0-8924-140d162b735a","sources":[{"dataset":"OpenStreetMap","license":"ODbL-1.0","property":"","provider":"osm","record_id":"n13063420312@1","resource":"planet","update_time":"2025-08-11T12:32:25Z","version":"2026-09-09"}],"version":1},"type":"Feature"},{"geometry":{"coordinates":[-86.8617989,35.9332582],"type":"Point"},"id":"c1b947d2-f3e2-4b9e-b5dc-f96511734bc8","properties":{"id":"c1b947d2-f3e2-4b9e-b5dc-f96511734bc8","sources":[{"dataset":"OpenStreetMap","license":"ODbL-1.0","property":"","provider":"osm","record_id":"n11303262542@1","resource":"planet","update_time":"2023-10-31T20:20:20Z","version":"2026-09-09"}],"version":1},"type":"Feature"},{"geometry":{"coordinates":[-86.8616678,35.9331908],"type":"Point"},"id":"203d6917-fd7b-48e5-acee-a91b1628f5c6","properties":{"id":"203d6917-fd7b-48e5-acee-a91b1628f5c6","sources":[{"dataset":"OpenStreetMap","license":"ODbL-1.0","property":"","provider":"osm","record_id":"n4951685185@1","resource":"planet","update_time":"2017-07-04T21:34:25Z","version":"2026-09-09"}],"version":1},"type":"Feature"},{"geometry":{"coordinates":[-86.8616457,35.9331795],"type":"Point"},"id":"e6d51e47-94ff-448a-ac84-efe4939397f5","properties":{"id":"e6d51e47-94ff-448a-ac84-efe4939397f5","sources":[{"dataset":"OpenStreetMap","license":"ODbL-1.0","property":"","provider":"osm","record_id":"n4951685198@1","resource":"planet","update_time":"2017-07-04T21:34:26Z","version":"2026-09-09"}],"version":1},"type":"Feature"},{"geometry":{"coordinates":[-86.861479,35.9330938],"type":"Point"},"id":"0362da0b-d088-4c2c-9690-6b2427f9fc40","properties":{"id":"0362da0b-d088-4c2c-9690-6b2427f9fc40","sources":[{"dataset":"OpenStreetMap","license":"ODbL-1.0","property":"","provider":"osm","record_id":"n4951685190@1","resource":"planet","update_time":"2017-07-04T21:34:26Z","version":"2026-09-09"}],"version":1},"type":"Feature"},{"geometry":{"coordinates":[-86.8613069,35.9330054],"type":"Point"},"id":"48bd5b6f-8bd0-4c3a-b8a0-f3d00ae5ee3e","properties":{"id":"48bd5b6f-8bd0-4c3a-b8a0-f3d00ae5ee3e","sources":[{"dataset":"OpenStreetMap","license":"ODbL-1.0","property":"","provider":"osm","record_id":"n4951685191@1","resource":"planet","update_time":"2017-07-04T21:34:26Z","version":"2026-09-09"}],"version":1},"type":"Feature"},{"geometry":{"coordinates":[-86.8640601,35.9332321],"type":"Point"},"id":"ebee7a0b-79ef-4dbb-9ae4-8cfcf1be1d14","properties":{"id":"ebee7a0b-79ef-4dbb-9ae4-8cfcf1be1d14","sources":[{"dataset":"OpenStreetMap","license":"ODbL-1.0","property":"","provider":"osm","record_id":"n8485421294@1","resource":"planet","update_time":"2021-03-04T09:46:13Z","version":"2026-09-09"}],"version":1},"type":"Feature"},{"geometry":{"coordinates":[-86.8611386,35.9342719],"type":"Point"},"id":"d31fde84-bff1-499b-8c04-c4bda8eb386a","properties":{"id":"d31fde84-bff1-499b-8c04-c4bda8eb386a","sources":[{"dataset":"OpenStreetMap","license":"ODbL-1.0","property":"","provider":"osm","record_id":"n9013967973@1","resource":"planet","update_time":"2021-08-17T11:30:28Z","version":"2026-09-09"}],"version":1},"type":"Feature"},{"geometry":{"coordinates":[-86.8614033,35.9339217],"type":"Point"},"id":"24a39cc7-b3a1-4c2f-a093-f6988e07d062","properties":{"id":"24a39cc7-b3a1-4c2f-a093-f6988e07d062","sources":[{"dataset":"OpenStreetMap","license":"ODbL-1.0","property":"","provider":"osm","record_id":"n204054014@5","resource":"planet","update_time":"2011-04-03T23:24:06Z","version":"2026-09-09"}],"version":1},"type":"Feature"},{"geometry":{"coordinates":[-86.8613243,35.9338824],"type":"Point"},"id":"c1f7c7c9-26b7-45f7-bbd8-51c19181d7e9","properties":{"id":"c1f7c7c9-26b7-45f7-bbd8-51c19181d7e9","sources":[{"dataset":"OpenStreetMap","license":"ODbL-1.0","property":"","provider":"osm","record_id":"n13063420317@1","resource":"planet","update_time":"2025-08-11T12:32:25Z","version":"2026-09-09"}],"version":1},"type":"Feature"},{"geometry":{"coordinates":[-86.8611988,35.9338199],"type":"Point"},"id":"58e9bfcf-c419-45d1-bbbd-9e2a21aa96fd","properties":{"id":"58e9bfcf-c419-45d1-bbbd-9e2a21aa96fd","sources":[{"dataset":"OpenStreetMap","license":"ODbL-1.0","property":"","provider":"osm","record_id":"n4951685186@1","resource":"planet","update_time":"2017-07-04T21:34:25Z","version":"2026-09-09"}],"version":1},"type":"Feature"},{"geometry":{"coordinates":[-86.8591267,35.9337594],"type":"Point"},"id":"0e26dd4f-a6cd-4402-b62b-f593e1e9d55c","properties":{"id":"0e26dd4f-a6cd-4402-b62b-f593e1e9d55c","sources":[{"dataset":"OpenStreetMap","license":"ODbL-1.0","property":"","provider":"osm","resource":"planet","version":"2026-09-09"}],"version":2},"type":"Feature"},{"geometry":{"coordinates":[-86.8588195,35.9336696],"type":"Point"},"id":"042a8ab6-9c3c-4e17-a040-c25377f49e6a","properties":{"id":"042a8ab6-9c3c-4e17-a040-c25377f49e6a","sources":[{"dataset":"OpenStreetMap","license":"ODbL-1.0","property":"","provider":"osm","resource":"planet","version":"2026-09-09"}],"version":1},"type":"Feature"},{"geometry":{"coordinates":[-86.8584505,35.9336949],"type":"Point"},"id":"3a15900b-1a94-4a8f-a48b-067d8941855e","properties":{"id":"3a15900b-1a94-4a8f-a48b-067d8941855e","sources":[{"dataset":"OpenStreetMap","license":"ODbL-1.0","property":"","provider":"osm","record_id":"n6691257020@1","resource":"planet","update_time":"2019-08-07T14:46:01Z","version":"2026-09-09"}],"version":1},"type":"Feature"},{"geometry":{"coordinates":[-86.8587618,35.9337961],"type":"Point"},"id":"713f919f-60c1-4f11-87b1-807fd103272a","properties":{"id":"713f919f-60c1-4f11-87b1-807fd103272a","sources":[{"dataset":"OpenStreetMap","license":"ODbL-1.0","property":"","provider":"osm","resource":"planet","version":"2026-09-09"}],"version":1},"type":"Feature"},{"geometry":{"coordinates":[-86.8591283,35.9339153],"type":"Point"},"id":"97d78c2e-da3c-44a7-ab85-6dccedf2ae72","properties":{"id":"97d78c2e-da3c-44a7-ab85-6dccedf2ae72","sources":[{"dataset":"OpenStreetMap","license":"ODbL-1.0","property":"","provider":"osm","record_id":"n7019651811@1","resource":"planet","update_time":"2019-11-29T13:53:55Z","version":"2026-09-09"}],"version":1},"type":"Feature"},{"geometry":{"coordinates":[-86.8593637,35.933843],"type":"Point"},"id":"d6acf73e-21d7-4075-bb6d-6a984e600212","properties":{"id":"d6acf73e-21d7-4075-bb6d-6a984e600212","sources":[{"dataset":"OpenStreetMap","license":"ODbL-1.0","property":"","provider":"osm","resource":"planet","version":"2026-09-09"}],"version":2},"type":"Feature"},{"geometry":{"coordinates":[-86.8593201,35.9339793],"type":"Point"},"id":"d3fc7c5f-4d7d-41cb-a5eb-403720ab879a","properties":{"id":"d3fc7c5f-4d7d-41cb-a5eb-403720ab879a","sources":[{"dataset":"OpenStreetMap","license":"ODbL-1.0","property":"","provider":"osm","resource":"planet","version":"2026-09-09"}],"version":2},"type":"Feature"},{"geometry":{"coordinates":[-86.8594831,35.9340342],"type":"Point"},"id":"31557481-979d-4594-9e63-f824cf3d48fc","properties":{"id":"31557481-979d-4594-9e63-f824cf3d48fc","sources":[{"dataset":"OpenStreetMap","license":"ODbL-1.0","property":"","provider":"osm","record_id":"n7019651818@1","resource":"planet","update_time":"2019-11-29T13:53:55Z","version":"2026-09-09"}],"version":1},"type":"Feature"},{"geometry":{"coordinates":[-86.8600477,35.9342645],"type":"Point"},"id":"33ee82b3-c5af-4ee3-807d-421f0982a044","properties":{"id":"33ee82b3-c5af-4ee3-807d-421f0982a044","sources":[{"dataset":"OpenStreetMap","license":"ODbL-1.0","property":"","provider":"osm","record_id":"n7019651802@1","resource":"planet","update_time":"2019-11-29T13:53:55Z","version":"2026-09-09"}],"version":1},"type":"Feature"},{"geometry":{"coordinates":[-86.8597406,35.9341202],"type":"Point"},"id":"aeefdc86-c8e8-4d3c-bd12-99a1c30f9ce1","properties":{"id":"aeefdc86-c8e8-4d3c-bd12-99a1c30f9ce1","sources":[{"dataset":"OpenStreetMap","license":"ODbL-1.0","property":"","provider":"osm","record_id":"n204118259@5","resource":"planet","update_time":"2019-11-29T13:53:55Z","version":"2026-09-09"}],"version":1},"type":"Feature"},{"geometry":{"coordinates":[-86.8596586,35.9340933],"type":"Point"},"id":"b328a442-4c9f-4ff9-a554-23fcbf326aa1","properties":{"id":"b328a442-4c9f-4ff9-a554-23fcbf326aa1","sources":[{"dataset":"OpenStreetMap","license":"ODbL-1.0","property":"","provider":"osm","record_id":"n6691257019@1","resource":"planet","update_time":"2019-08-07T14:46:01Z","version":"2026-09-09"}],"version":1},"type":"Feature"},{"geometry":{"coordinates":[-86.8600833,35.9341401],"type":"Point"},"id":"f8afdb68-d301-453c-9fb1-c51c6e575a2d","properties":{"id":"f8afdb68-d301-453c-9fb1-c51c6e575a2d","sources":[{"dataset":"OpenStreetMap","license":"ODbL-1.0","property":"","provider":"osm","resource":"planet","version":"2026-09-09"}],"version":2},"type":"Feature"},{"geometry":{"coordinates":[-86.8610483,35.9342428],"type":"Point"},"id":"87e6a313-a68a-48b9-b0fa-e450877a45e1","properties":{"id":"87e6a313-a68a-48b9-b0fa-e450877a45e1","sources":[{"dataset":"OpenStreetMap","license":"ODbL-1.0","property":"","provider":"osm","record_id":"n13063420318@1","resource":"planet","update_time":"2025-08-11T12:32:25Z","version":"2026-09-09"}],"version":1},"type":"Feature"},{"geometry":{"coordinates":[-86.8606096,35.9344648],"type":"Point"},"id":"f422778a-4f6e-413b-9251-d735c56f6ad2","properties":{"id":"f422778a-4f6e-413b-9251-d735c56f6ad2","sources":[{"dataset":"OpenStreetMap","license":"ODbL-1.0","property":"","provider":"osm","record_id":"n13063420316@1","resource":"planet","update_time":"2025-08-11T12:32:25Z","version":"2026-09-09"}],"version":1},"type":"Feature"},{"geometry":{"coordinates":[-86.8604185,35.9344367],"type":"Point"},"id":"ff3315b8-9f7b-4cab-99a8-9cdb0cb09856","properties":{"id":"ff3315b8-9f7b-4cab-99a8-9cdb0cb09856","sources":[{"dataset":"OpenStreetMap","license":"ODbL-1.0","property":"","provider":"osm","record_id":"n7051502948@1","resource":"planet","update_time":"2019-12-12T09:52:28Z","version":"2026-09-09"}],"version":1},"type":"Feature"},{"geometry":{"coordinates":[-86.8605153,35.9344816],"type":"Point"},"id":"13086be5-914a-453e-8b9d-0646f6186dbe","properties":{"id":"13086be5-914a-453e-8b9d-0646f6186dbe","sources":[{"dataset":"OpenStreetMap","license":"ODbL-1.0","property":"","provider":"osm","record_id":"n9013967978@1","resource":"planet","update_time":"2021-08-17T11:30:28Z","version":"2026-09-09"}],"version":1},"type":"Feature"},{"geometry":{"coordinates":[-86.8610006,35.9344545],"type":"Point"},"id":"fabe6db9-50bf-428d-81f0-d2e1b50c3918","properties":{"id":"fabe6db9-50bf-428d-81f0-d2e1b50c3918","sources":[{"dataset":"OpenStreetMap","license":"ODbL-1.0","property":"","provider":"osm","record_id":"n204049969@5","resource":"planet","update_time":"2015-06-16T15:51:11Z","version":"2026-09-09"}],"version":1},"type":"Feature"},{"geometry":{"coordinates":[-86.8610952,35.9344972],"type":"Point"},"id":"c093dfa5-1df4-4da4-841c-eb56834cc629","properties":{"id":"c093dfa5-1df4-4da4-841c-eb56834cc629","sources":[{"dataset":"OpenStreetMap","license":"ODbL-1.0","property":"","provider":"osm","record_id":"n13050565957@1","resource":"planet","update_time":"2025-08-05T18:00:22Z","version":"2026-09-09"}],"version":1},"type":"Feature"},{"geometry":{"coordinates":[-86.8608561,35.9346567],"type":"Point"},"id":"bf668826-ae83-4d7f-b18f-f22ebb9510c3","properties":{"id":"bf668826-ae83-4d7f-b18f-f22ebb9510c3","sources":[{"dataset":"OpenStreetMap","license":"ODbL-1.0","property":"","provider":"osm","record_id":"n204118262@6","resource":"planet","update_time":"2023-01-17T20:39:57Z","version":"2026-09-09"}],"version":1},"type":"Feature"},{"geometry":{"coordinates":[-86.8603301,35.9345589],"type":"Point"},"id":"0c47ecf7-e271-4d61-a96c-a7b518cbbc2a","properties":{"id":"0c47ecf7-e271-4d61-a96c-a7b518cbbc2a","sources":[{"dataset":"OpenStreetMap","license":"ODbL-1.0","property":"","provider":"osm","record_id":"n7051502947@1","resource":"planet","update_time":"2019-12-12T09:52:28Z","version":"2026-09-09"}],"version":1},"type":"Feature"},{"geometry":{"coordinates":[-86.8605196,35.934833],"type":"Point"},"id":"ca710ec0-9e14-43a9-a9b9-4275bfa90c67","properties":{"id":"ca710ec0-9e14-43a9-a9b9-4275bfa90c67","sources":[{"dataset":"OpenStreetMap","license":"ODbL-1.0","property":"","provider":"osm","resource":"planet","version":"2026-09-09"}],"version":2},"type":"Feature"},{"geometry":{"coordinates":[-86.8609443,35.9347009],"type":"Point"},"id":"0f44f4c1-4a2b-4e45-8a8f-cd2228b19798","properties":{"id":"0f44f4c1-4a2b-4e45-8a8f-cd2228b19798","sources":[{"dataset":"OpenStreetMap","license":"ODbL-1.0","property":"","provider":"osm","record_id":"n13050565956@1","resource":"planet","update_time":"2025-08-05T18:00:22Z","version":"2026-09-09"}],"version":1},"type":"Feature"},{"geometry":{"coordinates":[-86.8606645,35.9349064],"type":"Point"},"id":"89b6a7c0-9f0a-4720-80f4-dd07d2e5455d","properties":{"id":"89b6a7c0-9f0a-4720-80f4-dd07d2e5455d","sources":[{"dataset":"OpenStreetMap","license":"ODbL-1.0","property":"","provider":"osm","resource":"planet","version":"2026-09-09"}],"version":2},"type":"Feature"},{"geometry":{"coordinates":[-86.8604414,35.9349578],"type":"Point"},"id":"f51e1558-4114-4d89-b85c-9e11e10e32a7","properties":{"id":"f51e1558-4114-4d89-b85c-9e11e10e32a7","sources":[{"dataset":"OpenStreetMap","license":"ODbL-1.0","property":"","provider":"osm","record_id":"n7051502941@1","resource":"planet","update_time":"2019-12-12T09:52:28Z","version":"2026-09-09"}],"version":1},"type":"Feature"},{"geometry":{"coordinates":[-86.8605674,35.9350335],"type":"Point"},"id":"bb27ab7b-24e6-4a6b-9b52-f49e591fb23e","properties":{"id":"bb27ab7b-24e6-4a6b-9b52-f49e591fb23e","sources":[{"dataset":"OpenStreetMap","license":"ODbL-1.0","property":"","provider":"osm","record_id":"n204134276@5","resource":"planet","update_time":"2019-08-08T12:13:07Z","version":"2026-09-09"}],"version":1},"type":"Feature"},{"geometry":{"coordinates":[-86.8617277,35.9348185],"type":"Point"},"id":"32e4e584-371f-4df9-a04c-1e0597f31dd8","properties":{"id":"32e4e584-371f-4df9-a04c-1e0597f31dd8","sources":[{"dataset":"OpenStreetMap","license":"ODbL-1.0","property":"","provider":"osm","record_id":"n3598850586@2","resource":"planet","update_time":"2017-07-04T21:34:27Z","version":"2026-09-09"}],"version":1},"type":"Feature"},{"geometry":{"coordinates":[-86.8684954,35.933969],"type":"Point"},"id":"ac9648f4-75fa-4beb-a0be-9643e8c7cafe","properties":{"id":"ac9648f4-75fa-4beb-a0be-9643e8c7cafe","sources":[{"dataset":"OpenStreetMap","license":"ODbL-1.0","property":"","provider":"osm","record_id":"n7389982571@1","resource":"planet","update_time":"2020-04-10T17:00:40Z","version":"2026-09-09"}],"version":1},"type":"Feature"},{"geometry":{"coordinates":[-86.8700768,35.9346685],"type":"Point"},"id":"5a53a467-1957-4aff-8cec-96c339a3c59f","properties":{"id":"5a53a467-1957-4aff-8cec-96c339a3c59f","sources":[{"dataset":"OpenStreetMap","license":"ODbL-1.0","property":"","provider":"osm","record_id":"n7389982575@1","resource":"planet","update_time":"2020-04-10T17:00:40Z","version":"2026-09-09"}],"version":1},"type":"Feature"},{"geometry":{"coordinates":[-86.87014,35.9349262],"type":"Point"},"id":"7399d298-ca6b-42c1-b35a-c983123377b9","properties":{"id":"7399d298-ca6b-42c1-b35a-c983123377b9","sources":[{"dataset":"OpenStreetMap","license":"ODbL-1.0","property":"","provider":"osm","record_id":"n7389982580@1","resource":"planet","update_time":"2020-04-10T17:00:40Z","version":"2026-09-09"}],"version":1},"type":"Feature"},{"geometry":{"coordinates":[-86.8664314,35.9356344],"type":"Point"},"id":"6c8e3763-1c3a-43dc-9f78-bf8ceb332ba1","properties":{"id":"6c8e3763-1c3a-43dc-9f78-bf8ceb332ba1","sources":[{"dataset":"OpenStreetMap","license":"ODbL-1.0","property":"","provider":"osm","record_id":"n7768996804@1","resource":"planet","update_time":"2020-07-30T06:28:09Z","version":"2026-09-09"}],"version":1},"type":"Feature"},{"geometry":{"coordinates":[-86.8667509,35.9357931],"type":"Point"},"id":"3002c6ce-4e1f-4f16-b4ef-26d3ab013a0d","properties":{"id":"3002c6ce-4e1f-4f16-b4ef-26d3ab013a0d","sources":[{"dataset":"OpenStreetMap","license":"ODbL-1.0","property":"","provider":"osm","record_id":"n7768996803@1","resource":"planet","update_time":"2020-07-30T06:28:09Z","version":"2026-09-09"}],"version":1},"type":"Feature"},{"geometry":{"coordinates":[-86.864267,35.9360664],"type":"Point"},"id":"85a0a1ec-a5f2-4985-a9a0-5b483f0abea2","properties":{"id":"85a0a1ec-a5f2-4985-a9a0-5b483f0abea2","sources":[{"dataset":"OpenStreetMap","license":"ODbL-1.0","property":"","provider":"osm","record_id":"n3598851414@2","resource":"planet","update_time":"2017-07-04T21:34:27Z","version":"2026-09-09"}],"version":1},"type":"Feature"},{"geometry":{"coordinates":[-86.8648414,35.9363576],"type":"Point"},"id":"01691fe3-5ea7-49e1-b15d-624fc16a1088","properties":{"id":"01691fe3-5ea7-49e1-b15d-624fc16a1088","sources":[{"dataset":"OpenStreetMap","license":"ODbL-1.0","property":"","provider":"osm","record_id":"n7768996818@1","resource":"planet","update_time":"2020-07-30T06:28:09Z","version":"2026-09-09"}],"version":1},"type":"Feature"},{"geometry":{"coordinates":[-86.8662343,35.9363782],"type":"Point"},"id":"ec8f954e-b97e-4886-af2e-69f638812ad9","properties":{"id":"ec8f954e-b97e-4886-af2e-69f638812ad9","sources":[{"dataset":"OpenStreetMap","license":"ODbL-1.0","property":"","provider":"osm","record_id":"n7768996805@0","resource":"planet","version":"2026-09-09"}],"version":2},"type":"Feature"},{"geometry":{"coordinates":[-86.8648774,35.9378538],"type":"Point"},"id":"51fedc18-e527-43c4-bc72-6bec267815da","properties":{"id":"51fedc18-e527-43c4-bc72-6bec267815da","sources":[{"dataset":"OpenStreetMap","license":"ODbL-1.0","property":"","provider":"osm","record_id":"n7390018817@2","resource":"planet","update_time":"2026-05-20T15:26:06Z","version":"2026-09-09"}],"version":2},"type":"Feature"},{"geometry":{"coordinates":[-86.865798,35.9368403],"type":"Point"},"id":"3b6de59e-3644-4d7b-a116-a7ebc69d0ef7","properties":{"id":"3b6de59e-3644-4d7b-a116-a7ebc69d0ef7","sources":[{"dataset":"OpenStreetMap","license":"ODbL-1.0","property":"","provider":"osm","record_id":"n3598851432@2","resource":"planet","update_time":"2020-07-30T06:28:09Z","version":"2026-09-09"}],"version":1},"type":"Feature"},{"geometry":{"coordinates":[-86.8668439,35.9368316],"type":"Point"},"id":"d73fb99c-31c7-4e0c-98a3-d56b304aeb0b","properties":{"id":"d73fb99c-31c7-4e0c-98a3-d56b304aeb0b","sources":[{"dataset":"OpenStreetMap","license":"ODbL-1.0","property":"","provider":"osm","resource":"planet","version":"2026-09-09"}],"version":2},"type":"Feature"},{"geometry":{"coordinates":[-86.8653553,35.9365856],"type":"Point"},"id":"9b987e88-eab1-4ef2-9f09-b170d445f743","properties":{"id":"9b987e88-eab1-4ef2-9f09-b170d445f743","sources":[{"dataset":"OpenStreetMap","license":"ODbL-1.0","property":"","provider":"osm","record_id":"n7768996808@1","resource":"planet","update_time":"2020-07-30T06:28:09Z","version":"2026-09-09"}],"version":1},"type":"Feature"},{"geometry":{"coordinates":[-86.865185,35.9366933],"type":"Point"},"id":"34b437b0-d4d5-4cf8-a21b-4559d6586d1d","properties":{"id":"34b437b0-d4d5-4cf8-a21b-4559d6586d1d","sources":[{"dataset":"OpenStreetMap","license":"ODbL-1.0","property":"","provider":"osm","record_id":"n7768996832@1","resource":"planet","update_time":"2020-07-30T06:28:09Z","version":"2026-09-09"}],"version":1},"type":"Feature"},{"geometry":{"coordinates":[-86.8588228,35.9373537],"type":"Point"},"id":"a671b94d-241c-4981-8e93-af4c46facb8e","properties":{"id":"a671b94d-241c-4981-8e93-af4c46facb8e","sources":[{"dataset":"OpenStreetMap","license":"ODbL-1.0","property":"","provider":"osm","record_id":"n7048302326@1","resource":"planet","update_time":"2019-12-11T05:23:21Z","version":"2026-09-09"}],"version":1},"type":"Feature"},{"geometry":{"coordinates":[-86.8595391,35.9364011],"type":"Point"},"id":"2559b9d8-881c-4f25-a37b-a29f188ef7fb","properties":{"id":"2559b9d8-881c-4f25-a37b-a29f188ef7fb","sources":[{"dataset":"OpenStreetMap","license":"ODbL-1.0","property":"","provider":"osm","record_id":"n7860228528@1","resource":"planet","update_time":"2020-08-31T05:39:19Z","version":"2026-09-09"}],"version":1},"type":"Feature"},{"geometry":{"coordinates":[-86.8583385,35.9358028],"type":"Point"},"id":"fa19de32-ac14-4fdd-91ed-9582ab64cdeb","properties":{"id":"fa19de32-ac14-4fdd-91ed-9582ab64cdeb","sources":[{"dataset":"OpenStreetMap","license":"ODbL-1.0","property":"","provider":"osm","record_id":"n7860228551@1","resource":"planet","update_time":"2020-08-31T05:39:19Z","version":"2026-09-09"}],"version":1},"type":"Feature"},{"geometry":{"coordinates":[-86.8585561,35.9358486],"type":"Point"},"id":"34d5b4ba-db8c-4f81-b1c9-0b7f87c99805","properties":{"id":"34d5b4ba-db8c-4f81-b1c9-0b7f87c99805","sources":[{"dataset":"OpenStreetMap","license":"ODbL-1.0","property":"","provider":"osm","record_id":"n7860228541@1","resource":"planet","update_time":"2020-08-31T05:39:19Z","version":"2026-09-09"}],"version":1},"type":"Feature"},{"geometry":{"coordinates":[-86.8618281,35.935636],"type":"Point"},"id":"809acd68-abcb-4eb2-b424-7719efe95f59","properties":{"id":"809acd68-abcb-4eb2-b424-7719efe95f59","sources":[{"dataset":"OpenStreetMap","license":"ODbL-1.0","property":"","provider":"osm","record_id":"n204134283@3","resource":"planet","update_time":"2019-08-08T12:13:07Z","version":"2026-09-09"}],"version":1},"type":"Feature"},{"geometry":{"coordinates":[-86.8606679,35.9350741],"type":"Point"},"id":"7c2e8d58-9506-47a4-becf-f850b79ab25e","properties":{"id":"7c2e8d58-9506-47a4-becf-f850b79ab25e","sources":[{"dataset":"OpenStreetMap","license":"ODbL-1.0","property":"","provider":"osm","record_id":"n13050565955@1","resource":"planet","update_time":"2025-08-05T18:00:22Z","version":"2026-09-09"}],"version":1},"type":"Feature"},{"geometry":{"coordinates":[-86.8602705,35.9354283],"type":"Point"},"id":"91ee57c0-3944-48ca-8953-4839c2a3b83b","properties":{"id":"91ee57c0-3944-48ca-8953-4839c2a3b83b","sources":[{"dataset":"OpenStreetMap","license":"ODbL-1.0","property":"","provider":"osm","record_id":"n205275933@4","resource":"planet","update_time":"2011-04-03T23:24:06Z","version":"2026-09-09"}],"version":1},"type":"Feature"},{"geometry":{"coordinates":[-86.8550805,35.9352042],"type":"Point"},"id":"a6d4be4c-cd96-43e7-9612-ce817ae30183","properties":{"id":"a6d4be4c-cd96-43e7-9612-ce817ae30183","sources":[{"dataset":"OpenStreetMap","license":"ODbL-1.0","property":"","provider":"osm","record_id":"n2472815323@1","resource":"planet","update_time":"2013-09-26T22:06:37Z","version":"2026-09-09"}],"version":1},"type":"Feature"},{"geometry":{"coordinates":[-86.8556026,35.9363996],"type":"Point"},"id":"840774db-50d7-4b39-be12-43daadd25d8d","properties":{"id":"840774db-50d7-4b39-be12-43daadd25d8d","sources":[{"dataset":"OpenStreetMap","license":"ODbL-1.0","property":"","provider":"osm","record_id":"n7784963827@1","resource":"planet","update_time":"2020-08-04T18:10:45Z","version":"2026-09-09"}],"version":1},"type":"Feature"},{"geometry":{"coordinates":[-86.8556341,35.9362038],"type":"Point"},"id":"6cf0f1a6-fb2e-4171-8a99-46fcee17ad9d","properties":{"id":"6cf0f1a6-fb2e-4171-8a99-46fcee17ad9d","sources":[{"dataset":"OpenStreetMap","license":"ODbL-1.0","property":"","provider":"osm","record_id":"n7784963826@1","resource":"planet","update_time":"2020-08-04T18:10:45Z","version":"2026-09-09"}],"version":1},"type":"Feature"},{"geometry":{"coordinates":[-86.8570654,35.9366794],"type":"Point"},"id":"637fc76f-6d4c-4a2a-a311-6a11373b0181","properties":{"id":"637fc76f-6d4c-4a2a-a311-6a11373b0181","sources":[{"dataset":"OpenStreetMap","license":"ODbL-1.0","property":"","provider":"osm","resource":"planet","version":"2026-09-09"}],"version":1},"type":"Feature"},{"geometry":{"coordinates":[-86.8568077,35.9366687],"type":"Point"},"id":"4968a9c6-e2ea-4c6c-873c-4b3826779c00","properties":{"id":"4968a9c6-e2ea-4c6c-873c-4b3826779c00","sources":[{"dataset":"OpenStreetMap","license":"ODbL-1.0","property":"","provider":"osm","record_id":"n7048302332@1","resource":"planet","update_time":"2019-12-11T05:23:21Z","version":"2026-09-09"}],"version":1},"type":"Feature"},{"geometry":{"coordinates":[-86.8567871,35.9365303],"type":"Point"},"id":"215bb7b8-06b5-4a75-ab67-42d45936710f","properties":{"id":"215bb7b8-06b5-4a75-ab67-42d45936710f","sources":[{"dataset":"OpenStreetMap","license":"ODbL-1.0","property":"","provider":"osm","resource":"planet","version":"2026-09-09"}],"version":1},"type":"Feature"},{"geometry":{"coordinates":[-86.8554839,35.9365854],"type":"Point"},"id":"13e6759c-8b4b-40c2-bb7f-b6e01f16c3f2","properties":{"id":"13e6759c-8b4b-40c2-bb7f-b6e01f16c3f2","sources":[{"dataset":"OpenStreetMap","license":"ODbL-1.0","property":"","provider":"osm","record_id":"n7784963829@1","resource":"planet","update_time":"2020-08-04T18:10:45Z","version":"2026-09-09"}],"version":1},"type":"Feature"},{"geometry":{"coordinates":[-86.8555847,35.9366086],"type":"Point"},"id":"b6b8f7ce-35ec-49bb-bed8-baeb91de7431","properties":{"id":"b6b8f7ce-35ec-49bb-bed8-baeb91de7431","sources":[{"dataset":"OpenStreetMap","license":"ODbL-1.0","property":"","provider":"osm","record_id":"n7784963824@1","resource":"planet","update_time":"2020-08-04T18:10:45Z","version":"2026-09-09"}],"version":1},"type":"Feature"},{"geometry":{"coordinates":[-86.8559014,35.9366815],"type":"Point"},"id":"462af608-a2d1-4ae2-b810-14208ba34239","properties":{"id":"462af608-a2d1-4ae2-b810-14208ba34239","sources":[{"dataset":"OpenStreetMap","license":"ODbL-1.0","property":"","provider":"osm","record_id":"n205273173@3","resource":"planet","update_time":"2010-11-17T22:48:41Z","version":"2026-09-09"}],"version":1},"type":"Feature"},{"geometry":{"coordinates":[-86.857328,35.934709],"type":"Point"},"id":"9133f9d4-7c36-4ed4-80d3-0d4d0467a80c","properties":{"id":"9133f9d4-7c36-4ed4-80d3-0d4d0467a80c","sources":[{"dataset":"OpenStreetMap","license":"ODbL-1.0","property":"","provider":"osm","record_id":"n205275931@2","resource":"planet","update_time":"2009-10-16T12:43:49Z","version":"2026-09-09"}],"version":1},"type":"Feature"},{"geometry":{"coordinates":[-86.8577374,35.9340864],"type":"Point"},"id":"24190f54-ca14-44e2-b078-a148edf238c7","properties":{"id":"24190f54-ca14-44e2-b078-a148edf238c7","sources":[{"dataset":"OpenStreetMap","license":"ODbL-1.0","property":"","provider":"osm","record_id":"n6691257025@1","resource":"planet","update_time":"2019-08-07T14:46:01Z","version":"2026-09-09"}],"version":1},"type":"Feature"},{"geometry":{"coordinates":[-86.8572154,35.9337289],"type":"Point"},"id":"4f533d58-4bee-4220-9d54-b9af0660a65c","properties":{"id":"4f533d58-4bee-4220-9d54-b9af0660a65c","sources":[{"dataset":"OpenStreetMap","license":"ODbL-1.0","property":"","provider":"osm","record_id":"n9013967971@1","resource":"planet","update_time":"2021-08-17T11:30:28Z","version":"2026-09-09"}],"version":1},"type":"Feature"},{"geometry":{"coordinates":[-86.8567226,35.9337076],"type":"Point"},"id":"b45d8376-5d52-47e2-b7e3-b581ba0174d2","properties":{"id":"b45d8376-5d52-47e2-b7e3-b581ba0174d2","sources":[{"dataset":"OpenStreetMap","license":"ODbL-1.0","property":"","provider":"osm","record_id":"n7589119226@1","resource":"planet","update_time":"2020-06-03T10:46:08Z","version":"2026-09-09"}],"version":1},"type":"Feature"},{"geometry":{"coordinates":[-86.8551952,35.9333142],"type":"Point"},"id":"8b0ae1be-7e34-49cd-9140-8ee8099d54f0","properties":{"id":"8b0ae1be-7e34-49cd-9140-8ee8099d54f0","sources":[{"dataset":"OpenStreetMap","license":"ODbL-1.0","property":"","provider":"osm","resource":"planet","version":"2026-09-09"}],"version":2},"type":"Feature"},{"geometry":{"coordinates":[-86.8563235,35.9333113],"type":"Point"},"id":"0807bda2-bbac-450f-9597-0021ac7fc0bb","properties":{"id":"0807bda2-bbac-450f-9597-0021ac7fc0bb","sources":[{"dataset":"OpenStreetMap","license":"ODbL-1.0","property":"","provider":"osm","record_id":"n9013967970@1","resource":"planet","update_time":"2021-08-17T11:30:28Z","version":"2026-09-09"}],"version":1},"type":"Feature"},{"geometry":{"coordinates":[-86.8579919,35.9335457],"type":"Point"},"id":"6ad60827-51c5-4721-b435-29f9fe7c1313","properties":{"id":"6ad60827-51c5-4721-b435-29f9fe7c1313","sources":[{"dataset":"OpenStreetMap","license":"ODbL-1.0","property":"","provider":"osm","record_id":"n6691257024@1","resource":"planet","update_time":"2019-08-07T14:46:01Z","version":"2026-09-09"}],"version":1},"type":"Feature"},{"geometry":{"coordinates":[-86.8577131,35.933455],"type":"Point"},"id":"8e455d00-6af6-44b1-b191-d206092bb822","properties":{"id":"8e455d00-6af6-44b1-b191-d206092bb822","sources":[{"dataset":"OpenStreetMap","license":"ODbL-1.0","property":"","provider":"osm","record_id":"n7936850145@1","resource":"planet","update_time":"2020-09-24T08:19:53Z","version":"2026-09-09"}],"version":1},"type":"Feature"},{"geometry":{"coordinates":[-86.8575164,35.933391],"type":"Point"},"id":"39d6c8ca-b5c1-46ed-aaf5-c7de502c4845","properties":{"id":"39d6c8ca-b5c1-46ed-aaf5-c7de502c4845","sources":[{"dataset":"OpenStreetMap","license":"ODbL-1.0","property":"","provider":"osm","record_id":"n7936850157@1","resource":"planet","update_time":"2020-09-24T08:19:53Z","version":"2026-09-09"}],"version":1},"type":"Feature"},{"geometry":{"coordinates":[-86.8575602,35.9332761],"type":"Point"},"id":"334bb81f-6ff7-4107-b07e-8d60cddca192","properties":{"id":"334bb81f-6ff7-4107-b07e-8d60cddca192","sources":[{"dataset":"OpenStreetMap","license":"ODbL-1.0","property":"","provider":"osm","record_id":"n7936850156@1","resource":"planet","update_time":"2020-09-24T08:19:53Z","version":"2026-09-09"}],"version":1},"type":"Feature"},{"geometry":{"coordinates":[-86.8573827,35.9333475],"type":"Point"},"id":"c9df1353-65d4-49d4-992a-d0c27d26479a","properties":{"id":"c9df1353-65d4-49d4-992a-d0c27d26479a","sources":[{"dataset":"OpenStreetMap","license":"ODbL-1.0","property":"","provider":"osm","record_id":"n9013967972@1","resource":"planet","update_time":"2021-08-17T11:30:28Z","version":"2026-09-09"}],"version":1},"type":"Feature"},{"geometry":{"coordinates":[-86.8573432,35.9333347],"type":"Point"},"id":"37929316-8a31-4a54-b72d-524baabc9459","properties":{"id":"37929316-8a31-4a54-b72d-524baabc9459","sources":[{"dataset":"OpenStreetMap","license":"ODbL-1.0","property":"","provider":"osm","record_id":"n6694726352@1","resource":"planet","update_time":"2019-08-08T12:13:07Z","version":"2026-09-09"}],"version":1},"type":"Feature"},{"geometry":{"coordinates":[-86.8571082,35.9332583],"type":"Point"},"id":"1a4d68af-3b03-4ebf-84e1-6191bffb3f2e","properties":{"id":"1a4d68af-3b03-4ebf-84e1-6191bffb3f2e","sources":[{"dataset":"OpenStreetMap","license":"ODbL-1.0","property":"","provider":"osm","record_id":"n204118255@5","resource":"planet","update_time":"2017-07-04T21:34:27Z","version":"2026-09-09"}],"version":1},"type":"Feature"},{"geometry":{"coordinates":[-86.8551901,35.9332028],"type":"Point"},"id":"13b1c549-c711-4914-8daa-410978968d83","properties":{"id":"13b1c549-c711-4914-8daa-410978968d83","sources":[{"dataset":"OpenStreetMap","license":"ODbL-1.0","property":"","provider":"osm","record_id":"n5828397364@1","resource":"planet","update_time":"2018-08-13T03:38:07Z","version":"2026-09-09"}],"version":1},"type":"Feature"},{"geometry":{"coordinates":[-86.8578287,35.9326809],"type":"Point"},"id":"ea969c6c-8c90-41c8-b287-a0095d3611e6","properties":{"id":"ea969c6c-8c90-41c8-b287-a0095d3611e6","sources":[{"dataset":"OpenStreetMap","license":"ODbL-1.0","property":"","provider":"osm","record_id":"n7936850155@1","resource":"planet","update_time":"2020-09-24T08:19:53Z","version":"2026-09-09"}],"version":1},"type":"Feature"},{"geometry":{"coordinates":[-86.8553122,35.9325219],"type":"Point"},"id":"3cfcfa29-7510-4f5c-a66d-1526a8e4c3d6","properties":{"id":"3cfcfa29-7510-4f5c-a66d-1526a8e4c3d6","sources":[{"dataset":"OpenStreetMap","license":"ODbL-1.0","property":"","provider":"osm","record_id":"n5828397361@2","resource":"planet","update_time":"2020-06-03T10:46:08Z","version":"2026-09-09"}],"version":1},"type":"Feature"},{"geometry":{"coordinates":[-86.85636,35.9300463],"type":"Point"},"id":"c31c786c-b979-4271-86ef-f10898c7903a","properties":{"id":"c31c786c-b979-4271-86ef-f10898c7903a","sources":[{"dataset":"OpenStreetMap","license":"ODbL-1.0","property":"","provider":"osm","record_id":"n5819682973@1","resource":"planet","update_time":"2018-08-09T05:02:48Z","version":"2026-09-09"}],"version":1},"type":"Feature"},{"geometry":{"coordinates":[-86.8558562,35.9297459],"type":"Point"},"id":"724218be-28be-4694-afbc-053f0b5f2536","properties":{"id":"724218be-28be-4694-afbc-053f0b5f2536","sources":[{"dataset":"OpenStreetMap","license":"ODbL-1.0","property":"","provider":"osm","record_id":"n204084322@5","resource":"planet","update_time":"2013-11-15T03:24:51Z","version":"2026-09-09"}],"version":1},"type":"Feature"},{"geometry":{"coordinates":[-86.8555771,35.9298134],"type":"Point"},"id":"f2b615ca-b0a2-4068-aa19-84f90a1a3367","properties":{"id":"f2b615ca-b0a2-4068-aa19-84f90a1a3367","sources":[{"dataset":"OpenStreetMap","license":"ODbL-1.0","property":"","provider":"osm","record_id":"n7150591190@1","resource":"planet","update_time":"2020-01-22T07:46:33Z","version":"2026-09-09"}],"version":1},"type":"Feature"},{"geometry":{"coordinates":[-86.8550446,35.9294183],"type":"Point"},"id":"92c27fbc-492b-43d3-9dff-654a90d27fc8","properties":{"id":"92c27fbc-492b-43d3-9dff-654a90d27fc8","sources":[{"dataset":"OpenStreetMap","license":"ODbL-1.0","property":"","provider":"osm","record_id":"n7019409662@1","resource":"planet","update_time":"2019-11-29T12:22:25Z","version":"2026-09-09"}],"version":1},"type":"Feature"},{"geometry":{"coordinates":[-86.8561632,35.9293668],"type":"Point"},"id":"85880177-a57f-408d-9c43-b08450d573bc","properties":{"id":"85880177-a57f-408d-9c43-b08450d573bc","sources":[{"dataset":"OpenStreetMap","license":"ODbL-1.0","property":"","provider":"osm","record_id":"n204093779@4","resource":"planet","update_time":"2013-11-15T03:24:51Z","version":"2026-09-09"}],"version":1},"type":"Feature"},{"geometry":{"coordinates":[-86.8565246,35.9295719],"type":"Point"},"id":"7a0b2fdf-5aa5-469f-a8ce-b3f03d5316b0","properties":{"id":"7a0b2fdf-5aa5-469f-a8ce-b3f03d5316b0","sources":[{"dataset":"OpenStreetMap","license":"ODbL-1.0","property":"","provider":"osm","record_id":"n5819682972@1","resource":"planet","update_time":"2018-08-09T05:02:48Z","version":"2026-09-09"}],"version":1},"type":"Feature"},{"geometry":{"coordinates":[-86.8559149,35.9296734],"type":"Point"},"id":"1ab341af-565c-4abf-bfa2-66bafe593267","properties":{"id":"1ab341af-565c-4abf-bfa2-66bafe593267","sources":[{"dataset":"OpenStreetMap","license":"ODbL-1.0","property":"","provider":"osm","record_id":"n11303262427@1","resource":"planet","update_time":"2023-10-31T20:20:20Z","version":"2026-09-09"}],"version":1},"type":"Feature"},{"geometry":{"coordinates":[-86.8573359,35.929398],"type":"Point"},"id":"ce91fd13-c720-4c44-a491-5de9dc0e9e04","properties":{"id":"ce91fd13-c720-4c44-a491-5de9dc0e9e04","sources":[{"dataset":"OpenStreetMap","license":"ODbL-1.0","property":"","provider":"osm","record_id":"n6690724132@1","resource":"planet","update_time":"2019-08-07T10:26:02Z","version":"2026-09-09"}],"version":1},"type":"Feature"},{"geometry":{"coordinates":[-86.8578477,35.9294505],"type":"Point"},"id":"da540188-98cd-43c2-aaab-a957ae59ecbd","properties":{"id":"da540188-98cd-43c2-aaab-a957ae59ecbd","sources":[{"dataset":"OpenStreetMap","license":"ODbL-1.0","property":"","provider":"osm","record_id":"n5819682969@0","resource":"planet","version":"2026-09-09"}],"version":2},"type":"Feature"},{"geometry":{"coordinates":[-86.8577887,35.9294832],"type":"Point"},"id":"5c51711d-ccf0-4249-96a1-b0f390b6b1de","properties":{"id":"5c51711d-ccf0-4249-96a1-b0f390b6b1de","sources":[{"dataset":"OpenStreetMap","license":"ODbL-1.0","property":"","provider":"osm","record_id":"n8838921571@1","resource":"planet","update_time":"2021-06-16T13:40:20Z","version":"2026-09-09"}],"version":1},"type":"Feature"},{"geometry":{"coordinates":[-86.857804,35.9295684],"type":"Point"},"id":"c97ccf45-ccc8-4871-b42f-dabd0730b8a2","properties":{"id":"c97ccf45-ccc8-4871-b42f-dabd0730b8a2","sources":[{"dataset":"OpenStreetMap","license":"ODbL-1.0","property":"","provider":"osm","resource":"planet","version":"2026-09-09"}],"version":2},"type":"Feature"},{"geometry":{"coordinates":[-86.8562931,35.9301236],"type":"Point"},"id":"9c11abca-1601-45df-8f27-27a407120a02","properties":{"id":"9c11abca-1601-45df-8f27-27a407120a02","sources":[{"dataset":"OpenStreetMap","license":"ODbL-1.0","property":"","provider":"osm","record_id":"n11303262538@1","resource":"planet","update_time":"2023-10-31T20:20:20Z","version":"2026-09-09"}],"version":1},"type":"Feature"},{"geometry":{"coordinates":[-86.8555084,35.9301155],"type":"Point"},"id":"ff4a383b-5135-4fc3-82ef-ae44cb80245a","properties":{"id":"ff4a383b-5135-4fc3-82ef-ae44cb80245a","sources":[{"dataset":"OpenStreetMap","license":"ODbL-1.0","property":"","provider":"osm","record_id":"n7150591186@1","resource":"planet","update_time":"2020-01-22T07:46:33Z","version":"2026-09-09"}],"version":1},"type":"Feature"},{"geometry":{"coordinates":[-86.8550467,35.9300997],"type":"Point"},"id":"caefa1a7-a510-4909-a097-6695caab9809","properties":{"id":"caefa1a7-a510-4909-a097-6695caab9809","sources":[{"dataset":"OpenStreetMap","license":"ODbL-1.0","property":"","provider":"osm","resource":"planet","version":"2026-09-09"}],"version":1},"type":"Feature"},{"geometry":{"coordinates":[-86.8554425,35.9304258],"type":"Point"},"id":"db8e2727-871e-418a-9a66-9dea3ac6ee22","properties":{"id":"db8e2727-871e-418a-9a66-9dea3ac6ee22","sources":[{"dataset":"OpenStreetMap","license":"ODbL-1.0","property":"","provider":"osm","record_id":"n7150574684@1","resource":"planet","update_time":"2020-01-22T07:46:33Z","version":"2026-09-09"}],"version":1},"type":"Feature"},{"geometry":{"coordinates":[-86.856029,35.9304286],"type":"Point"},"id":"886ec0a8-5bf9-484e-b499-8b6f9439c38e","properties":{"id":"886ec0a8-5bf9-484e-b499-8b6f9439c38e","sources":[{"dataset":"OpenStreetMap","license":"ODbL-1.0","property":"","provider":"osm","record_id":"n7150574678@1","resource":"planet","update_time":"2020-01-22T07:46:33Z","version":"2026-09-09"}],"version":1},"type":"Feature"},{"geometry":{"coordinates":[-86.8550645,35.9304241],"type":"Point"},"id":"e5843e43-0e1a-42bb-a7d7-27421f148f1e","properties":{"id":"e5843e43-0e1a-42bb-a7d7-27421f148f1e","sources":[{"dataset":"OpenStreetMap","license":"ODbL-1.0","property":"","provider":"osm","record_id":"n3158028741@1","resource":"planet","update_time":"2014-10-30T15:46:04Z","version":"2026-09-09"}],"version":1},"type":"Feature"},{"geometry":{"coordinates":[-86.8558765,35.9306047],"type":"Point"},"id":"efdc437c-3af0-48cd-a6da-9b914be8c288","properties":{"id":"efdc437c-3af0-48cd-a6da-9b914be8c288","sources":[{"dataset":"OpenStreetMap","license":"ODbL-1.0","property":"","provider":"osm","record_id":"n7150574667@1","resource":"planet","update_time":"2020-01-22T07:46:33Z","version":"2026-09-09"}],"version":1},"type":"Feature"},{"geometry":{"coordinates":[-86.8571977,35.9304466],"type":"Point"},"id":"c180cab8-0ba5-48dc-b78a-26c93a21c77d","properties":{"id":"c180cab8-0ba5-48dc-b78a-26c93a21c77d","sources":[{"dataset":"OpenStreetMap","license":"ODbL-1.0","property":"","provider":"osm","record_id":"n11303262428@1","resource":"planet","update_time":"2023-10-31T20:20:20Z","version":"2026-09-09"}],"version":1},"type":"Feature"},{"geometry":{"coordinates":[-86.8571378,35.9305094],"type":"Point"},"id":"725665e4-89fe-4f3a-8166-74a1f8eb5b8f","properties":{"id":"725665e4-89fe-4f3a-8166-74a1f8eb5b8f","sources":[{"dataset":"OpenStreetMap","license":"ODbL-1.0","property":"","provider":"osm","record_id":"n2533127661@1","resource":"planet","update_time":"2013-11-15T03:24:50Z","version":"2026-09-09"}],"version":1},"type":"Feature"},{"geometry":{"coordinates":[-86.8570832,35.9305715],"type":"Point"},"id":"3198c852-e5b4-4487-bbdf-308d7de21d8f","properties":{"id":"3198c852-e5b4-4487-bbdf-308d7de21d8f","sources":[{"dataset":"OpenStreetMap","license":"ODbL-1.0","property":"","provider":"osm","record_id":"n11303262539@1","resource":"planet","update_time":"2023-10-31T20:20:20Z","version":"2026-09-09"}],"version":1},"type":"Feature"},{"geometry":{"coordinates":[-86.8574325,35.9309826],"type":"Point"},"id":"e6a0dea1-0520-48db-9d6d-d8988b7c3a7c","properties":{"id":"e6a0dea1-0520-48db-9d6d-d8988b7c3a7c","sources":[{"dataset":"OpenStreetMap","license":"ODbL-1.0","property":"","provider":"osm","record_id":"n4951685180@2","resource":"planet","update_time":"2025-08-11T12:32:25Z","version":"2026-09-09"}],"version":1},"type":"Feature"},{"geometry":{"coordinates":[-86.8576366,35.93103],"type":"Point"},"id":"b82c1c43-ea48-41aa-b296-5690bda5fbc2","properties":{"id":"b82c1c43-ea48-41aa-b296-5690bda5fbc2","sources":[{"dataset":"OpenStreetMap","license":"ODbL-1.0","property":"","provider":"osm","record_id":"n13063420296@1","resource":"planet","update_time":"2025-08-11T12:32:25Z","version":"2026-09-09"}],"version":1},"type":"Feature"},{"geometry":{"coordinates":[-86.8578519,35.93108],"type":"Point"},"id":"2843404b-5dd1-493b-bb86-8a36adedde47","properties":{"id":"2843404b-5dd1-493b-bb86-8a36adedde47","sources":[{"dataset":"OpenStreetMap","license":"ODbL-1.0","property":"","provider":"osm","record_id":"n13063420297@1","resource":"planet","update_time":"2025-08-11T12:32:25Z","version":"2026-09-09"}],"version":1},"type":"Feature"},{"geometry":{"coordinates":[-86.8580522,35.9311265],"type":"Point"},"id":"65a1a307-bebe-4744-8b18-e2226287c66e","properties":{"id":"65a1a307-bebe-4744-8b18-e2226287c66e","sources":[{"dataset":"OpenStreetMap","license":"ODbL-1.0","property":"","provider":"osm","record_id":"n13063420300@1","resource":"planet","update_time":"2025-08-11T12:32:25Z","version":"2026-09-09"}],"version":1},"type":"Feature"},{"geometry":{"coordinates":[-86.8554757,35.9313979],"type":"Point"},"id":"150d0eda-6c3d-4e5b-ab5d-e33d052fbd64","properties":{"id":"150d0eda-6c3d-4e5b-ab5d-e33d052fbd64","sources":[{"dataset":"OpenStreetMap","license":"ODbL-1.0","property":"","provider":"osm","record_id":"n7287935889@1","resource":"planet","update_time":"2020-03-12T09:36:46Z","version":"2026-09-09"}],"version":1},"type":"Feature"},{"geometry":{"coordinates":[-86.8555446,35.9312219],"type":"Point"},"id":"02704a16-be8e-4893-89b4-514e0a561b06","properties":{"id":"02704a16-be8e-4893-89b4-514e0a561b06","sources":[{"dataset":"OpenStreetMap","license":"ODbL-1.0","property":"","provider":"osm","record_id":"n5819682975@1","resource":"planet","update_time":"2018-08-09T05:02:48Z","version":"2026-09-09"}],"version":1},"type":"Feature"},{"geometry":{"coordinates":[-86.8556872,35.9320311],"type":"Point"},"id":"d7765180-7f15-4d92-9a38-94aade7dc996","properties":{"id":"d7765180-7f15-4d92-9a38-94aade7dc996","sources":[{"dataset":"OpenStreetMap","license":"ODbL-1.0","property":"","provider":"osm","record_id":"n7589119231@1","resource":"planet","update_time":"2020-06-03T10:46:08Z","version":"2026-09-09"}],"version":1},"type":"Feature"},{"geometry":{"coordinates":[-86.8555022,35.9319821],"type":"Point"},"id":"66df9da7-1510-4126-989b-0207577b785b","properties":{"id":"66df9da7-1510-4126-989b-0207577b785b","sources":[{"dataset":"OpenStreetMap","license":"ODbL-1.0","property":"","provider":"osm","record_id":"n5828397360@1","resource":"planet","update_time":"2018-08-13T03:38:07Z","version":"2026-09-09"}],"version":1},"type":"Feature"},{"geometry":{"coordinates":[-86.8552675,35.9319297],"type":"Point"},"id":"adb68f0b-c015-4c85-979d-6170f662112a","properties":{"id":"adb68f0b-c015-4c85-979d-6170f662112a","sources":[{"dataset":"OpenStreetMap","license":"ODbL-1.0","property":"","provider":"osm","record_id":"n5819682976@1","resource":"planet","update_time":"2018-08-09T05:02:48Z","version":"2026-09-09"}],"version":1},"type":"Feature"},{"geometry":{"coordinates":[-86.8572838,35.9318198],"type":"Point"},"id":"22637d8e-1bbe-4c42-988c-c72274ce784b","properties":{"id":"22637d8e-1bbe-4c42-988c-c72274ce784b","sources":[{"dataset":"OpenStreetMap","license":"ODbL-1.0","property":"","provider":"osm","record_id":"n13063420298@1","resource":"planet","update_time":"2025-08-11T12:32:25Z","version":"2026-09-09"}],"version":1},"type":"Feature"},{"geometry":{"coordinates":[-86.8571073,35.9317362],"type":"Point"},"id":"7fddb9f8-8436-40c3-b02f-66296e65c46d","properties":{"id":"7fddb9f8-8436-40c3-b02f-66296e65c46d","sources":[{"dataset":"OpenStreetMap","license":"ODbL-1.0","property":"","provider":"osm","record_id":"n13063420295@1","resource":"planet","update_time":"2025-08-11T12:32:25Z","version":"2026-09-09"}],"version":1},"type":"Feature"},{"geometry":{"coordinates":[-86.8569368,35.9316555],"type":"Point"},"id":"e94d7027-f8d0-4755-bac4-e9061f2f84c7","properties":{"id":"e94d7027-f8d0-4755-bac4-e9061f2f84c7","sources":[{"dataset":"OpenStreetMap","license":"ODbL-1.0","property":"","provider":"osm","record_id":"n13063420294@1","resource":"planet","update_time":"2025-08-11T12:32:25Z","version":"2026-09-09"}],"version":1},"type":"Feature"},{"geometry":{"coordinates":[-86.8576278,35.9320026],"type":"Point"},"id":"75e5e3c9-a5ba-43a9-aa5a-97c690092e79","properties":{"id":"75e5e3c9-a5ba-43a9-aa5a-97c690092e79","sources":[{"dataset":"OpenStreetMap","license":"ODbL-1.0","property":"","provider":"osm","record_id":"n13063420302@1","resource":"planet","update_time":"2025-08-11T12:32:25Z","version":"2026-09-09"}],"version":1},"type":"Feature"},{"geometry":{"coordinates":[-86.8574641,35.9319051],"type":"Point"},"id":"b892ce8e-7e73-4d8b-8d93-86c35b2bfdfa","properties":{"id":"b892ce8e-7e73-4d8b-8d93-86c35b2bfdfa","sources":[{"dataset":"OpenStreetMap","license":"ODbL-1.0","property":"","provider":"osm","record_id":"n13063420299@1","resource":"planet","update_time":"2025-08-11T12:32:25Z","version":"2026-09-09"}],"version":1},"type":"Feature"},{"geometry":{"coordinates":[-86.8579437,35.9321928],"type":"Point"},"id":"2b2e8d07-9130-4b4a-84ca-035da94b173c","properties":{"id":"2b2e8d07-9130-4b4a-84ca-035da94b173c","sources":[{"dataset":"OpenStreetMap","license":"ODbL-1.0","property":"","provider":"osm","record_id":"n4951685178@1","resource":"planet","update_time":"2017-07-04T21:34:25Z","version":"2026-09-09"}],"version":1},"type":"Feature"},{"geometry":{"coordinates":[-86.8610753,35.9321298],"type":"Point"},"id":"e8e9e707-7d0e-4026-a4ec-ce9480ba0129","properties":{"id":"e8e9e707-7d0e-4026-a4ec-ce9480ba0129","sources":[{"dataset":"OpenStreetMap","license":"ODbL-1.0","property":"","provider":"osm","record_id":"n4951685170@2","resource":"planet","update_time":"2025-08-11T12:32:25Z","version":"2026-09-09"}],"version":1},"type":"Feature"},{"geometry":{"coordinates":[-86.8608861,35.9321531],"type":"Point"},"id":"897be755-4bfd-41da-9950-ec48e1103753","properties":{"id":"897be755-4bfd-41da-9950-ec48e1103753","sources":[{"dataset":"OpenStreetMap","license":"ODbL-1.0","property":"","provider":"osm","record_id":"n13063420288@1","resource":"planet","update_time":"2025-08-11T12:32:25Z","version":"2026-09-09"}],"version":1},"type":"Feature"},{"geometry":{"coordinates":[-86.8604496,35.9318248],"type":"Point"},"id":"ba2d0fad-95b2-49bf-9a7f-24f8c19c3c26","properties":{"id":"ba2d0fad-95b2-49bf-9a7f-24f8c19c3c26","sources":[{"dataset":"OpenStreetMap","license":"ODbL-1.0","property":"","provider":"osm","record_id":"n4951685169@2","resource":"planet","update_time":"2025-08-11T12:32:25Z","version":"2026-09-09"}],"version":2},"type":"Feature"},{"geometry":{"coordinates":[-86.8605146,35.9317333],"type":"Point"},"id":"9555baf3-459e-4e0f-9e0c-cfe5390719bc","properties":{"id":"9555baf3-459e-4e0f-9e0c-cfe5390719bc","sources":[{"dataset":"OpenStreetMap","license":"ODbL-1.0","property":"","provider":"osm","record_id":"n4951685157@2","resource":"planet","update_time":"2025-08-11T12:32:25Z","version":"2026-09-09"}],"version":1},"type":"Feature"},{"geometry":{"coordinates":[-86.8600672,35.931621],"type":"Point"},"id":"05d69e5b-7884-44e1-be28-8a6865204530","properties":{"id":"05d69e5b-7884-44e1-be28-8a6865204530","sources":[{"dataset":"OpenStreetMap","license":"ODbL-1.0","property":"","provider":"osm","record_id":"n4951685161@2","resource":"planet","update_time":"2025-08-11T12:32:25Z","version":"2026-09-09"}],"version":2},"type":"Feature"},{"geometry":{"coordinates":[-86.8581244,35.931642],"type":"Point"},"id":"8ff4faf2-ee2e-4b89-a464-c9ba07e662cc","properties":{"id":"8ff4faf2-ee2e-4b89-a464-c9ba07e662cc","sources":[{"dataset":"OpenStreetMap","license":"ODbL-1.0","property":"","provider":"osm","record_id":"n13063420304@1","resource":"planet","update_time":"2025-08-11T12:32:25Z","version":"2026-09-09"}],"version":1},"type":"Feature"},{"geometry":{"coordinates":[-86.8594682,35.9313566],"type":"Point"},"id":"06d313d6-6e14-4c8a-a3bb-a93d1083e455","properties":{"id":"06d313d6-6e14-4c8a-a3bb-a93d1083e455","sources":[{"dataset":"OpenStreetMap","license":"ODbL-1.0","property":"","provider":"osm","record_id":"n4951685152@1","resource":"planet","update_time":"2017-07-04T21:34:25Z","version":"2026-09-09"}],"version":1},"type":"Feature"},{"geometry":{"coordinates":[-86.8587363,35.9312125],"type":"Point"},"id":"e7070001-a69c-4e94-aec6-f4086b75142b","properties":{"id":"e7070001-a69c-4e94-aec6-f4086b75142b","sources":[{"dataset":"OpenStreetMap","license":"ODbL-1.0","property":"","provider":"osm","record_id":"n4951685176@1","resource":"planet","update_time":"2017-07-04T21:34:25Z","version":"2026-09-09"}],"version":1},"type":"Feature"},{"geometry":{"coordinates":[-86.8588234,35.9312285],"type":"Point"},"id":"cbe43c08-2f2f-47bf-a732-8a93977e145b","properties":{"id":"cbe43c08-2f2f-47bf-a732-8a93977e145b","sources":[{"dataset":"OpenStreetMap","license":"ODbL-1.0","property":"","provider":"osm","record_id":"n4951685143@1","resource":"planet","update_time":"2017-07-04T21:34:25Z","version":"2026-09-09"}],"version":1},"type":"Feature"},{"geometry":{"coordinates":[-86.8586558,35.9312668],"type":"Point"},"id":"c0bf9600-4797-4c79-8c11-2eac093f3e0d","properties":{"id":"c0bf9600-4797-4c79-8c11-2eac093f3e0d","sources":[{"dataset":"OpenStreetMap","license":"ODbL-1.0","property":"","provider":"osm","record_id":"n4951685179@1","resource":"planet","update_time":"2017-07-04T21:34:25Z","version":"2026-09-09"}],"version":1},"type":"Feature"},{"geometry":{"coordinates":[-86.8584478,35.9312185],"type":"Point"},"id":"071310e5-3c4a-46fd-872d-34dd9293cafc","properties":{"id":"071310e5-3c4a-46fd-872d-34dd9293cafc","sources":[{"dataset":"OpenStreetMap","license":"ODbL-1.0","property":"","provider":"osm","record_id":"n13063420303@1","resource":"planet","update_time":"2025-08-11T12:32:25Z","version":"2026-09-09"}],"version":1},"type":"Feature"},{"geometry":{"coordinates":[-86.8582616,35.9311752],"type":"Point"},"id":"3664b52a-c051-4697-9b44-7ef963d3071a","properties":{"id":"3664b52a-c051-4697-9b44-7ef963d3071a","sources":[{"dataset":"OpenStreetMap","license":"ODbL-1.0","property":"","provider":"osm","record_id":"n13063420301@1","resource":"planet","update_time":"2025-08-11T12:32:25Z","version":"2026-09-09"}],"version":1},"type":"Feature"},{"geometry":{"coordinates":[-86.8584104,35.9309346],"type":"Point"},"id":"fc1aa610-3eab-4f1c-84a8-d27b8d3633c5","properties":{"id":"fc1aa610-3eab-4f1c-84a8-d27b8d3633c5","sources":[{"dataset":"OpenStreetMap","license":"ODbL-1.0","property":"","provider":"osm","record_id":"n6694376105@1","resource":"planet","update_time":"2019-08-08T09:22:19Z","version":"2026-09-09"}],"version":1},"type":"Feature"},{"geometry":{"coordinates":[-86.8584289,35.9308546],"type":"Point"},"id":"7eb48e38-4c57-4823-8c90-2af3a162c1e6","properties":{"id":"7eb48e38-4c57-4823-8c90-2af3a162c1e6","sources":[{"dataset":"OpenStreetMap","license":"ODbL-1.0","property":"","provider":"osm","record_id":"n11303262429@1","resource":"planet","update_time":"2023-10-31T20:20:20Z","version":"2026-09-09"}],"version":1},"type":"Feature"},{"geometry":{"coordinates":[-86.8592517,35.9309958],"type":"Point"},"id":"88d31519-59d9-4ff4-9443-f4a1043d808f","properties":{"id":"88d31519-59d9-4ff4-9443-f4a1043d808f","sources":[{"dataset":"OpenStreetMap","license":"ODbL-1.0","property":"","provider":"osm","record_id":"n11303262430@1","resource":"planet","update_time":"2023-10-31T20:20:20Z","version":"2026-09-09"}],"version":1},"type":"Feature"},{"geometry":{"coordinates":[-86.8588584,35.9310092],"type":"Point"},"id":"a6142aee-5d36-4ba9-980b-7391510edda3","properties":{"id":"a6142aee-5d36-4ba9-980b-7391510edda3","sources":[{"dataset":"OpenStreetMap","license":"ODbL-1.0","property":"","provider":"osm","record_id":"n4951685173@1","resource":"planet","update_time":"2017-07-04T21:34:25Z","version":"2026-09-09"}],"version":1},"type":"Feature"},{"geometry":{"coordinates":[-86.8588351,35.9310867],"type":"Point"},"id":"2be92520-0b9b-4796-985e-ca5410f26669","properties":{"id":"2be92520-0b9b-4796-985e-ca5410f26669","sources":[{"dataset":"OpenStreetMap","license":"ODbL-1.0","property":"","provider":"osm","record_id":"n11303262540@1","resource":"planet","update_time":"2023-10-31T20:20:20Z","version":"2026-09-09"}],"version":1},"type":"Feature"},{"geometry":{"coordinates":[-86.8592339,35.9310718],"type":"Point"},"id":"91799aa9-196a-430f-b1bf-f9aa7fd0cf44","properties":{"id":"91799aa9-196a-430f-b1bf-f9aa7fd0cf44","sources":[{"dataset":"OpenStreetMap","license":"ODbL-1.0","property":"","provider":"osm","record_id":"n204069358@5","resource":"planet","update_time":"2013-11-15T03:24:51Z","version":"2026-09-09"}],"version":1},"type":"Feature"},{"geometry":{"coordinates":[-86.8634929,35.9311325],"type":"Point"},"id":"93e1f430-20ec-480e-b227-5e1da5431232","properties":{"id":"93e1f430-20ec-480e-b227-5e1da5431232","sources":[{"dataset":"OpenStreetMap","license":"ODbL-1.0","property":"","provider":"osm","record_id":"n7049512449@1","resource":"planet","update_time":"2019-12-11T14:00:45Z","version":"2026-09-09"}],"version":1},"type":"Feature"},{"geometry":{"coordinates":[-86.8635726,35.931174],"type":"Point"},"id":"0182287e-ea82-4f19-a4c1-0dcfff6a65af","properties":{"id":"0182287e-ea82-4f19-a4c1-0dcfff6a65af","sources":[{"dataset":"OpenStreetMap","license":"ODbL-1.0","property":"","provider":"osm","record_id":"n13050565961@1","resource":"planet","update_time":"2025-08-05T18:00:22Z","version":"2026-09-09"}],"version":1},"type":"Feature"},{"geometry":{"coordinates":[-86.8627027,35.9312788],"type":"Point"},"id":"a21909ba-254a-4c07-999e-7a7d1370702c","properties":{"id":"a21909ba-254a-4c07-999e-7a7d1370702c","sources":[{"dataset":"OpenStreetMap","license":"ODbL-1.0","property":"","provider":"osm","record_id":"n7018720380@1","resource":"planet","update_time":"2019-11-29T07:19:00Z","version":"2026-09-09"}],"version":1},"type":"Feature"},{"geometry":{"coordinates":[-86.8632145,35.9313891],"type":"Point"},"id":"febb8b50-dbe6-438f-8e05-a8616feae98b","properties":{"id":"febb8b50-dbe6-438f-8e05-a8616feae98b","sources":[{"dataset":"OpenStreetMap","license":"ODbL-1.0","property":"","provider":"osm","record_id":"n13050565943@1","resource":"planet","update_time":"2025-08-05T18:00:22Z","version":"2026-09-09"}],"version":1},"type":"Feature"},{"geometry":{"coordinates":[-86.8632853,35.9314144],"type":"Point"},"id":"aec7fec7-88b6-4467-9d50-6872ea7ef23b","properties":{"id":"aec7fec7-88b6-4467-9d50-6872ea7ef23b","sources":[{"dataset":"OpenStreetMap","license":"ODbL-1.0","property":"","provider":"osm","record_id":"n7018720376@1","resource":"planet","update_time":"2019-11-29T07:19:00Z","version":"2026-09-09"}],"version":1},"type":"Feature"},{"geometry":{"coordinates":[-86.8639537,35.9313665],"type":"Point"},"id":"9fae5452-442f-4a22-ae63-e8d471d5414f","properties":{"id":"9fae5452-442f-4a22-ae63-e8d471d5414f","sources":[{"dataset":"OpenStreetMap","license":"ODbL-1.0","property":"","provider":"osm","record_id":"n7049512447@1","resource":"planet","update_time":"2019-12-11T14:00:45Z","version":"2026-09-09"}],"version":1},"type":"Feature"},{"geometry":{"coordinates":[-86.8630651,35.9317135],"type":"Point"},"id":"2fbf9f2e-0d79-431e-a947-a51fa542844a","properties":{"id":"2fbf9f2e-0d79-431e-a947-a51fa542844a","sources":[{"dataset":"OpenStreetMap","license":"ODbL-1.0","property":"","provider":"osm","record_id":"n204139561@5","resource":"planet","update_time":"2013-11-15T03:24:51Z","version":"2026-09-09"}],"version":1},"type":"Feature"},{"geometry":{"coordinates":[-86.863173,35.9317638],"type":"Point"},"id":"f5eeaa4a-872a-4ec0-9dce-c0839a79ef55","properties":{"id":"f5eeaa4a-872a-4ec0-9dce-c0839a79ef55","sources":[{"dataset":"OpenStreetMap","license":"ODbL-1.0","property":"","provider":"osm","record_id":"n13050565960@1","resource":"planet","update_time":"2025-08-05T18:00:22Z","version":"2026-09-09"}],"version":1},"type":"Feature"},{"geometry":{"coordinates":[-86.8611378,35.9320477],"type":"Point"},"id":"dd9bdb1f-af1b-4664-bd49-2fb97d56f02b","properties":{"id":"dd9bdb1f-af1b-4664-bd49-2fb97d56f02b","sources":[{"dataset":"OpenStreetMap","license":"ODbL-1.0","property":"","provider":"osm","record_id":"n13063411830@1","resource":"planet","update_time":"2025-08-11T12:32:25Z","version":"2026-09-09"}],"version":1},"type":"Feature"},{"geometry":{"coordinates":[-86.8611816,35.9321881],"type":"Point"},"id":"51b0786d-1d96-4bb3-851a-881d772590ba","properties":{"id":"51b0786d-1d96-4bb3-851a-881d772590ba","sources":[{"dataset":"OpenStreetMap","license":"ODbL-1.0","property":"","provider":"osm","record_id":"n13063420286@1","resource":"planet","update_time":"2025-08-11T12:32:25Z","version":"2026-09-09"}],"version":1},"type":"Feature"},{"geometry":{"coordinates":[-86.8617307,35.9321238],"type":"Point"},"id":"f9686cce-3a79-487e-a377-4e95155da732","properties":{"id":"f9686cce-3a79-487e-a377-4e95155da732","sources":[{"dataset":"OpenStreetMap","license":"ODbL-1.0","property":"","provider":"osm","record_id":"n4951685201@1","resource":"planet","update_time":"2017-07-04T21:34:26Z","version":"2026-09-09"}],"version":1},"type":"Feature"},{"geometry":{"coordinates":[-86.8652203,35.9316187],"type":"Point"},"id":"172b08af-78d7-40f1-9edf-e2658f72416c","properties":{"id":"172b08af-78d7-40f1-9edf-e2658f72416c","sources":[{"dataset":"OpenStreetMap","license":"ODbL-1.0","property":"","provider":"osm","record_id":"n204101963@4","resource":"planet","update_time":"2013-11-15T03:24:51Z","version":"2026-09-09"}],"version":1},"type":"Feature"},{"geometry":{"coordinates":[-86.8665087,35.9315122],"type":"Point"},"id":"3e10d230-6bbd-40f4-94f4-6804e5d4ab4f","properties":{"id":"3e10d230-6bbd-40f4-94f4-6804e5d4ab4f","sources":[{"dataset":"OpenStreetMap","license":"ODbL-1.0","property":"","provider":"osm","record_id":"n2472815303@1","resource":"planet","update_time":"2013-09-26T22:06:37Z","version":"2026-09-09"}],"version":1},"type":"Feature"},{"geometry":{"coordinates":[-86.8672632,35.9318896],"type":"Point"},"id":"7915c11b-22d9-49f9-94b9-fb9eb2529ec6","properties":{"id":"7915c11b-22d9-49f9-94b9-fb9eb2529ec6","sources":[{"dataset":"OpenStreetMap","license":"ODbL-1.0","property":"","provider":"osm","record_id":"n8485024756@1","resource":"planet","update_time":"2021-03-04T07:32:56Z","version":"2026-09-09"}],"version":1},"type":"Feature"},{"geometry":{"coordinates":[-86.8677528,35.9320839],"type":"Point"},"id":"a179ce40-1560-41d8-b438-fbd766950f03","properties":{"id":"a179ce40-1560-41d8-b438-fbd766950f03","sources":[{"dataset":"OpenStreetMap","license":"ODbL-1.0","property":"","provider":"osm","record_id":"n2472815306@1","resource":"planet","update_time":"2013-09-26T22:06:37Z","version":"2026-09-09"}],"version":1},"type":"Feature"},{"geometry":{"coordinates":[-86.8688289,35.9319297],"type":"Point"},"id":"4873d50c-2620-44fd-9dd0-47c06551a9b9","properties":{"id":"4873d50c-2620-44fd-9dd0-47c06551a9b9","sources":[{"dataset":"OpenStreetMap","license":"ODbL-1.0","property":"","provider":"osm","record_id":"n8485024762@1","resource":"planet","update_time":"2021-03-04T07:32:56Z","version":"2026-09-09"}],"version":1},"type":"Feature"},{"geometry":{"coordinates":[-86.8675151,35.9315424],"type":"Point"},"id":"062230b1-1a7e-4e73-95be-1f6bf90029ab","properties":{"id":"062230b1-1a7e-4e73-95be-1f6bf90029ab","sources":[{"dataset":"OpenStreetMap","license":"ODbL-1.0","property":"","provider":"osm","record_id":"n8485024758@1","resource":"planet","update_time":"2021-03-04T07:32:56Z","version":"2026-09-09"}],"version":1},"type":"Feature"},{"geometry":{"coordinates":[-86.8701755,35.9314688],"type":"Point"},"id":"61154a3f-9f20-4221-89b8-dee84e64d1d5","properties":{"id":"61154a3f-9f20-4221-89b8-dee84e64d1d5","sources":[{"dataset":"OpenStreetMap","license":"ODbL-1.0","property":"","provider":"osm","record_id":"n11134111015@1","resource":"planet","update_time":"2023-08-21T13:30:10Z","version":"2026-09-09"}],"version":1},"type":"Feature"},{"geometry":{"coordinates":[-86.8685242,35.9309786],"type":"Point"},"id":"a36da422-0edb-4277-b3a2-a97794f29f4a","properties":{"id":"a36da422-0edb-4277-b3a2-a97794f29f4a","sources":[{"dataset":"OpenStreetMap","license":"ODbL-1.0","property":"","provider":"osm","record_id":"n204125773@5","resource":"planet","update_time":"2023-08-21T13:30:10Z","version":"2026-09-09"}],"version":1},"type":"Feature"},{"geometry":{"coordinates":[-86.866882,35.931158],"type":"Point"},"id":"90369c00-b01b-4f08-8eb2-04e112e43d15","properties":{"id":"90369c00-b01b-4f08-8eb2-04e112e43d15","sources":[{"dataset":"OpenStreetMap","license":"ODbL-1.0","property":"","provider":"osm","record_id":"n204148119@2","resource":"planet","update_time":"2009-11-10T02:04:06Z","version":"2026-09-09"}],"version":1},"type":"Feature"},{"geometry":{"coordinates":[-86.8652904,35.9309728],"type":"Point"},"id":"939635b7-bb40-4b98-abc5-e34de756cd93","properties":{"id":"939635b7-bb40-4b98-abc5-e34de756cd93","sources":[{"dataset":"OpenStreetMap","license":"ODbL-1.0","property":"","provider":"osm","record_id":"n204099377@3","resource":"planet","update_time":"2013-09-26T22:06:46Z","version":"2026-09-09"}],"version":1},"type":"Feature"},{"geometry":{"coordinates":[-86.8656429,35.9307054],"type":"Point"},"id":"0800da89-9f1f-49af-915d-4054b8499dba","properties":{"id":"0800da89-9f1f-49af-915d-4054b8499dba","sources":[{"dataset":"OpenStreetMap","license":"ODbL-1.0","property":"","provider":"osm","record_id":"n2472815295@1","resource":"planet","update_time":"2013-09-26T22:06:36Z","version":"2026-09-09"}],"version":1},"type":"Feature"},{"geometry":{"coordinates":[-86.8674541,35.9303463],"type":"Point"},"id":"92b3dc12-20fa-4d4b-a9d7-56c9cdce33d8","properties":{"id":"92b3dc12-20fa-4d4b-a9d7-56c9cdce33d8","sources":[{"dataset":"OpenStreetMap","license":"ODbL-1.0","property":"","provider":"osm","record_id":"n11134111014@1","resource":"planet","update_time":"2023-08-21T13:30:10Z","version":"2026-09-09"}],"version":1},"type":"Feature"},{"geometry":{"coordinates":[-86.8672472,35.9299354],"type":"Point"},"id":"87102711-0dee-47df-b1a0-2b1a60bab0e8","properties":{"id":"87102711-0dee-47df-b1a0-2b1a60bab0e8","sources":[{"dataset":"OpenStreetMap","license":"ODbL-1.0","property":"","provider":"osm","resource":"planet","version":"2026-09-09"}],"version":1},"type":"Feature"},{"geometry":{"coordinates":[-86.8644272,35.930037],"type":"Point"},"id":"09a43568-ad64-42c2-8a38-712ee30e0f40","properties":{"id":"09a43568-ad64-42c2-8a38-712ee30e0f40","sources":[{"dataset":"OpenStreetMap","license":"ODbL-1.0","property":"","provider":"osm","record_id":"n13050565962@1","resource":"planet","update_time":"2025-08-05T18:00:22Z","version":"2026-09-09"}],"version":1},"type":"Feature"},{"geometry":{"coordinates":[-86.8643335,35.9299909],"type":"Point"},"id":"afb295eb-8957-4ef7-88ff-0811303d2357","properties":{"id":"afb295eb-8957-4ef7-88ff-0811303d2357","sources":[{"dataset":"OpenStreetMap","license":"ODbL-1.0","property":"","provider":"osm","record_id":"n205505430@6","resource":"planet","update_time":"2024-04-22T17:18:50Z","version":"2026-09-09"}],"version":1},"type":"Feature"},{"geometry":{"coordinates":[-86.8642555,35.92998],"type":"Point"},"id":"72702ee6-6bbf-4034-88fc-20e9587c4efc","properties":{"id":"72702ee6-6bbf-4034-88fc-20e9587c4efc","sources":[{"dataset":"OpenStreetMap","license":"ODbL-1.0","property":"","provider":"osm","record_id":"n13050565944@1","resource":"planet","update_time":"2025-08-05T18:00:22Z","version":"2026-09-09"}],"version":1},"type":"Feature"},{"geometry":{"coordinates":[-86.8644405,35.9297472],"type":"Point"},"id":"2dc84b81-c239-4402-9d3a-196b36aced8e","properties":{"id":"2dc84b81-c239-4402-9d3a-196b36aced8e","sources":[{"dataset":"OpenStreetMap","license":"ODbL-1.0","property":"","provider":"osm","record_id":"n13050565931@1","resource":"planet","update_time":"2025-08-05T18:00:22Z","version":"2026-09-09"}],"version":1},"type":"Feature"},{"geometry":{"coordinates":[-86.8645006,35.9297757],"type":"Point"},"id":"7543e243-ec12-4600-8849-426f47e0fff6","properties":{"id":"7543e243-ec12-4600-8849-426f47e0fff6","sources":[{"dataset":"OpenStreetMap","license":"ODbL-1.0","property":"","provider":"osm","record_id":"n7934429045@1","resource":"planet","update_time":"2020-09-23T12:16:31Z","version":"2026-09-09"}],"version":1},"type":"Feature"},{"geometry":{"coordinates":[-86.8612397,35.9295964],"type":"Point"},"id":"19df6b28-4fdb-4987-ac33-710f7d9bec65","properties":{"id":"19df6b28-4fdb-4987-ac33-710f7d9bec65","sources":[{"dataset":"OpenStreetMap","license":"ODbL-1.0","property":"","provider":"osm","record_id":"n7557990141@1","resource":"planet","update_time":"2020-05-26T05:45:56Z","version":"2026-09-09"}],"version":1},"type":"Feature"},{"geometry":{"coordinates":[-86.8619421,35.9296836],"type":"Point"},"id":"4e98f049-e383-4536-a465-6e419a33c285","properties":{"id":"4e98f049-e383-4536-a465-6e419a33c285","sources":[{"dataset":"OpenStreetMap","license":"ODbL-1.0","property":"","provider":"osm","record_id":"n7031585266@1","resource":"planet","update_time":"2019-12-04T10:44:23Z","version":"2026-09-09"}],"version":1},"type":"Feature"},{"geometry":{"coordinates":[-86.8612178,35.9300233],"type":"Point"},"id":"1b2f2f78-a35f-41ab-9291-5dee784edd93","properties":{"id":"1b2f2f78-a35f-41ab-9291-5dee784edd93","sources":[{"dataset":"OpenStreetMap","license":"ODbL-1.0","property":"","provider":"osm","record_id":"n7557990147@1","resource":"planet","update_time":"2020-05-26T05:45:56Z","version":"2026-09-09"}],"version":1},"type":"Feature"},{"geometry":{"coordinates":[-86.8627874,35.9297885],"type":"Point"},"id":"c15a56e6-1eb7-49b9-bba6-8032c1c9dc7d","properties":{"id":"c15a56e6-1eb7-49b9-bba6-8032c1c9dc7d","sources":[{"dataset":"OpenStreetMap","license":"ODbL-1.0","property":"","provider":"osm","record_id":"n8485763769@1","resource":"planet","update_time":"2021-03-04T11:29:37Z","version":"2026-09-09"}],"version":1},"type":"Feature"},{"geometry":{"coordinates":[-86.8639272,35.9299342],"type":"Point"},"id":"2eae76c7-e1ad-45ce-a5d3-d55a53cbd333","properties":{"id":"2eae76c7-e1ad-45ce-a5d3-d55a53cbd333","sources":[{"dataset":"OpenStreetMap","license":"ODbL-1.0","property":"","provider":"osm","record_id":"n7934429058@1","resource":"planet","update_time":"2020-09-23T12:16:31Z","version":"2026-09-09"}],"version":1},"type":"Feature"},{"geometry":{"coordinates":[-86.8625849,35.9302247],"type":"Point"},"id":"fcd9de2c-2a8b-4ac6-9fb3-d97303fc09ff","properties":{"id":"fcd9de2c-2a8b-4ac6-9fb3-d97303fc09ff","sources":[{"dataset":"OpenStreetMap","license":"ODbL-1.0","property":"","provider":"osm","record_id":"n8485763773@1","resource":"planet","update_time":"2021-03-04T11:29:37Z","version":"2026-09-09"}],"version":1},"type":"Feature"},{"geometry":{"coordinates":[-86.860029,35.9300719],"type":"Point"},"id":"79342b61-820d-4e60-9ed8-e77179920b3c","properties":{"id":"79342b61-820d-4e60-9ed8-e77179920b3c","sources":[{"dataset":"OpenStreetMap","license":"ODbL-1.0","property":"","provider":"osm","record_id":"n7049714314@1","resource":"planet","update_time":"2019-12-11T15:35:46Z","version":"2026-09-09"}],"version":1},"type":"Feature"},{"geometry":{"coordinates":[-86.859382,35.9304385],"type":"Point"},"id":"2e98f5c0-4b5b-4916-9a5c-a66307dcedd4","properties":{"id":"2e98f5c0-4b5b-4916-9a5c-a66307dcedd4","sources":[{"dataset":"OpenStreetMap","license":"ODbL-1.0","property":"","provider":"osm","record_id":"n6691257007@1","resource":"planet","update_time":"2019-08-07T14:46:01Z","version":"2026-09-09"}],"version":1},"type":"Feature"},{"geometry":{"coordinates":[-86.8585114,35.930497],"type":"Point"},"id":"332b936b-ee6c-4abc-bc30-5ef52cbc0a7f","properties":{"id":"332b936b-ee6c-4abc-bc30-5ef52cbc0a7f","sources":[{"dataset":"OpenStreetMap","license":"ODbL-1.0","property":"","provider":"osm","record_id":"n6694376106@1","resource":"planet","update_time":"2019-08-08T09:22:19Z","version":"2026-09-09"}],"version":1},"type":"Feature"},{"geometry":{"coordinates":[-86.858409,35.9304849],"type":"Point"},"id":"748c9335-a0a1-43e9-acc2-6b9c0641aa23","properties":{"id":"748c9335-a0a1-43e9-acc2-6b9c0641aa23","sources":[{"dataset":"OpenStreetMap","license":"ODbL-1.0","property":"","provider":"osm","record_id":"n6694376115@1","resource":"planet","update_time":"2019-08-08T09:22:19Z","version":"2026-09-09"}],"version":1},"type":"Feature"},{"geometry":{"coordinates":[-86.8588421,35.9303937],"type":"Point"},"id":"c9bb7722-70c0-4e79-a8f1-a584b68a9bd8","properties":{"id":"c9bb7722-70c0-4e79-a8f1-a584b68a9bd8","sources":[{"dataset":"OpenStreetMap","license":"ODbL-1.0","property":"","provider":"osm","record_id":"n6694376110@0","resource":"planet","version":"2026-09-09"}],"version":2},"type":"Feature"},{"geometry":{"coordinates":[-86.8590619,35.9303916],"type":"Point"},"id":"a92b2311-2f69-4910-89ae-bede7fcc8921","properties":{"id":"a92b2311-2f69-4910-89ae-bede7fcc8921","sources":[{"dataset":"OpenStreetMap","license":"ODbL-1.0","property":"","provider":"osm","record_id":"n6691257008@0","resource":"planet","version":"2026-09-09"}],"version":2},"type":"Feature"},{"geometry":{"coordinates":[-86.8590837,35.9302906],"type":"Point"},"id":"77dcdde1-c3ea-4dc6-8e1b-d10d7ed6a15b","properties":{"id":"77dcdde1-c3ea-4dc6-8e1b-d10d7ed6a15b","sources":[{"dataset":"OpenStreetMap","license":"ODbL-1.0","property":"","provider":"osm","record_id":"n6691257010@1","resource":"planet","update_time":"2019-08-07T14:46:01Z","version":"2026-09-09"}],"version":1},"type":"Feature"},{"geometry":{"coordinates":[-86.8594673,35.9300735],"type":"Point"},"id":"c886381d-c23a-4859-b12f-5b7d8a36bae1","properties":{"id":"c886381d-c23a-4859-b12f-5b7d8a36bae1","sources":[{"dataset":"OpenStreetMap","license":"ODbL-1.0","property":"","provider":"osm","record_id":"n3528728814@1","resource":"planet","update_time":"2015-05-19T17:00:35Z","version":"2026-09-09"}],"version":1},"type":"Feature"},{"geometry":{"coordinates":[-86.8582526,35.9301315],"type":"Point"},"id":"924cae49-7409-42c6-9dbb-d9b4bf5d8bfb","properties":{"id":"924cae49-7409-42c6-9dbb-d9b4bf5d8bfb","sources":[{"dataset":"OpenStreetMap","license":"ODbL-1.0","property":"","provider":"osm","record_id":"n6691257005@1","resource":"planet","update_time":"2019-08-07T14:46:01Z","version":"2026-09-09"}],"version":1},"type":"Feature"},{"geometry":{"coordinates":[-86.8582463,35.9301535],"type":"Point"},"id":"f9994e27-503d-42eb-a6af-316a7aded348","properties":{"id":"f9994e27-503d-42eb-a6af-316a7aded348","sources":[{"dataset":"OpenStreetMap","license":"ODbL-1.0","property":"","provider":"osm","record_id":"n6691257011@1","resource":"planet","update_time":"2019-08-07T14:46:01Z","version":"2026-09-09"}],"version":1},"type":"Feature"},{"geometry":{"coordinates":[-86.8581353,35.9299809],"type":"Point"},"id":"cc773ec6-3bb2-4eb9-b9f0-6577ed83d587","properties":{"id":"cc773ec6-3bb2-4eb9-b9f0-6577ed83d587","sources":[{"dataset":"OpenStreetMap","license":"ODbL-1.0","property":"","provider":"osm","record_id":"n6691257006@1","resource":"planet","update_time":"2019-08-07T14:46:01Z","version":"2026-09-09"}],"version":1},"type":"Feature"},{"geometry":{"coordinates":[-86.8585965,35.9297627],"type":"Point"},"id":"12cd7079-ff03-42b3-9d80-ca02a1ae0b42","properties":{"id":"12cd7079-ff03-42b3-9d80-ca02a1ae0b42","sources":[{"dataset":"OpenStreetMap","license":"ODbL-1.0","property":"","provider":"osm","record_id":"n3528728809@2","resource":"planet","update_time":"2019-08-07T14:46:01Z","version":"2026-09-09"}],"version":1},"type":"Feature"},{"geometry":{"coordinates":[-86.8591409,35.9300253],"type":"Point"},"id":"bfa465c1-eb34-4fa8-8f5a-70ea4ff631a5","properties":{"id":"bfa465c1-eb34-4fa8-8f5a-70ea4ff631a5","sources":[{"dataset":"OpenStreetMap","license":"ODbL-1.0","property":"","provider":"osm","record_id":"n6691257009@1","resource":"planet","update_time":"2019-08-07T14:46:01Z","version":"2026-09-09"}],"version":1},"type":"Feature"},{"geometry":{"coordinates":[-86.8590554,35.9300127],"type":"Point"},"id":"99785147-1954-4a12-8de0-46402e6cd4eb","properties":{"id":"99785147-1954-4a12-8de0-46402e6cd4eb","sources":[{"dataset":"OpenStreetMap","license":"ODbL-1.0","property":"","provider":"osm","record_id":"n3528728813@1","resource":"planet","update_time":"2015-05-19T17:00:35Z","version":"2026-09-09"}],"version":1},"type":"Feature"},{"geometry":{"coordinates":[-86.8601497,35.9295244],"type":"Point"},"id":"3819343b-01ee-4d12-85ae-049379234f3f","properties":{"id":"3819343b-01ee-4d12-85ae-049379234f3f","sources":[{"dataset":"OpenStreetMap","license":"ODbL-1.0","property":"","provider":"osm","record_id":"n7049714313@1","resource":"planet","update_time":"2019-12-11T15:35:46Z","version":"2026-09-09"}],"version":1},"type":"Feature"},{"geometry":{"coordinates":[-86.8599283,35.9295104],"type":"Point"},"id":"7c28b49a-816c-49e5-b8b2-8dc432cbb33d","properties":{"id":"7c28b49a-816c-49e5-b8b2-8dc432cbb33d","sources":[{"dataset":"OpenStreetMap","license":"ODbL-1.0","property":"","provider":"osm","record_id":"n204109297@4","resource":"planet","update_time":"2015-05-19T17:00:37Z","version":"2026-09-09"}],"version":1},"type":"Feature"},{"geometry":{"coordinates":[-86.8591729,35.9294724],"type":"Point"},"id":"a56d5bf1-80e7-4875-8d5d-fcc19f873dc7","properties":{"id":"a56d5bf1-80e7-4875-8d5d-fcc19f873dc7","sources":[{"dataset":"OpenStreetMap","license":"ODbL-1.0","property":"","provider":"osm","record_id":"n3528728805@1","resource":"planet","update_time":"2015-05-19T17:00:35Z","version":"2026-09-09"}],"version":1},"type":"Feature"},{"geometry":{"coordinates":[-86.8595929,35.9294851],"type":"Point"},"id":"8882dbcb-6f88-4a51-8d4d-641a72c0b366","properties":{"id":"8882dbcb-6f88-4a51-8d4d-641a72c0b366","sources":[{"dataset":"OpenStreetMap","license":"ODbL-1.0","property":"","provider":"osm","record_id":"n204069364@3","resource":"planet","update_time":"2010-11-17T20:26:42Z","version":"2026-09-09"}],"version":1},"type":"Feature"},{"geometry":{"coordinates":[-86.8583585,35.9292491],"type":"Point"},"id":"8258e15f-06ae-4410-80fb-82b1e07ec0ae","properties":{"id":"8258e15f-06ae-4410-80fb-82b1e07ec0ae","sources":[{"dataset":"OpenStreetMap","license":"ODbL-1.0","property":"","provider":"osm","record_id":"n8838921574@1","resource":"planet","update_time":"2021-06-16T13:40:20Z","version":"2026-09-09"}],"version":1},"type":"Feature"},{"geometry":{"coordinates":[-86.8620917,35.9293347],"type":"Point"},"id":"56fe411b-2918-4377-83fd-0f3d0c4ad95f","properties":{"id":"56fe411b-2918-4377-83fd-0f3d0c4ad95f","sources":[{"dataset":"OpenStreetMap","license":"ODbL-1.0","property":"","provider":"osm","record_id":"n7031585267@1","resource":"planet","update_time":"2019-12-04T10:44:23Z","version":"2026-09-09"}],"version":1},"type":"Feature"},{"geometry":{"coordinates":[-86.8648524,35.9292072],"type":"Point"},"id":"b2cffed7-4dd6-4430-8573-13ed8aa26517","properties":{"id":"b2cffed7-4dd6-4430-8573-13ed8aa26517","sources":[{"dataset":"OpenStreetMap","license":"ODbL-1.0","property":"","provider":"osm","record_id":"n13050565932@1","resource":"planet","update_time":"2025-08-05T18:00:22Z","version":"2026-09-09"}],"version":1},"type":"Feature"},{"geometry":{"coordinates":[-86.8649028,35.9292577],"type":"Point"},"id":"aff8c237-1e57-443d-b571-e187515c48a7","properties":{"id":"aff8c237-1e57-443d-b571-e187515c48a7","sources":[{"dataset":"OpenStreetMap","license":"ODbL-1.0","property":"","provider":"osm","record_id":"n7031585264@1","resource":"planet","update_time":"2019-12-04T10:44:23Z","version":"2026-09-09"}],"version":1},"type":"Feature"},{"geometry":{"coordinates":[-86.8651382,35.9290719],"type":"Point"},"id":"1c45cc86-7b1b-4a37-9e45-3c8ab7886465","properties":{"id":"1c45cc86-7b1b-4a37-9e45-3c8ab7886465","sources":[{"dataset":"OpenStreetMap","license":"ODbL-1.0","property":"","provider":"osm","record_id":"n12697417349@1","resource":"planet","update_time":"2025-03-24T20:35:05Z","version":"2026-09-09"}],"version":1},"type":"Feature"},{"geometry":{"coordinates":[-86.8650745,35.9290366],"type":"Point"},"id":"8274da68-53f9-408d-befc-7f100794a27a","properties":{"id":"8274da68-53f9-408d-befc-7f100794a27a","sources":[{"dataset":"OpenStreetMap","license":"ODbL-1.0","property":"","provider":"osm","record_id":"n6691004897@1","resource":"planet","update_time":"2019-08-07T12:43:37Z","version":"2026-09-09"}],"version":1},"type":"Feature"},{"geometry":{"coordinates":[-86.8646985,35.9289934],"type":"Point"},"id":"67541035-ba26-434a-84b6-0b5572edb3fc","properties":{"id":"67541035-ba26-434a-84b6-0b5572edb3fc","sources":[{"dataset":"OpenStreetMap","license":"ODbL-1.0","property":"","provider":"osm","resource":"planet","version":"2026-09-09"}],"version":1},"type":"Feature"},{"geometry":{"coordinates":[-86.8642904,35.928847],"type":"Point"},"id":"17f54727-378b-4c7a-bd7c-3102009a8df1","properties":{"id":"17f54727-378b-4c7a-bd7c-3102009a8df1","sources":[{"dataset":"OpenStreetMap","license":"ODbL-1.0","property":"","provider":"osm","resource":"planet","version":"2026-09-09"}],"version":1},"type":"Feature"},{"geometry":{"coordinates":[-86.8648833,35.9286785],"type":"Point"},"id":"f8689a9d-7d0f-4e77-9022-aa3208c93a91","properties":{"id":"f8689a9d-7d0f-4e77-9022-aa3208c93a91","sources":[{"dataset":"OpenStreetMap","license":"ODbL-1.0","property":"","provider":"osm","record_id":"n7031585259@1","resource":"planet","update_time":"2019-12-04T10:44:23Z","version":"2026-09-09"}],"version":1},"type":"Feature"},{"geometry":{"coordinates":[-86.8652407,35.9287771],"type":"Point"},"id":"db350dc7-9912-4fd4-a144-c14b1e6597f3","properties":{"id":"db350dc7-9912-4fd4-a144-c14b1e6597f3","sources":[{"dataset":"OpenStreetMap","license":"ODbL-1.0","property":"","provider":"osm","record_id":"n7031585258@2","resource":"planet","update_time":"2022-06-07T02:30:44Z","version":"2026-09-09"}],"version":1},"type":"Feature"},{"geometry":{"coordinates":[-86.8650967,35.9287374],"type":"Point"},"id":"9c13e743-ec60-4f4d-9ffb-34e33e914ec6","properties":{"id":"9c13e743-ec60-4f4d-9ffb-34e33e914ec6","sources":[{"dataset":"OpenStreetMap","license":"ODbL-1.0","property":"","provider":"osm","record_id":"n13050565933@1","resource":"planet","update_time":"2025-08-05T18:00:22Z","version":"2026-09-09"}],"version":1},"type":"Feature"},{"geometry":{"coordinates":[-86.8651314,35.9286659],"type":"Point"},"id":"a1b1273c-da9b-4554-b63a-1aa362920df0","properties":{"id":"a1b1273c-da9b-4554-b63a-1aa362920df0","sources":[{"dataset":"OpenStreetMap","license":"ODbL-1.0","property":"","provider":"osm","record_id":"n13050565934@1","resource":"planet","update_time":"2025-08-05T18:00:22Z","version":"2026-09-09"}],"version":1},"type":"Feature"},{"geometry":{"coordinates":[-86.8652671,35.9287315],"type":"Point"},"id":"9e148cde-78d6-4c82-b4e4-c84d23855309","properties":{"id":"9e148cde-78d6-4c82-b4e4-c84d23855309","sources":[{"dataset":"OpenStreetMap","license":"ODbL-1.0","property":"","provider":"osm","record_id":"n7031585261@2","resource":"planet","update_time":"2022-06-07T02:30:44Z","version":"2026-09-09"}],"version":1},"type":"Feature"},{"geometry":{"coordinates":[-86.8675291,35.9290897],"type":"Point"},"id":"00a0d317-4891-4158-b713-774b829db730","properties":{"id":"00a0d317-4891-4158-b713-774b829db730","sources":[{"dataset":"OpenStreetMap","license":"ODbL-1.0","property":"","provider":"osm","record_id":"n13731020366@1","resource":"planet","update_time":"2026-04-14T20:59:48Z","version":"2026-09-09"}],"version":1},"type":"Feature"},{"geometry":{"coordinates":[-86.8689166,35.9293109],"type":"Point"},"id":"ba42770f-6eb0-4a33-a4bd-02eada92d6eb","properties":{"id":"ba42770f-6eb0-4a33-a4bd-02eada92d6eb","sources":[{"dataset":"OpenStreetMap","license":"ODbL-1.0","property":"","provider":"osm","record_id":"n13726671861@1","resource":"planet","update_time":"2026-04-13T03:38:50Z","version":"2026-09-09"}],"version":1},"type":"Feature"},{"geometry":{"coordinates":[-86.869197,35.9291965],"type":"Point"},"id":"efb03f9d-69f7-4afb-bd9c-ac14c946b0a0","properties":{"id":"efb03f9d-69f7-4afb-bd9c-ac14c946b0a0","sources":[{"dataset":"OpenStreetMap","license":"ODbL-1.0","property":"","provider":"osm","record_id":"n13726671874@1","resource":"planet","update_time":"2026-04-13T03:38:50Z","version":"2026-09-09"}],"version":1},"type":"Feature"},{"geometry":{"coordinates":[-86.8698318,35.9289059],"type":"Point"},"id":"221f3036-6d27-4a7e-9309-cb075e4d833c","properties":{"id":"221f3036-6d27-4a7e-9309-cb075e4d833c","sources":[{"dataset":"OpenStreetMap","license":"ODbL-1.0","property":"","provider":"osm","record_id":"n205268899@5","resource":"planet","update_time":"2026-04-13T03:38:50Z","version":"2026-09-09"}],"version":2},"type":"Feature"},{"geometry":{"coordinates":[-86.8683834,35.9279949],"type":"Point"},"id":"a0472d89-8e0e-4e30-a1c4-fc4b1e011aaa","properties":{"id":"a0472d89-8e0e-4e30-a1c4-fc4b1e011aaa","sources":[{"dataset":"OpenStreetMap","license":"ODbL-1.0","property":"","provider":"osm","record_id":"n6902436578@1","resource":"planet","update_time":"2019-10-21T11:16:34Z","version":"2026-09-09"}],"version":1},"type":"Feature"},{"geometry":{"coordinates":[-86.868235,35.9280535],"type":"Point"},"id":"b639ff44-59c2-4d58-9f4f-95384ea8fbf1","properties":{"id":"b639ff44-59c2-4d58-9f4f-95384ea8fbf1","sources":[{"dataset":"OpenStreetMap","license":"ODbL-1.0","property":"","provider":"osm","record_id":"n6902436579@1","resource":"planet","update_time":"2019-10-21T11:16:34Z","version":"2026-09-09"}],"version":1},"type":"Feature"},{"geometry":{"coordinates":[-86.8653855,35.9284786],"type":"Point"},"id":"c5ebccf7-036c-45ce-852c-dde2eec1b974","properties":{"id":"c5ebccf7-036c-45ce-852c-dde2eec1b974","sources":[{"dataset":"OpenStreetMap","license":"ODbL-1.0","property":"","provider":"osm","resource":"planet","version":"2026-09-09"}],"version":1},"type":"Feature"},{"geometry":{"coordinates":[-86.8654406,35.928512],"type":"Point"},"id":"3111b6c5-b98b-4505-85a0-2e9f5c9e2b1d","properties":{"id":"3111b6c5-b98b-4505-85a0-2e9f5c9e2b1d","sources":[{"dataset":"OpenStreetMap","license":"ODbL-1.0","property":"","provider":"osm","resource":"planet","version":"2026-09-09"}],"version":1},"type":"Feature"},{"geometry":{"coordinates":[-86.8649428,35.9285747],"type":"Point"},"id":"02bdfc20-7068-48ef-a703-33a3453c9b49","properties":{"id":"02bdfc20-7068-48ef-a703-33a3453c9b49","sources":[{"dataset":"OpenStreetMap","license":"ODbL-1.0","property":"","provider":"osm","record_id":"n7031585265@2","resource":"planet","update_time":"2022-06-07T02:30:44Z","version":"2026-09-09"}],"version":1},"type":"Feature"},{"geometry":{"coordinates":[-86.8656219,35.9280605],"type":"Point"},"id":"d5916761-91d5-44bc-94b9-ceede0185d09","properties":{"id":"d5916761-91d5-44bc-94b9-ceede0185d09","sources":[{"dataset":"OpenStreetMap","license":"ODbL-1.0","property":"","provider":"osm","record_id":"n13731020385@1","resource":"planet","update_time":"2026-04-14T20:59:48Z","version":"2026-09-09"}],"version":1},"type":"Feature"},{"geometry":{"coordinates":[-86.8674455,35.9279113],"type":"Point"},"id":"e7e2414a-1722-4b62-a1e9-7f16cf5ad866","properties":{"id":"e7e2414a-1722-4b62-a1e9-7f16cf5ad866","sources":[{"dataset":"OpenStreetMap","license":"ODbL-1.0","property":"","provider":"osm","record_id":"n204097298@4","resource":"planet","update_time":"2013-12-03T00:52:36Z","version":"2026-09-09"}],"version":1},"type":"Feature"},{"geometry":{"coordinates":[-86.8677933,35.9278246],"type":"Point"},"id":"1c858b38-8126-4835-a9d2-fa2273cd16b9","properties":{"id":"1c858b38-8126-4835-a9d2-fa2273cd16b9","sources":[{"dataset":"OpenStreetMap","license":"ODbL-1.0","property":"","provider":"osm","record_id":"n205514079@5","resource":"planet","update_time":"2022-06-01T05:35:23Z","version":"2026-09-09"}],"version":1},"type":"Feature"},{"geometry":{"coordinates":[-86.8679908,35.9277247],"type":"Point"},"id":"ca94b507-6d9f-4f44-a254-bb9da2c1136a","properties":{"id":"ca94b507-6d9f-4f44-a254-bb9da2c1136a","sources":[{"dataset":"OpenStreetMap","license":"ODbL-1.0","property":"","provider":"osm","record_id":"n6902436580@1","resource":"planet","update_time":"2019-10-21T11:16:34Z","version":"2026-09-09"}],"version":1},"type":"Feature"},{"geometry":{"coordinates":[-86.8686765,35.9278289],"type":"Point"},"id":"1a9176ca-558b-4d65-8823-c810c7720b5b","properties":{"id":"1a9176ca-558b-4d65-8823-c810c7720b5b","sources":[{"dataset":"OpenStreetMap","license":"ODbL-1.0","property":"","provider":"osm","resource":"planet","version":"2026-09-09"}],"version":2},"type":"Feature"},{"geometry":{"coordinates":[-86.868569,35.9279182],"type":"Point"},"id":"c353cd4a-3749-43e3-9d5e-07d847c054ee","properties":{"id":"c353cd4a-3749-43e3-9d5e-07d847c054ee","sources":[{"dataset":"OpenStreetMap","license":"ODbL-1.0","property":"","provider":"osm","record_id":"n11818745793@1","resource":"planet","update_time":"2024-04-15T13:52:30Z","version":"2026-09-09"}],"version":1},"type":"Feature"},{"geometry":{"coordinates":[-86.8692328,35.9277808],"type":"Point"},"id":"8108ed82-42ee-4a91-834c-086a72e49ab1","properties":{"id":"8108ed82-42ee-4a91-834c-086a72e49ab1","sources":[{"dataset":"OpenStreetMap","license":"ODbL-1.0","property":"","provider":"osm","resource":"planet","version":"2026-09-09"}],"version":2},"type":"Feature"},{"geometry":{"coordinates":[-86.8688734,35.9276474],"type":"Point"},"id":"ce4791c5-8321-4de9-ac32-7758eb9a9502","properties":{"id":"ce4791c5-8321-4de9-ac32-7758eb9a9502","sources":[{"dataset":"OpenStreetMap","license":"ODbL-1.0","property":"","provider":"osm","record_id":"n6684666326@1","resource":"planet","update_time":"2019-08-05T14:09:34Z","version":"2026-09-09"}],"version":1},"type":"Feature"},{"geometry":{"coordinates":[-86.8690481,35.9275854],"type":"Point"},"id":"7b5a4a1c-69af-42fa-a808-ec29ec4118f2","properties":{"id":"7b5a4a1c-69af-42fa-a808-ec29ec4118f2","sources":[{"dataset":"OpenStreetMap","license":"ODbL-1.0","property":"","provider":"osm","record_id":"n6684666327@0","resource":"planet","version":"2026-09-09"}],"version":2},"type":"Feature"},{"geometry":{"coordinates":[-86.8688082,35.9274196],"type":"Point"},"id":"8379bd40-a00b-452e-82c5-88d6a8e5cb31","properties":{"id":"8379bd40-a00b-452e-82c5-88d6a8e5cb31","sources":[{"dataset":"OpenStreetMap","license":"ODbL-1.0","property":"","provider":"osm","record_id":"n12096190427@1","resource":"planet","update_time":"2024-08-07T00:40:27Z","version":"2026-09-09"}],"version":1},"type":"Feature"},{"geometry":{"coordinates":[-86.869022,35.9274856],"type":"Point"},"id":"38ee1344-08e8-4047-a919-6db35f1243c4","properties":{"id":"38ee1344-08e8-4047-a919-6db35f1243c4","sources":[{"dataset":"OpenStreetMap","license":"ODbL-1.0","property":"","provider":"osm","record_id":"n6684666328@1","resource":"planet","update_time":"2019-08-05T14:09:34Z","version":"2026-09-09"}],"version":1},"type":"Feature"},{"geometry":{"coordinates":[-86.8688281,35.9273904],"type":"Point"},"id":"bb4617ad-d176-494d-9f0a-13ed51a4face","properties":{"id":"bb4617ad-d176-494d-9f0a-13ed51a4face","sources":[{"dataset":"OpenStreetMap","license":"ODbL-1.0","property":"","provider":"osm","record_id":"n12096190426@1","resource":"planet","update_time":"2024-08-07T00:40:27Z","version":"2026-09-09"}],"version":1},"type":"Feature"},{"geometry":{"coordinates":[-86.8690422,35.9272233],"type":"Point"},"id":"b1ed3cbc-43c9-43aa-9eca-1a76674cebcb","properties":{"id":"b1ed3cbc-43c9-43aa-9eca-1a76674cebcb","sources":[{"dataset":"OpenStreetMap","license":"ODbL-1.0","property":"","provider":"osm","record_id":"n6684666306@2","resource":"planet","update_time":"2024-04-23T19:11:05Z","version":"2026-09-09"}],"version":1},"type":"Feature"},{"geometry":{"coordinates":[-86.8687678,35.9273055],"type":"Point"},"id":"bdfd7cd3-1a35-45dc-90ba-1986eab0e4fe","properties":{"id":"bdfd7cd3-1a35-45dc-90ba-1986eab0e4fe","sources":[{"dataset":"OpenStreetMap","license":"ODbL-1.0","property":"","provider":"osm","record_id":"n12096190425@1","resource":"planet","update_time":"2024-08-07T00:40:27Z","version":"2026-09-09"}],"version":1},"type":"Feature"},{"geometry":{"coordinates":[-86.8687211,35.9272946],"type":"Point"},"id":"b7a3d940-6bba-4d24-870e-1e7cfd414466","properties":{"id":"b7a3d940-6bba-4d24-870e-1e7cfd414466","sources":[{"dataset":"OpenStreetMap","license":"ODbL-1.0","property":"","provider":"osm","record_id":"n12096190424@1","resource":"planet","update_time":"2024-08-07T00:40:27Z","version":"2026-09-09"}],"version":1},"type":"Feature"},{"geometry":{"coordinates":[-86.8685892,35.9273873],"type":"Point"},"id":"bded33b8-337e-41ab-a23b-85b9dbc561d5","properties":{"id":"bded33b8-337e-41ab-a23b-85b9dbc561d5","sources":[{"dataset":"OpenStreetMap","license":"ODbL-1.0","property":"","provider":"osm","record_id":"n12096190430@1","resource":"planet","update_time":"2024-08-07T00:40:27Z","version":"2026-09-09"}],"version":1},"type":"Feature"},{"geometry":{"coordinates":[-86.8686023,35.9273485],"type":"Point"},"id":"f1ae3c8d-8ffc-486a-90d0-cb3ccd47e000","properties":{"id":"f1ae3c8d-8ffc-486a-90d0-cb3ccd47e000","sources":[{"dataset":"OpenStreetMap","license":"ODbL-1.0","property":"","provider":"osm","record_id":"n12096190423@1","resource":"planet","update_time":"2024-08-07T00:40:27Z","version":"2026-09-09"}],"version":1},"type":"Feature"},{"geometry":{"coordinates":[-86.8686485,35.9273275],"type":"Point"},"id":"f496d22b-007d-4aef-8efd-534cb091b3e9","properties":{"id":"f496d22b-007d-4aef-8efd-534cb091b3e9","sources":[{"dataset":"OpenStreetMap","license":"ODbL-1.0","property":"","provider":"osm","record_id":"n12096190433@1","resource":"planet","update_time":"2024-08-07T00:40:27Z","version":"2026-09-09"}],"version":1},"type":"Feature"},{"geometry":{"coordinates":[-86.8687919,35.9273394],"type":"Point"},"id":"0cc7cfd3-318c-45a4-a7de-d16b94d942ef","properties":{"id":"0cc7cfd3-318c-45a4-a7de-d16b94d942ef","sources":[{"dataset":"OpenStreetMap","license":"ODbL-1.0","property":"","provider":"osm","record_id":"n12096190432@1","resource":"planet","update_time":"2024-08-07T00:40:27Z","version":"2026-09-09"}],"version":1},"type":"Feature"},{"geometry":{"coordinates":[-86.8686926,35.9273854],"type":"Point"},"id":"a5c481dd-f3da-4cfc-8d7d-453b2d36163a","properties":{"id":"a5c481dd-f3da-4cfc-8d7d-453b2d36163a","sources":[{"dataset":"OpenStreetMap","license":"ODbL-1.0","property":"","provider":"osm","record_id":"n205268897@5","resource":"planet","update_time":"2024-04-23T19:11:05Z","version":"2026-09-09"}],"version":1},"type":"Feature"},{"geometry":{"coordinates":[-86.8686165,35.927423],"type":"Point"},"id":"082af4ba-fe1f-4538-bc82-f01f2c70dd0b","properties":{"id":"082af4ba-fe1f-4538-bc82-f01f2c70dd0b","sources":[{"dataset":"OpenStreetMap","license":"ODbL-1.0","property":"","provider":"osm","record_id":"n12096190434@1","resource":"planet","update_time":"2024-08-07T00:40:27Z","version":"2026-09-09"}],"version":1},"type":"Feature"},{"geometry":{"coordinates":[-86.8686995,35.9274685],"type":"Point"},"id":"20ce0534-ca40-411c-a56f-01f1914affe6","properties":{"id":"20ce0534-ca40-411c-a56f-01f1914affe6","sources":[{"dataset":"OpenStreetMap","license":"ODbL-1.0","property":"","provider":"osm","record_id":"n12096190428@1","resource":"planet","update_time":"2024-08-07T00:40:27Z","version":"2026-09-09"}],"version":1},"type":"Feature"},{"geometry":{"coordinates":[-86.8686525,35.9274701],"type":"Point"},"id":"20ce02e8-1992-4abd-be0d-aa9ede770627","properties":{"id":"20ce02e8-1992-4abd-be0d-aa9ede770627","sources":[{"dataset":"OpenStreetMap","license":"ODbL-1.0","property":"","provider":"osm","record_id":"n12096190429@1","resource":"planet","update_time":"2024-08-07T00:40:27Z","version":"2026-09-09"}],"version":1},"type":"Feature"},{"geometry":{"coordinates":[-86.868738,35.9274512],"type":"Point"},"id":"5f5e5d3e-1e9f-4df3-8b3f-e4d4d761f255","properties":{"id":"5f5e5d3e-1e9f-4df3-8b3f-e4d4d761f255","sources":[{"dataset":"OpenStreetMap","license":"ODbL-1.0","property":"","provider":"osm","record_id":"n12096190431@1","resource":"planet","update_time":"2024-08-07T00:40:27Z","version":"2026-09-09"}],"version":1},"type":"Feature"},{"geometry":{"coordinates":[-86.8684387,35.9275109],"type":"Point"},"id":"c495615c-556c-466a-b1b7-9cf903e6fbf8","properties":{"id":"c495615c-556c-466a-b1b7-9cf903e6fbf8","sources":[{"dataset":"OpenStreetMap","license":"ODbL-1.0","property":"","provider":"osm","resource":"planet","version":"2026-09-09"}],"version":2},"type":"Feature"},{"geometry":{"coordinates":[-86.8683281,35.9275656],"type":"Point"},"id":"7f7f32c8-5be5-480d-959c-a93f450b7bce","properties":{"id":"7f7f32c8-5be5-480d-959c-a93f450b7bce","sources":[{"dataset":"OpenStreetMap","license":"ODbL-1.0","property":"","provider":"osm","record_id":"n6902436572@2","resource":"planet","update_time":"2024-04-23T19:11:05Z","version":"2026-09-09"}],"version":1},"type":"Feature"},{"geometry":{"coordinates":[-86.8678486,35.927017],"type":"Point"},"id":"7b137071-3a37-42bd-b70b-ce242ce4da23","properties":{"id":"7b137071-3a37-42bd-b70b-ce242ce4da23","sources":[{"dataset":"OpenStreetMap","license":"ODbL-1.0","property":"","provider":"osm","record_id":"n7589201881@1","resource":"planet","update_time":"2020-06-03T11:23:29Z","version":"2026-09-09"}],"version":1},"type":"Feature"},{"geometry":{"coordinates":[-86.8683447,35.9269295],"type":"Point"},"id":"57434c90-fafd-4eb4-b631-883ba5af2fdc","properties":{"id":"57434c90-fafd-4eb4-b631-883ba5af2fdc","sources":[{"dataset":"OpenStreetMap","license":"ODbL-1.0","property":"","provider":"osm","record_id":"n6684666304@1","resource":"planet","update_time":"2019-08-05T14:09:34Z","version":"2026-09-09"}],"version":1},"type":"Feature"},{"geometry":{"coordinates":[-86.8685156,35.9271534],"type":"Point"},"id":"d51f5a90-a1e0-44eb-94ef-0615b92cf6eb","properties":{"id":"d51f5a90-a1e0-44eb-94ef-0615b92cf6eb","sources":[{"dataset":"OpenStreetMap","license":"ODbL-1.0","property":"","provider":"osm","resource":"planet","version":"2026-09-09"}],"version":1},"type":"Feature"},{"geometry":{"coordinates":[-86.8693924,35.927029],"type":"Point"},"id":"fee1d840-0fd3-456a-a499-6521b00e0e07","properties":{"id":"fee1d840-0fd3-456a-a499-6521b00e0e07","sources":[{"dataset":"OpenStreetMap","license":"ODbL-1.0","property":"","provider":"osm","record_id":"n6684666307@1","resource":"planet","update_time":"2019-08-05T14:09:34Z","version":"2026-09-09"}],"version":1},"type":"Feature"},{"geometry":{"coordinates":[-86.8688787,35.9269851],"type":"Point"},"id":"799040b0-9155-44c3-b7f7-bd1cd5d1d410","properties":{"id":"799040b0-9155-44c3-b7f7-bd1cd5d1d410","sources":[{"dataset":"OpenStreetMap","license":"ODbL-1.0","property":"","provider":"osm","resource":"planet","version":"2026-09-09"}],"version":1},"type":"Feature"},{"geometry":{"coordinates":[-86.8692833,35.9267136],"type":"Point"},"id":"b2fd6e66-efee-4e55-95e5-fb69ac3e2b9c","properties":{"id":"b2fd6e66-efee-4e55-95e5-fb69ac3e2b9c","sources":[{"dataset":"OpenStreetMap","license":"ODbL-1.0","property":"","provider":"osm","record_id":"n6684666308@1","resource":"planet","update_time":"2019-08-05T14:09:34Z","version":"2026-09-09"}],"version":1},"type":"Feature"},{"geometry":{"coordinates":[-86.8700282,35.9268633],"type":"Point"},"id":"c2d80e1d-ecc3-4f7b-938c-ac56f34ee435","properties":{"id":"c2d80e1d-ecc3-4f7b-938c-ac56f34ee435","sources":[{"dataset":"OpenStreetMap","license":"ODbL-1.0","property":"","provider":"osm","record_id":"n13697882372@1","resource":"planet","update_time":"2026-04-01T09:17:15Z","version":"2026-09-09"}],"version":1},"type":"Feature"},{"geometry":{"coordinates":[-86.8700529,35.9268525],"type":"Point"},"id":"a07c4dd0-1a82-48af-b39c-84e654cbc54d","properties":{"id":"a07c4dd0-1a82-48af-b39c-84e654cbc54d","sources":[{"dataset":"OpenStreetMap","license":"ODbL-1.0","property":"","provider":"osm","record_id":"n12095330356@1","resource":"planet","update_time":"2024-08-06T13:47:36Z","version":"2026-09-09"}],"version":1},"type":"Feature"},{"geometry":{"coordinates":[-86.870096,35.9268324],"type":"Point"},"id":"8b2afbea-f96a-4969-a6d8-402510da94b2","properties":{"id":"8b2afbea-f96a-4969-a6d8-402510da94b2","sources":[{"dataset":"OpenStreetMap","license":"ODbL-1.0","property":"","provider":"osm","record_id":"n12095330365@2","resource":"planet","update_time":"2026-04-01T09:17:15Z","version":"2026-09-09"}],"version":1},"type":"Feature"},{"geometry":{"coordinates":[-86.8702007,35.9267837],"type":"Point"},"id":"5ecca13d-ca28-4c42-a11b-4325d44b31d9","properties":{"id":"5ecca13d-ca28-4c42-a11b-4325d44b31d9","sources":[{"dataset":"OpenStreetMap","license":"ODbL-1.0","property":"","provider":"osm","record_id":"n13697882371@1","resource":"planet","update_time":"2026-04-01T09:17:15Z","version":"2026-09-09"}],"version":1},"type":"Feature"},{"geometry":{"coordinates":[-86.8700213,35.9267301],"type":"Point"},"id":"fb13e55b-951e-4bd2-aae0-dcba3800492b","properties":{"id":"fb13e55b-951e-4bd2-aae0-dcba3800492b","sources":[{"dataset":"OpenStreetMap","license":"ODbL-1.0","property":"","provider":"osm","record_id":"n205514074@7","resource":"planet","update_time":"2023-01-17T20:39:57Z","version":"2026-09-09"}],"version":1},"type":"Feature"},{"geometry":{"coordinates":[-86.8699357,35.9266985],"type":"Point"},"id":"57523762-ffd3-47ab-b2db-81ed7dcb6f19","properties":{"id":"57523762-ffd3-47ab-b2db-81ed7dcb6f19","sources":[{"dataset":"OpenStreetMap","license":"ODbL-1.0","property":"","provider":"osm","record_id":"n12095330361@1","resource":"planet","update_time":"2024-08-06T13:47:36Z","version":"2026-09-09"}],"version":1},"type":"Feature"},{"geometry":{"coordinates":[-86.8699186,35.9267061],"type":"Point"},"id":"5acc6fbb-1b59-4c8c-b339-a2e933cd755f","properties":{"id":"5acc6fbb-1b59-4c8c-b339-a2e933cd755f","sources":[{"dataset":"OpenStreetMap","license":"ODbL-1.0","property":"","provider":"osm","record_id":"n13697882370@1","resource":"planet","update_time":"2026-04-01T09:17:15Z","version":"2026-09-09"}],"version":1},"type":"Feature"},{"geometry":{"coordinates":[-86.8699569,35.9267607],"type":"Point"},"id":"afbc87f6-2733-4c5e-8df9-82b7c8719b2b","properties":{"id":"afbc87f6-2733-4c5e-8df9-82b7c8719b2b","sources":[{"dataset":"OpenStreetMap","license":"ODbL-1.0","property":"","provider":"osm","record_id":"n12095330364@2","resource":"planet","update_time":"2026-04-01T09:17:15Z","version":"2026-09-09"}],"version":1},"type":"Feature"},{"geometry":{"coordinates":[-86.8699828,35.9266766],"type":"Point"},"id":"1b2d979b-a8f6-4165-9575-05c775554504","properties":{"id":"1b2d979b-a8f6-4165-9575-05c775554504","sources":[{"dataset":"OpenStreetMap","license":"ODbL-1.0","property":"","provider":"osm","record_id":"n12095330363@2","resource":"planet","update_time":"2026-04-01T09:17:15Z","version":"2026-09-09"}],"version":1},"type":"Feature"},{"geometry":{"coordinates":[-86.8701279,35.9266805],"type":"Point"},"id":"23e01e67-a417-49e4-bc60-f9b6244f81c3","properties":{"id":"23e01e67-a417-49e4-bc60-f9b6244f81c3","sources":[{"dataset":"OpenStreetMap","license":"ODbL-1.0","property":"","provider":"osm","record_id":"n12095330362@2","resource":"planet","update_time":"2026-04-01T09:17:15Z","version":"2026-09-09"}],"version":1},"type":"Feature"},{"geometry":{"coordinates":[-86.8700896,35.9266281],"type":"Point"},"id":"0117c49f-1b7e-4e5e-b9a6-7c7d7d3e3668","properties":{"id":"0117c49f-1b7e-4e5e-b9a6-7c7d7d3e3668","sources":[{"dataset":"OpenStreetMap","license":"ODbL-1.0","property":"","provider":"osm","record_id":"n13697882369@1","resource":"planet","update_time":"2026-04-01T09:17:15Z","version":"2026-09-09"}],"version":1},"type":"Feature"},{"geometry":{"coordinates":[-86.8687237,35.9267592],"type":"Point"},"id":"f1cdd6d7-1e51-4376-92bc-6b1eb7288f5a","properties":{"id":"f1cdd6d7-1e51-4376-92bc-6b1eb7288f5a","sources":[{"dataset":"OpenStreetMap","license":"ODbL-1.0","property":"","provider":"osm","record_id":"n6684666305@1","resource":"planet","update_time":"2019-08-05T14:09:34Z","version":"2026-09-09"}],"version":1},"type":"Feature"},{"geometry":{"coordinates":[-86.8682578,35.9268085],"type":"Point"},"id":"bd167b30-99b4-45be-84a0-eea1d29f5dce","properties":{"id":"bd167b30-99b4-45be-84a0-eea1d29f5dce","sources":[{"dataset":"OpenStreetMap","license":"ODbL-1.0","property":"","provider":"osm","record_id":"n7589201880@1","resource":"planet","update_time":"2020-06-03T11:23:29Z","version":"2026-09-09"}],"version":1},"type":"Feature"},{"geometry":{"coordinates":[-86.8681984,35.9268388],"type":"Point"},"id":"3707bd59-6f80-4c39-9741-acde6af7917d","properties":{"id":"3707bd59-6f80-4c39-9741-acde6af7917d","sources":[{"dataset":"OpenStreetMap","license":"ODbL-1.0","property":"","provider":"osm","record_id":"n13697871866@1","resource":"planet","update_time":"2026-04-01T09:11:08Z","version":"2026-09-09"}],"version":1},"type":"Feature"},{"geometry":{"coordinates":[-86.8681959,35.9267223],"type":"Point"},"id":"1d1567cc-9c87-47be-9fa3-13e3f75ffc49","properties":{"id":"1d1567cc-9c87-47be-9fa3-13e3f75ffc49","sources":[{"dataset":"OpenStreetMap","license":"ODbL-1.0","property":"","provider":"osm","record_id":"n6684666298@1","resource":"planet","update_time":"2019-08-05T14:09:34Z","version":"2026-09-09"}],"version":1},"type":"Feature"},{"geometry":{"coordinates":[-86.8668481,35.9265368],"type":"Point"},"id":"e0ee1201-5c90-49a8-84b5-2a8aa184c2ed","properties":{"id":"e0ee1201-5c90-49a8-84b5-2a8aa184c2ed","sources":[{"dataset":"OpenStreetMap","license":"ODbL-1.0","property":"","provider":"osm","record_id":"n7607884786@2","resource":"planet","update_time":"2020-06-17T07:23:16Z","version":"2026-09-09"}],"version":1},"type":"Feature"},{"geometry":{"coordinates":[-86.8663479,35.9265774],"type":"Point"},"id":"496fa46a-9ae3-478a-8df2-7ee97d211ab1","properties":{"id":"496fa46a-9ae3-478a-8df2-7ee97d211ab1","sources":[{"dataset":"OpenStreetMap","license":"ODbL-1.0","property":"","provider":"osm","record_id":"n12093770224@4","resource":"planet","update_time":"2026-04-01T10:44:33Z","version":"2026-09-09"}],"version":1},"type":"Feature"},{"geometry":{"coordinates":[-86.8662872,35.9266581],"type":"Point"},"id":"888f2a07-5a7d-4a7b-bfd4-6c571b591a42","properties":{"id":"888f2a07-5a7d-4a7b-bfd4-6c571b591a42","sources":[{"dataset":"OpenStreetMap","license":"ODbL-1.0","property":"","provider":"osm","record_id":"n12093770220@1","resource":"planet","update_time":"2024-08-05T16:11:17Z","version":"2026-09-09"}],"version":1},"type":"Feature"},{"geometry":{"coordinates":[-86.8660458,35.9267441],"type":"Point"},"id":"0b275f80-5d67-4d6f-99ba-45e73ab0a39e","properties":{"id":"0b275f80-5d67-4d6f-99ba-45e73ab0a39e","sources":[{"dataset":"OpenStreetMap","license":"ODbL-1.0","property":"","provider":"osm","resource":"planet","version":"2026-09-09"}],"version":1},"type":"Feature"},{"geometry":{"coordinates":[-86.8661244,35.9267868],"type":"Point"},"id":"f22d9127-5dd7-4de8-8183-6c9849f15455","properties":{"id":"f22d9127-5dd7-4de8-8183-6c9849f15455","sources":[{"dataset":"OpenStreetMap","license":"ODbL-1.0","property":"","provider":"osm","resource":"planet","version":"2026-09-09"}],"version":1},"type":"Feature"},{"geometry":{"coordinates":[-86.8665899,35.9268998],"type":"Point"},"id":"27876271-40de-4425-8020-c6b8eb9b9b3c","properties":{"id":"27876271-40de-4425-8020-c6b8eb9b9b3c","sources":[{"dataset":"OpenStreetMap","license":"ODbL-1.0","property":"","provider":"osm","record_id":"n7607871483@2","resource":"planet","update_time":"2021-05-17T18:59:12Z","version":"2026-09-09"}],"version":1},"type":"Feature"},{"geometry":{"coordinates":[-86.8665221,35.9269124],"type":"Point"},"id":"72cbbd3c-8954-48ec-8a3f-25afbe62bb75","properties":{"id":"72cbbd3c-8954-48ec-8a3f-25afbe62bb75","sources":[{"dataset":"OpenStreetMap","license":"ODbL-1.0","property":"","provider":"osm","record_id":"n12697417355@1","resource":"planet","update_time":"2025-03-24T20:35:05Z","version":"2026-09-09"}],"version":1},"type":"Feature"},{"geometry":{"coordinates":[-86.8668143,35.9271986],"type":"Point"},"id":"039af4d4-1574-4c4a-9528-227330f48f14","properties":{"id":"039af4d4-1574-4c4a-9528-227330f48f14","sources":[{"dataset":"OpenStreetMap","license":"ODbL-1.0","property":"","provider":"osm","record_id":"n8740220574@1","resource":"planet","update_time":"2021-05-17T18:59:12Z","version":"2026-09-09"}],"version":1},"type":"Feature"},{"geometry":{"coordinates":[-86.86578,35.9271593],"type":"Point"},"id":"7dd78217-591e-4ca1-b92f-71e1049e1f22","properties":{"id":"7dd78217-591e-4ca1-b92f-71e1049e1f22","sources":[{"dataset":"OpenStreetMap","license":"ODbL-1.0","property":"","provider":"osm","record_id":"n13050565936@1","resource":"planet","update_time":"2025-08-05T18:00:22Z","version":"2026-09-09"}],"version":1},"type":"Feature"},{"geometry":{"coordinates":[-86.8660295,35.9269665],"type":"Point"},"id":"6ba0b18d-73d5-460e-bf50-d289b2bbf7c1","properties":{"id":"6ba0b18d-73d5-460e-bf50-d289b2bbf7c1","sources":[{"dataset":"OpenStreetMap","license":"ODbL-1.0","property":"","provider":"osm","resource":"planet","version":"2026-09-09"}],"version":2},"type":"Feature"},{"geometry":{"coordinates":[-86.8659448,35.9269533],"type":"Point"},"id":"44db6fb2-9fdd-4e16-9900-13ee07f07591","properties":{"id":"44db6fb2-9fdd-4e16-9900-13ee07f07591","sources":[{"dataset":"OpenStreetMap","license":"ODbL-1.0","property":"","provider":"osm","record_id":"n7017117486@0","resource":"planet","version":"2026-09-09"}],"version":2},"type":"Feature"},{"geometry":{"coordinates":[-86.8644449,35.9267616],"type":"Point"},"id":"04ff517e-82e9-4e07-aef7-88ff9435c373","properties":{"id":"04ff517e-82e9-4e07-aef7-88ff9435c373","sources":[{"dataset":"OpenStreetMap","license":"ODbL-1.0","property":"","provider":"osm","record_id":"n13050565963@1","resource":"planet","update_time":"2025-08-05T18:00:22Z","version":"2026-09-09"}],"version":1},"type":"Feature"},{"geometry":{"coordinates":[-86.8656991,35.9265539],"type":"Point"},"id":"ccc31e09-0a7b-42b5-b1bf-3d0944a138a6","properties":{"id":"ccc31e09-0a7b-42b5-b1bf-3d0944a138a6","sources":[{"dataset":"OpenStreetMap","license":"ODbL-1.0","property":"","provider":"osm","record_id":"n12697417330@1","resource":"planet","update_time":"2025-03-24T20:35:05Z","version":"2026-09-09"}],"version":1},"type":"Feature"},{"geometry":{"coordinates":[-86.8647611,35.9266141],"type":"Point"},"id":"36a30aff-1354-4b50-91ec-aba9822b6519","properties":{"id":"36a30aff-1354-4b50-91ec-aba9822b6519","sources":[{"dataset":"OpenStreetMap","license":"ODbL-1.0","property":"","provider":"osm","record_id":"n10195533715@1","resource":"planet","update_time":"2022-11-16T22:23:53Z","version":"2026-09-09"}],"version":1},"type":"Feature"},{"geometry":{"coordinates":[-86.8626848,35.9273684],"type":"Point"},"id":"83b93586-a754-417a-918b-1cf216e38aed","properties":{"id":"83b93586-a754-417a-918b-1cf216e38aed","sources":[{"dataset":"OpenStreetMap","license":"ODbL-1.0","property":"","provider":"osm","record_id":"n2472815284@1","resource":"planet","update_time":"2013-09-26T22:06:36Z","version":"2026-09-09"}],"version":1},"type":"Feature"},{"geometry":{"coordinates":[-86.860461,35.9273691],"type":"Point"},"id":"10efc258-0f60-43ad-b411-622dd1b5309b","properties":{"id":"10efc258-0f60-43ad-b411-622dd1b5309b","sources":[{"dataset":"OpenStreetMap","license":"ODbL-1.0","property":"","provider":"osm","record_id":"n3569376439@1","resource":"planet","update_time":"2015-06-03T14:43:12Z","version":"2026-09-09"}],"version":1},"type":"Feature"},{"geometry":{"coordinates":[-86.8605271,35.9276025],"type":"Point"},"id":"388dcb9b-ae47-4cc9-b8d5-47415a1d54e1","properties":{"id":"388dcb9b-ae47-4cc9-b8d5-47415a1d54e1","sources":[{"dataset":"OpenStreetMap","license":"ODbL-1.0","property":"","provider":"osm","resource":"planet","version":"2026-09-09"}],"version":2},"type":"Feature"},{"geometry":{"coordinates":[-86.8600745,35.9271667],"type":"Point"},"id":"2210cafb-aad3-497d-92c1-53e2c7da1f54","properties":{"id":"2210cafb-aad3-497d-92c1-53e2c7da1f54","sources":[{"dataset":"OpenStreetMap","license":"ODbL-1.0","property":"","provider":"osm","resource":"planet","version":"2026-09-09"}],"version":2},"type":"Feature"},{"geometry":{"coordinates":[-86.8606628,35.92692],"type":"Point"},"id":"bfe3e67a-1999-4cdb-85d5-7253caae34b8","properties":{"id":"bfe3e67a-1999-4cdb-85d5-7253caae34b8","sources":[{"dataset":"OpenStreetMap","license":"ODbL-1.0","property":"","provider":"osm","record_id":"n7884320713@1","resource":"planet","update_time":"2020-09-07T14:51:55Z","version":"2026-09-09"}],"version":1},"type":"Feature"},{"geometry":{"coordinates":[-86.8592272,35.9266751],"type":"Point"},"id":"33e04117-1ce8-4275-93c2-932946342e52","properties":{"id":"33e04117-1ce8-4275-93c2-932946342e52","sources":[{"dataset":"OpenStreetMap","license":"ODbL-1.0","property":"","provider":"osm","record_id":"n4980289167@1","resource":"planet","update_time":"2017-07-19T18:52:23Z","version":"2026-09-09"}],"version":1},"type":"Feature"},{"geometry":{"coordinates":[-86.8594659,35.9267052],"type":"Point"},"id":"f731a50b-72de-460c-b738-c1d380d47c2b","properties":{"id":"f731a50b-72de-460c-b738-c1d380d47c2b","sources":[{"dataset":"OpenStreetMap","license":"ODbL-1.0","property":"","provider":"osm","record_id":"n310485223@3","resource":"planet","update_time":"2020-09-07T14:51:55Z","version":"2026-09-09"}],"version":1},"type":"Feature"},{"geometry":{"coordinates":[-86.8566181,35.9270093],"type":"Point"},"id":"f97e9231-df7e-4d15-95d3-5ed9ed0f0bda","properties":{"id":"f97e9231-df7e-4d15-95d3-5ed9ed0f0bda","sources":[{"dataset":"OpenStreetMap","license":"ODbL-1.0","property":"","provider":"osm","record_id":"n13980178827@1","resource":"planet","update_time":"2026-07-01T11:02:49Z","version":"2026-09-09"}],"version":1},"type":"Feature"},{"geometry":{"coordinates":[-86.8570695,35.9268973],"type":"Point"},"id":"ac78db2f-2c7b-4d52-bfc0-9d47bc5a53ed","properties":{"id":"ac78db2f-2c7b-4d52-bfc0-9d47bc5a53ed","sources":[{"dataset":"OpenStreetMap","license":"ODbL-1.0","property":"","provider":"osm","record_id":"n7733799737@1","resource":"planet","update_time":"2020-07-21T12:23:33Z","version":"2026-09-09"}],"version":1},"type":"Feature"},{"geometry":{"coordinates":[-86.8557764,35.9269104],"type":"Point"},"id":"e9caea87-1cdc-4d43-ba7b-b92294791f86","properties":{"id":"e9caea87-1cdc-4d43-ba7b-b92294791f86","sources":[{"dataset":"OpenStreetMap","license":"ODbL-1.0","property":"","provider":"osm","record_id":"n13980178834@1","resource":"planet","update_time":"2026-07-01T11:02:49Z","version":"2026-09-09"}],"version":1},"type":"Feature"},{"geometry":{"coordinates":[-86.8563794,35.9269813],"type":"Point"},"id":"4ebb071d-0bd7-4bd0-b7fc-f08b21e8a923","properties":{"id":"4ebb071d-0bd7-4bd0-b7fc-f08b21e8a923","sources":[{"dataset":"OpenStreetMap","license":"ODbL-1.0","property":"","provider":"osm","record_id":"n13980178829@1","resource":"planet","update_time":"2026-07-01T11:02:49Z","version":"2026-09-09"}],"version":1},"type":"Feature"},{"geometry":{"coordinates":[-86.8552105,35.9269715],"type":"Point"},"id":"fa8d9c16-2556-4c9e-b2a5-c983f63fdb58","properties":{"id":"fa8d9c16-2556-4c9e-b2a5-c983f63fdb58","sources":[{"dataset":"OpenStreetMap","license":"ODbL-1.0","property":"","provider":"osm","record_id":"n7673739271@2","resource":"planet","update_time":"2026-07-01T11:02:49Z","version":"2026-09-09"}],"version":1},"type":"Feature"},{"geometry":{"coordinates":[-86.8555711,35.9268862],"type":"Point"},"id":"22686c0c-74de-4981-b581-28d162942de3","properties":{"id":"22686c0c-74de-4981-b581-28d162942de3","sources":[{"dataset":"OpenStreetMap","license":"ODbL-1.0","property":"","provider":"osm","record_id":"n13980178828@1","resource":"planet","update_time":"2026-07-01T11:02:49Z","version":"2026-09-09"}],"version":1},"type":"Feature"},{"geometry":{"coordinates":[-86.8554157,35.927924],"type":"Point"},"id":"d0f15f07-9510-443e-997a-f025916032aa","properties":{"id":"d0f15f07-9510-443e-997a-f025916032aa","sources":[{"dataset":"OpenStreetMap","license":"ODbL-1.0","property":"","provider":"osm","record_id":"n7934555385@1","resource":"planet","update_time":"2020-09-23T12:58:42Z","version":"2026-09-09"}],"version":1},"type":"Feature"},{"geometry":{"coordinates":[-86.8564525,35.9278381],"type":"Point"},"id":"032bc100-f988-4644-a801-1e8435644fb5","properties":{"id":"032bc100-f988-4644-a801-1e8435644fb5","sources":[{"dataset":"OpenStreetMap","license":"ODbL-1.0","property":"","provider":"osm","record_id":"n204093772@4","resource":"planet","update_time":"2015-05-19T17:01:35Z","version":"2026-09-09"}],"version":1},"type":"Feature"},{"geometry":{"coordinates":[-86.8558978,35.927761],"type":"Point"},"id":"668060dc-51d1-4d35-89f5-2a4a729545f6","properties":{"id":"668060dc-51d1-4d35-89f5-2a4a729545f6","sources":[{"dataset":"OpenStreetMap","license":"ODbL-1.0","property":"","provider":"osm","record_id":"n7934499683@1","resource":"planet","update_time":"2020-09-23T12:58:42Z","version":"2026-09-09"}],"version":1},"type":"Feature"},{"geometry":{"coordinates":[-86.8564801,35.9277002],"type":"Point"},"id":"7fefcf67-d8ce-4c67-a8a9-d5b10cf25b08","properties":{"id":"7fefcf67-d8ce-4c67-a8a9-d5b10cf25b08","sources":[{"dataset":"OpenStreetMap","license":"ODbL-1.0","property":"","provider":"osm","resource":"planet","version":"2026-09-09"}],"version":2},"type":"Feature"},{"geometry":{"coordinates":[-86.8556539,35.9275928],"type":"Point"},"id":"f07508f8-5586-4886-830d-82003d0a34c5","properties":{"id":"f07508f8-5586-4886-830d-82003d0a34c5","sources":[{"dataset":"OpenStreetMap","license":"ODbL-1.0","property":"","provider":"osm","record_id":"n13980178835@1","resource":"planet","update_time":"2026-07-01T11:02:49Z","version":"2026-09-09"}],"version":1},"type":"Feature"},{"geometry":{"coordinates":[-86.8556263,35.9277232],"type":"Point"},"id":"5ea90381-c067-464c-be21-3e1240e70975","properties":{"id":"5ea90381-c067-464c-be21-3e1240e70975","sources":[{"dataset":"OpenStreetMap","license":"ODbL-1.0","property":"","provider":"osm","record_id":"n13980178836@1","resource":"planet","update_time":"2026-07-01T11:02:49Z","version":"2026-09-09"}],"version":1},"type":"Feature"},{"geometry":{"coordinates":[-86.8554457,35.9276981],"type":"Point"},"id":"e1d41b33-3fc4-4701-ab34-e0fef6e22b87","properties":{"id":"e1d41b33-3fc4-4701-ab34-e0fef6e22b87","sources":[{"dataset":"OpenStreetMap","license":"ODbL-1.0","property":"","provider":"osm","record_id":"n7934499682@1","resource":"planet","update_time":"2020-09-23T12:58:42Z","version":"2026-09-09"}],"version":1},"type":"Feature"},{"geometry":{"coordinates":[-86.8550831,35.9276477],"type":"Point"},"id":"a7cea6dc-d5f6-4cbd-a8f1-508fcd5baee0","properties":{"id":"a7cea6dc-d5f6-4cbd-a8f1-508fcd5baee0","sources":[{"dataset":"OpenStreetMap","license":"ODbL-1.0","property":"","provider":"osm","record_id":"n6690724136@1","resource":"planet","update_time":"2019-08-07T10:26:02Z","version":"2026-09-09"}],"version":1},"type":"Feature"},{"geometry":{"coordinates":[-86.8551216,35.927446],"type":"Point"},"id":"23e39aa4-d004-40e4-84fc-04e58757de04","properties":{"id":"23e39aa4-d004-40e4-84fc-04e58757de04","sources":[{"dataset":"OpenStreetMap","license":"ODbL-1.0","property":"","provider":"osm","record_id":"n7673739269@2","resource":"planet","update_time":"2026-07-01T11:02:49Z","version":"2026-09-09"}],"version":2},"type":"Feature"},{"geometry":{"coordinates":[-86.8565717,35.9272414],"type":"Point"},"id":"7e2cc060-0382-4511-9d16-978ef4c271e5","properties":{"id":"7e2cc060-0382-4511-9d16-978ef4c271e5","sources":[{"dataset":"OpenStreetMap","license":"ODbL-1.0","property":"","provider":"osm","record_id":"n7733799735@1","resource":"planet","update_time":"2020-07-21T12:23:33Z","version":"2026-09-09"}],"version":1},"type":"Feature"},{"geometry":{"coordinates":[-86.8570101,35.9272714],"type":"Point"},"id":"5c086ccb-337f-41c0-9c46-ee2ffbe8b750","properties":{"id":"5c086ccb-337f-41c0-9c46-ee2ffbe8b750","sources":[{"dataset":"OpenStreetMap","license":"ODbL-1.0","property":"","provider":"osm","record_id":"n7733799736@0","resource":"planet","version":"2026-09-09"}],"version":2},"type":"Feature"},{"geometry":{"coordinates":[-86.856404,35.9281018],"type":"Point"},"id":"f14ed1cb-156d-4e9e-a263-a3ac59522651","properties":{"id":"f14ed1cb-156d-4e9e-a263-a3ac59522651","sources":[{"dataset":"OpenStreetMap","license":"ODbL-1.0","property":"","provider":"osm","record_id":"n7673739263@1","resource":"planet","update_time":"2020-07-01T12:37:05Z","version":"2026-09-09"}],"version":1},"type":"Feature"},{"geometry":{"coordinates":[-86.8565289,35.9284537],"type":"Point"},"id":"97570ff3-84e2-4297-9cb1-5543c396cacd","properties":{"id":"97570ff3-84e2-4297-9cb1-5543c396cacd","sources":[{"dataset":"OpenStreetMap","license":"ODbL-1.0","property":"","provider":"osm","record_id":"n7673739266@1","resource":"planet","update_time":"2020-07-01T12:37:05Z","version":"2026-09-09"}],"version":1},"type":"Feature"},{"geometry":{"coordinates":[-86.8563452,35.9284212],"type":"Point"},"id":"c40f18b7-2eaf-4f42-904c-7f042e95185a","properties":{"id":"c40f18b7-2eaf-4f42-904c-7f042e95185a","sources":[{"dataset":"OpenStreetMap","license":"ODbL-1.0","property":"","provider":"osm","record_id":"n7673739262@1","resource":"planet","update_time":"2020-07-01T12:37:05Z","version":"2026-09-09"}],"version":1},"type":"Feature"},{"geometry":{"coordinates":[-86.8558921,35.9284203],"type":"Point"},"id":"2717ca00-759a-42e2-b7c3-1e3dd1ec6135","properties":{"id":"2717ca00-759a-42e2-b7c3-1e3dd1ec6135","sources":[{"dataset":"OpenStreetMap","license":"ODbL-1.0","property":"","provider":"osm","record_id":"n7934555386@1","resource":"planet","update_time":"2020-09-23T12:58:42Z","version":"2026-09-09"}],"version":1},"type":"Feature"},{"geometry":{"coordinates":[-86.8557107,35.9284097],"type":"Point"},"id":"206c6669-7ac2-4335-a371-d5acc571a6fc","properties":{"id":"206c6669-7ac2-4335-a371-d5acc571a6fc","sources":[{"dataset":"OpenStreetMap","license":"ODbL-1.0","property":"","provider":"osm","record_id":"n7934499676@1","resource":"planet","update_time":"2020-09-23T12:58:42Z","version":"2026-09-09"}],"version":1},"type":"Feature"},{"geometry":{"coordinates":[-86.8556974,35.9285236],"type":"Point"},"id":"797992c1-64f5-4be2-94c6-80fc7af2c829","properties":{"id":"797992c1-64f5-4be2-94c6-80fc7af2c829","sources":[{"dataset":"OpenStreetMap","license":"ODbL-1.0","property":"","provider":"osm","record_id":"n7934499675@1","resource":"planet","update_time":"2020-09-23T12:58:42Z","version":"2026-09-09"}],"version":1},"type":"Feature"},{"geometry":{"coordinates":[-86.8554289,35.9285076],"type":"Point"},"id":"60b725d1-12ba-4066-8e6a-091bab7ae881","properties":{"id":"60b725d1-12ba-4066-8e6a-091bab7ae881","sources":[{"dataset":"OpenStreetMap","license":"ODbL-1.0","property":"","provider":"osm","record_id":"n7019409667@2","resource":"planet","update_time":"2021-06-16T13:42:45Z","version":"2026-09-09"}],"version":1},"type":"Feature"},{"geometry":{"coordinates":[-86.8563202,35.9285571],"type":"Point"},"id":"be3aabde-8cbc-4799-9801-907a140e6a0f","properties":{"id":"be3aabde-8cbc-4799-9801-907a140e6a0f","sources":[{"dataset":"OpenStreetMap","license":"ODbL-1.0","property":"","provider":"osm","record_id":"n3528727173@1","resource":"planet","update_time":"2015-05-19T17:01:35Z","version":"2026-09-09"}],"version":1},"type":"Feature"},{"geometry":{"coordinates":[-86.8569121,35.9285215],"type":"Point"},"id":"39247e00-8f75-4f8b-a3c0-aaa4ce7c0687","properties":{"id":"39247e00-8f75-4f8b-a3c0-aaa4ce7c0687","sources":[{"dataset":"OpenStreetMap","license":"ODbL-1.0","property":"","provider":"osm","record_id":"n7673739261@1","resource":"planet","update_time":"2020-07-01T12:37:05Z","version":"2026-09-09"}],"version":1},"type":"Feature"},{"geometry":{"coordinates":[-86.8575757,35.9286758],"type":"Point"},"id":"c9e7f7fe-fbe9-4356-8330-d889650047aa","properties":{"id":"c9e7f7fe-fbe9-4356-8330-d889650047aa","sources":[{"dataset":"OpenStreetMap","license":"ODbL-1.0","property":"","provider":"osm","record_id":"n6690724134@1","resource":"planet","update_time":"2019-08-07T10:26:02Z","version":"2026-09-09"}],"version":1},"type":"Feature"},{"geometry":{"coordinates":[-86.8550626,35.9293453],"type":"Point"},"id":"838e8748-0764-4e99-8329-bcf69298bb4d","properties":{"id":"838e8748-0764-4e99-8329-bcf69298bb4d","sources":[{"dataset":"OpenStreetMap","license":"ODbL-1.0","property":"","provider":"osm","record_id":"n11303262426@1","resource":"planet","update_time":"2023-10-31T20:20:20Z","version":"2026-09-09"}],"version":1},"type":"Feature"},{"geometry":{"coordinates":[-86.8567501,35.9263482],"type":"Point"},"id":"9730be98-973f-4616-96f0-9209eae7f65f","properties":{"id":"9730be98-973f-4616-96f0-9209eae7f65f","sources":[{"dataset":"OpenStreetMap","license":"ODbL-1.0","property":"","provider":"osm","record_id":"n204093768@3","resource":"planet","update_time":"2009-10-16T12:29:58Z","version":"2026-09-09"}],"version":1},"type":"Feature"},{"geometry":{"coordinates":[-86.8570527,35.9263927],"type":"Point"},"id":"13003791-a202-4c7f-a450-93a78153e26c","properties":{"id":"13003791-a202-4c7f-a450-93a78153e26c","sources":[{"dataset":"OpenStreetMap","license":"ODbL-1.0","property":"","provider":"osm","record_id":"n6694611236@1","resource":"planet","update_time":"2019-08-08T11:09:03Z","version":"2026-09-09"}],"version":1},"type":"Feature"},{"geometry":{"coordinates":[-86.8572368,35.9262426],"type":"Point"},"id":"fcbaef7f-6bff-4f46-aaa7-f10aba11f4c5","properties":{"id":"fcbaef7f-6bff-4f46-aaa7-f10aba11f4c5","sources":[{"dataset":"OpenStreetMap","license":"ODbL-1.0","property":"","provider":"osm","record_id":"n6694611235@1","resource":"planet","update_time":"2019-08-08T11:09:03Z","version":"2026-09-09"}],"version":1},"type":"Feature"},{"geometry":{"coordinates":[-86.8580307,35.9261062],"type":"Point"},"id":"605f9dd7-e92d-4367-95b7-6c96e9654cc2","properties":{"id":"605f9dd7-e92d-4367-95b7-6c96e9654cc2","sources":[{"dataset":"OpenStreetMap","license":"ODbL-1.0","property":"","provider":"osm","record_id":"n6694611242@1","resource":"planet","update_time":"2019-08-08T11:09:03Z","version":"2026-09-09"}],"version":1},"type":"Feature"},{"geometry":{"coordinates":[-86.8569846,35.9258514],"type":"Point"},"id":"f4480bc5-ae34-41e3-9bfe-629cedee8b5a","properties":{"id":"f4480bc5-ae34-41e3-9bfe-629cedee8b5a","sources":[{"dataset":"OpenStreetMap","license":"ODbL-1.0","property":"","provider":"osm","record_id":"n6694611232@1","resource":"planet","update_time":"2019-08-08T11:09:03Z","version":"2026-09-09"}],"version":1},"type":"Feature"},{"geometry":{"coordinates":[-86.8568238,35.9258431],"type":"Point"},"id":"c4ceca8c-83f9-4ef5-8674-24c1b8494e92","properties":{"id":"c4ceca8c-83f9-4ef5-8674-24c1b8494e92","sources":[{"dataset":"OpenStreetMap","license":"ODbL-1.0","property":"","provider":"osm","record_id":"n6694611231@1","resource":"planet","update_time":"2019-08-08T11:09:03Z","version":"2026-09-09"}],"version":1},"type":"Feature"},{"geometry":{"coordinates":[-86.8554962,35.9260582],"type":"Point"},"id":"b33f19f3-0e70-4b55-b99a-e643e0409fb5","properties":{"id":"b33f19f3-0e70-4b55-b99a-e643e0409fb5","sources":[{"dataset":"OpenStreetMap","license":"ODbL-1.0","property":"","provider":"osm","record_id":"n7733799734@1","resource":"planet","update_time":"2020-07-21T12:23:33Z","version":"2026-09-09"}],"version":1},"type":"Feature"},{"geometry":{"coordinates":[-86.8568547,35.9256674],"type":"Point"},"id":"da905d7e-4b72-4a12-ba19-2f9d25f4a6bb","properties":{"id":"da905d7e-4b72-4a12-ba19-2f9d25f4a6bb","sources":[{"dataset":"OpenStreetMap","license":"ODbL-1.0","property":"","provider":"osm","record_id":"n7733799732@1","resource":"planet","update_time":"2020-07-21T12:23:33Z","version":"2026-09-09"}],"version":1},"type":"Feature"},{"geometry":{"coordinates":[-86.8580178,35.9257259],"type":"Point"},"id":"7dfcf447-7fc5-4b5d-b757-5a8dc22f6081","properties":{"id":"7dfcf447-7fc5-4b5d-b757-5a8dc22f6081","sources":[{"dataset":"OpenStreetMap","license":"ODbL-1.0","property":"","provider":"osm","record_id":"n6694611243@1","resource":"planet","update_time":"2019-08-08T11:09:03Z","version":"2026-09-09"}],"version":1},"type":"Feature"},{"geometry":{"coordinates":[-86.8575489,35.925616],"type":"Point"},"id":"b70bcf84-0fc1-4e47-ae39-3558a98757dd","properties":{"id":"b70bcf84-0fc1-4e47-ae39-3558a98757dd","sources":[{"dataset":"OpenStreetMap","license":"ODbL-1.0","property":"","provider":"osm","record_id":"n6694611234@1","resource":"planet","update_time":"2019-08-08T11:09:03Z","version":"2026-09-09"}],"version":1},"type":"Feature"},{"geometry":{"coordinates":[-86.856883,35.9255064],"type":"Point"},"id":"84def248-8e21-47c9-bf58-f22adde0a140","properties":{"id":"84def248-8e21-47c9-bf58-f22adde0a140","sources":[{"dataset":"OpenStreetMap","license":"ODbL-1.0","property":"","provider":"osm","record_id":"n3569376409@3","resource":"planet","update_time":"2019-11-11T18:24:16Z","version":"2026-09-09"}],"version":1},"type":"Feature"},{"geometry":{"coordinates":[-86.8569386,35.925101],"type":"Point"},"id":"2d9f41cc-ac79-4c36-8f64-327290acbcc3","properties":{"id":"2d9f41cc-ac79-4c36-8f64-327290acbcc3","sources":[{"dataset":"OpenStreetMap","license":"ODbL-1.0","property":"","provider":"osm","record_id":"n7243930198@1","resource":"planet","update_time":"2020-02-26T03:36:03Z","version":"2026-09-09"}],"version":1},"type":"Feature"},{"geometry":{"coordinates":[-86.8569497,35.9250429],"type":"Point"},"id":"1c41fb92-cc4f-4e07-85e8-b0e9f2cf1e6e","properties":{"id":"1c41fb92-cc4f-4e07-85e8-b0e9f2cf1e6e","sources":[{"dataset":"OpenStreetMap","license":"ODbL-1.0","property":"","provider":"osm","record_id":"n7733799726@1","resource":"planet","update_time":"2020-07-21T12:23:33Z","version":"2026-09-09"}],"version":1},"type":"Feature"},{"geometry":{"coordinates":[-86.8578227,35.9246407],"type":"Point"},"id":"1809aea2-3a44-4bf9-8b49-ff98e5c83002","properties":{"id":"1809aea2-3a44-4bf9-8b49-ff98e5c83002","sources":[{"dataset":"OpenStreetMap","license":"ODbL-1.0","property":"","provider":"osm","record_id":"n7733799729@1","resource":"planet","update_time":"2020-07-21T12:23:33Z","version":"2026-09-09"}],"version":1},"type":"Feature"},{"geometry":{"coordinates":[-86.8570433,35.9245529],"type":"Point"},"id":"0c686c50-d04e-4c8e-90d1-0a563e655711","properties":{"id":"0c686c50-d04e-4c8e-90d1-0a563e655711","sources":[{"dataset":"OpenStreetMap","license":"ODbL-1.0","property":"","provider":"osm","record_id":"n7733799728@1","resource":"planet","update_time":"2020-07-21T12:23:33Z","version":"2026-09-09"}],"version":1},"type":"Feature"},{"geometry":{"coordinates":[-86.8557615,35.9240414],"type":"Point"},"id":"bc945eb6-bf4b-4d39-b3b9-558defa8de41","properties":{"id":"bc945eb6-bf4b-4d39-b3b9-558defa8de41","sources":[{"dataset":"OpenStreetMap","license":"ODbL-1.0","property":"","provider":"osm","record_id":"n6694611258@1","resource":"planet","update_time":"2019-08-08T11:09:03Z","version":"2026-09-09"}],"version":1},"type":"Feature"},{"geometry":{"coordinates":[-86.8557377,35.9241853],"type":"Point"},"id":"bdfe9586-48c3-4c3e-bcdc-099d0c87ee85","properties":{"id":"bdfe9586-48c3-4c3e-bcdc-099d0c87ee85","sources":[{"dataset":"OpenStreetMap","license":"ODbL-1.0","property":"","provider":"osm","record_id":"n6694611257@1","resource":"planet","update_time":"2019-08-08T11:09:03Z","version":"2026-09-09"}],"version":1},"type":"Feature"},{"geometry":{"coordinates":[-86.8563367,35.9241221],"type":"Point"},"id":"ea17d3a7-cf9a-4451-928d-78b12b0c2f03","properties":{"id":"ea17d3a7-cf9a-4451-928d-78b12b0c2f03","sources":[{"dataset":"OpenStreetMap","license":"ODbL-1.0","property":"","provider":"osm","record_id":"n6694611253@1","resource":"planet","update_time":"2019-08-08T11:09:03Z","version":"2026-09-09"}],"version":1},"type":"Feature"},{"geometry":{"coordinates":[-86.8571039,35.9242355],"type":"Point"},"id":"5f30aefd-aff6-4357-901a-b82eda25c8ba","properties":{"id":"5f30aefd-aff6-4357-901a-b82eda25c8ba","sources":[{"dataset":"OpenStreetMap","license":"ODbL-1.0","property":"","provider":"osm","record_id":"n6694611250@1","resource":"planet","update_time":"2019-08-08T11:09:03Z","version":"2026-09-09"}],"version":1},"type":"Feature"},{"geometry":{"coordinates":[-86.8571528,35.9239749],"type":"Point"},"id":"0cab6346-4ee0-4a73-ae8d-3d9d3ae0228b","properties":{"id":"0cab6346-4ee0-4a73-ae8d-3d9d3ae0228b","sources":[{"dataset":"OpenStreetMap","license":"ODbL-1.0","property":"","provider":"osm","record_id":"n6694611244@1","resource":"planet","update_time":"2019-08-08T11:09:03Z","version":"2026-09-09"}],"version":1},"type":"Feature"},{"geometry":{"coordinates":[-86.8551912,35.9239614],"type":"Point"},"id":"9027076c-36a2-487c-858e-8bd78ad9ceea","properties":{"id":"9027076c-36a2-487c-858e-8bd78ad9ceea","sources":[{"dataset":"OpenStreetMap","license":"ODbL-1.0","property":"","provider":"osm","record_id":"n6694611256@1","resource":"planet","update_time":"2019-08-08T11:09:03Z","version":"2026-09-09"}],"version":1},"type":"Feature"},{"geometry":{"coordinates":[-86.8577423,35.9208279],"type":"Point"},"id":"53b440c8-44ef-4879-8cb5-95b97340759d","properties":{"id":"53b440c8-44ef-4879-8cb5-95b97340759d","sources":[{"dataset":"OpenStreetMap","license":"ODbL-1.0","property":"","provider":"osm","record_id":"n204093758@4","resource":"planet","update_time":"2014-12-17T23:30:00Z","version":"2026-09-09"}],"version":1},"type":"Feature"},{"geometry":{"coordinates":[-86.8570714,35.9218507],"type":"Point"},"id":"c4ad679a-8dcc-4272-bfc3-54c83ddfe1ff","properties":{"id":"c4ad679a-8dcc-4272-bfc3-54c83ddfe1ff","sources":[{"dataset":"OpenStreetMap","license":"ODbL-1.0","property":"","provider":"osm","record_id":"n8485154926@1","resource":"planet","update_time":"2021-03-04T08:18:47Z","version":"2026-09-09"}],"version":1},"type":"Feature"},{"geometry":{"coordinates":[-86.8575361,35.921902],"type":"Point"},"id":"da8c8975-0b6f-4cf8-8905-1c808a3b1d2d","properties":{"id":"da8c8975-0b6f-4cf8-8905-1c808a3b1d2d","sources":[{"dataset":"OpenStreetMap","license":"ODbL-1.0","property":"","provider":"osm","record_id":"n204093761@4","resource":"planet","update_time":"2017-04-22T20:17:28Z","version":"2026-09-09"}],"version":1},"type":"Feature"},{"geometry":{"coordinates":[-86.8573827,35.9221326],"type":"Point"},"id":"b8cda1df-c590-4d20-9fab-d0d2c3980513","properties":{"id":"b8cda1df-c590-4d20-9fab-d0d2c3980513","sources":[{"dataset":"OpenStreetMap","license":"ODbL-1.0","property":"","provider":"osm","record_id":"n8485154932@1","resource":"planet","update_time":"2021-03-04T08:18:47Z","version":"2026-09-09"}],"version":1},"type":"Feature"},{"geometry":{"coordinates":[-86.8574927,35.9221475],"type":"Point"},"id":"3476ec68-9f75-4b7d-8df2-241e0b0be24a","properties":{"id":"3476ec68-9f75-4b7d-8df2-241e0b0be24a","sources":[{"dataset":"OpenStreetMap","license":"ODbL-1.0","property":"","provider":"osm","record_id":"n8485154921@1","resource":"planet","update_time":"2021-03-04T08:18:47Z","version":"2026-09-09"}],"version":1},"type":"Feature"},{"geometry":{"coordinates":[-86.8574474,35.9224034],"type":"Point"},"id":"7c23ec99-bf35-4201-87a7-c45f17861d38","properties":{"id":"7c23ec99-bf35-4201-87a7-c45f17861d38","sources":[{"dataset":"OpenStreetMap","license":"ODbL-1.0","property":"","provider":"osm","record_id":"n204093762@4","resource":"planet","update_time":"2017-04-22T20:17:28Z","version":"2026-09-09"}],"version":1},"type":"Feature"},{"geometry":{"coordinates":[-86.8574694,35.9222791],"type":"Point"},"id":"93b46a6b-4211-4eda-9812-0fe4a457e204","properties":{"id":"93b46a6b-4211-4eda-9812-0fe4a457e204","sources":[{"dataset":"OpenStreetMap","license":"ODbL-1.0","property":"","provider":"osm","record_id":"n8485154927@1","resource":"planet","update_time":"2021-03-04T08:18:47Z","version":"2026-09-09"}],"version":1},"type":"Feature"},{"geometry":{"coordinates":[-86.8574315,35.9224884],"type":"Point"},"id":"8fc5ba5d-23a3-4bb6-a73f-25cf401342ca","properties":{"id":"8fc5ba5d-23a3-4bb6-a73f-25cf401342ca","sources":[{"dataset":"OpenStreetMap","license":"ODbL-1.0","property":"","provider":"osm","record_id":"n7867727614@1","resource":"planet","update_time":"2020-09-02T09:14:11Z","version":"2026-09-09"}],"version":1},"type":"Feature"},{"geometry":{"coordinates":[-86.8557339,35.9228435],"type":"Point"},"id":"1f79bfff-3b01-417e-ab93-c5a5701c6b40","properties":{"id":"1f79bfff-3b01-417e-ab93-c5a5701c6b40","sources":[{"dataset":"OpenStreetMap","license":"ODbL-1.0","property":"","provider":"osm","record_id":"n6694611268@1","resource":"planet","update_time":"2019-08-08T11:09:03Z","version":"2026-09-09"}],"version":1},"type":"Feature"},{"geometry":{"coordinates":[-86.8556825,35.922969],"type":"Point"},"id":"ca69af50-4aee-495e-8aa3-dfbdcc53116c","properties":{"id":"ca69af50-4aee-495e-8aa3-dfbdcc53116c","sources":[{"dataset":"OpenStreetMap","license":"ODbL-1.0","property":"","provider":"osm","record_id":"n6694611263@1","resource":"planet","update_time":"2019-08-08T11:09:03Z","version":"2026-09-09"}],"version":1},"type":"Feature"},{"geometry":{"coordinates":[-86.8573155,35.923107],"type":"Point"},"id":"89d54a9a-dfd5-456b-b9e0-87bb9361b51a","properties":{"id":"89d54a9a-dfd5-456b-b9e0-87bb9361b51a","sources":[{"dataset":"OpenStreetMap","license":"ODbL-1.0","property":"","provider":"osm","record_id":"n6694611264@1","resource":"planet","update_time":"2019-08-08T11:09:03Z","version":"2026-09-09"}],"version":1},"type":"Feature"},{"geometry":{"coordinates":[-86.8573362,35.9229965],"type":"Point"},"id":"8f511003-481c-4774-bbb5-26c40f521cec","properties":{"id":"8f511003-481c-4774-bbb5-26c40f521cec","sources":[{"dataset":"OpenStreetMap","license":"ODbL-1.0","property":"","provider":"osm","record_id":"n7934540521@1","resource":"planet","update_time":"2020-09-23T12:53:37Z","version":"2026-09-09"}],"version":1},"type":"Feature"},{"geometry":{"coordinates":[-86.8578851,35.9231426],"type":"Point"},"id":"b5544df8-cb62-4d70-8bd9-bbba9a89cfd9","properties":{"id":"b5544df8-cb62-4d70-8bd9-bbba9a89cfd9","sources":[{"dataset":"OpenStreetMap","license":"ODbL-1.0","property":"","provider":"osm","record_id":"n7934540517@1","resource":"planet","update_time":"2020-09-23T12:53:37Z","version":"2026-09-09"}],"version":1},"type":"Feature"},{"geometry":{"coordinates":[-86.8573018,35.92318],"type":"Point"},"id":"26c527f9-a0c8-4315-8f09-e40636c0f156","properties":{"id":"26c527f9-a0c8-4315-8f09-e40636c0f156","sources":[{"dataset":"OpenStreetMap","license":"ODbL-1.0","property":"","provider":"osm","record_id":"n6694611259@1","resource":"planet","update_time":"2019-08-08T11:09:03Z","version":"2026-09-09"}],"version":1},"type":"Feature"},{"geometry":{"coordinates":[-86.8572602,35.9234022],"type":"Point"},"id":"8f7d547c-04db-4757-94d9-ecad9d30844f","properties":{"id":"8f7d547c-04db-4757-94d9-ecad9d30844f","sources":[{"dataset":"OpenStreetMap","license":"ODbL-1.0","property":"","provider":"osm","record_id":"n7934540529@1","resource":"planet","update_time":"2020-09-23T12:53:37Z","version":"2026-09-09"}],"version":1},"type":"Feature"},{"geometry":{"coordinates":[-86.8583531,35.9232001],"type":"Point"},"id":"b3c8bea1-da1c-440b-a562-1d6da3ef6882","properties":{"id":"b3c8bea1-da1c-440b-a562-1d6da3ef6882","sources":[{"dataset":"OpenStreetMap","license":"ODbL-1.0","property":"","provider":"osm","record_id":"n7934540512@1","resource":"planet","update_time":"2020-09-23T12:53:37Z","version":"2026-09-09"}],"version":1},"type":"Feature"},{"geometry":{"coordinates":[-86.8641374,35.9234676],"type":"Point"},"id":"4f710f92-7f69-461b-881a-98177b3382a3","properties":{"id":"4f710f92-7f69-461b-881a-98177b3382a3","sources":[{"dataset":"OpenStreetMap","license":"ODbL-1.0","property":"","provider":"osm","record_id":"n3598840398@1","resource":"planet","update_time":"2015-06-16T15:42:32Z","version":"2026-09-09"}],"version":1},"type":"Feature"},{"geometry":{"coordinates":[-86.8641594,35.9234266],"type":"Point"},"id":"1021367b-0cbc-4a4f-aea1-585f954c59c5","properties":{"id":"1021367b-0cbc-4a4f-aea1-585f954c59c5","sources":[{"dataset":"OpenStreetMap","license":"ODbL-1.0","property":"","provider":"osm","record_id":"n13923969159@1","resource":"planet","update_time":"2026-06-09T18:54:37Z","version":"2026-09-09"}],"version":1},"type":"Feature"},{"geometry":{"coordinates":[-86.8641219,35.9234144],"type":"Point"},"id":"6f7560df-2569-4093-bbb4-88a2ae773df7","properties":{"id":"6f7560df-2569-4093-bbb4-88a2ae773df7","sources":[{"dataset":"OpenStreetMap","license":"ODbL-1.0","property":"","provider":"osm","record_id":"n13923969152@1","resource":"planet","update_time":"2026-06-09T18:54:37Z","version":"2026-09-09"}],"version":1},"type":"Feature"},{"geometry":{"coordinates":[-86.8640565,35.923069],"type":"Point"},"id":"32317e05-c3bb-4180-a827-06448d0f789f","properties":{"id":"32317e05-c3bb-4180-a827-06448d0f789f","sources":[{"dataset":"OpenStreetMap","license":"ODbL-1.0","property":"","provider":"osm","record_id":"n13923969150@1","resource":"planet","update_time":"2026-06-09T18:54:37Z","version":"2026-09-09"}],"version":1},"type":"Feature"},{"geometry":{"coordinates":[-86.861642,35.9229817],"type":"Point"},"id":"fd94a48d-78e9-4d22-be36-1336bd766d14","properties":{"id":"fd94a48d-78e9-4d22-be36-1336bd766d14","sources":[{"dataset":"OpenStreetMap","license":"ODbL-1.0","property":"","provider":"osm","record_id":"n3524039778@1","resource":"planet","update_time":"2015-05-17T18:21:17Z","version":"2026-09-09"}],"version":1},"type":"Feature"},{"geometry":{"coordinates":[-86.8581969,35.9225956],"type":"Point"},"id":"771e96a0-3726-4c6f-8c60-65c3085e3061","properties":{"id":"771e96a0-3726-4c6f-8c60-65c3085e3061","sources":[{"dataset":"OpenStreetMap","license":"ODbL-1.0","property":"","provider":"osm","record_id":"n7867727612@1","resource":"planet","update_time":"2020-09-02T09:14:11Z","version":"2026-09-09"}],"version":1},"type":"Feature"},{"geometry":{"coordinates":[-86.8586366,35.9210388],"type":"Point"},"id":"cfa551b3-ddcd-4670-bf8a-eec03901596f","properties":{"id":"cfa551b3-ddcd-4670-bf8a-eec03901596f","sources":[{"dataset":"OpenStreetMap","license":"ODbL-1.0","property":"","provider":"osm","record_id":"n6996272604@1","resource":"planet","update_time":"2019-11-21T13:06:09Z","version":"2026-09-09"}],"version":1},"type":"Feature"},{"geometry":{"coordinates":[-86.862665,35.921446],"type":"Point"},"id":"91c8a2e9-090c-4b9f-a31a-b4660a60d337","properties":{"id":"91c8a2e9-090c-4b9f-a31a-b4660a60d337","sources":[{"dataset":"OpenStreetMap","license":"ODbL-1.0","property":"","provider":"osm","record_id":"n3524039745@1","resource":"planet","update_time":"2015-05-17T18:21:17Z","version":"2026-09-09"}],"version":1},"type":"Feature"},{"geometry":{"coordinates":[-86.8621853,35.9208507],"type":"Point"},"id":"78911bc3-6437-4af5-9014-c36c4431635f","properties":{"id":"78911bc3-6437-4af5-9014-c36c4431635f","sources":[{"dataset":"OpenStreetMap","license":"ODbL-1.0","property":"","provider":"osm","record_id":"n3524039759@2","resource":"planet","update_time":"2019-11-11T18:05:45Z","version":"2026-09-09"}],"version":1},"type":"Feature"},{"geometry":{"coordinates":[-86.8621057,35.9210313],"type":"Point"},"id":"4f6a3ea0-7036-4ec8-af95-56dee32af527","properties":{"id":"4f6a3ea0-7036-4ec8-af95-56dee32af527","sources":[{"dataset":"OpenStreetMap","license":"ODbL-1.0","property":"","provider":"osm","record_id":"n3524039756@2","resource":"planet","update_time":"2019-11-11T18:05:45Z","version":"2026-09-09"}],"version":1},"type":"Feature"},{"geometry":{"coordinates":[-86.8635107,35.9208665],"type":"Point"},"id":"1e393225-2ac5-463d-b04b-5649fd7b8706","properties":{"id":"1e393225-2ac5-463d-b04b-5649fd7b8706","sources":[{"dataset":"OpenStreetMap","license":"ODbL-1.0","property":"","provider":"osm","record_id":"n3524039762@1","resource":"planet","update_time":"2015-05-17T18:21:17Z","version":"2026-09-09"}],"version":1},"type":"Feature"},{"geometry":{"coordinates":[-86.8629999,35.9211751],"type":"Point"},"id":"fb3576ba-a3d0-44cb-8206-1fed26b4815a","properties":{"id":"fb3576ba-a3d0-44cb-8206-1fed26b4815a","sources":[{"dataset":"OpenStreetMap","license":"ODbL-1.0","property":"","provider":"osm","record_id":"n3524039757@2","resource":"planet","update_time":"2019-11-11T18:05:45Z","version":"2026-09-09"}],"version":1},"type":"Feature"},{"geometry":{"coordinates":[-86.8628106,35.9213157],"type":"Point"},"id":"436d5b63-544a-4eeb-bb13-109fc8e1558c","properties":{"id":"436d5b63-544a-4eeb-bb13-109fc8e1558c","sources":[{"dataset":"OpenStreetMap","license":"ODbL-1.0","property":"","provider":"osm","record_id":"n3524039753@2","resource":"planet","update_time":"2019-11-11T18:05:45Z","version":"2026-09-09"}],"version":1},"type":"Feature"},{"geometry":{"coordinates":[-86.8626953,35.9214642],"type":"Point"},"id":"940c44ae-4380-4730-9657-56e8b758d091","properties":{"id":"940c44ae-4380-4730-9657-56e8b758d091","sources":[{"dataset":"OpenStreetMap","license":"ODbL-1.0","property":"","provider":"osm","record_id":"n3524039744@1","resource":"planet","update_time":"2015-05-17T18:21:17Z","version":"2026-09-09"}],"version":1},"type":"Feature"},{"geometry":{"coordinates":[-86.8624846,35.9219188],"type":"Point"},"id":"e4cbf37b-7241-4cb3-8b62-4e20d5829b8e","properties":{"id":"e4cbf37b-7241-4cb3-8b62-4e20d5829b8e","sources":[{"dataset":"OpenStreetMap","license":"ODbL-1.0","property":"","provider":"osm","record_id":"n3524039842@1","resource":"planet","update_time":"2015-05-17T18:21:18Z","version":"2026-09-09"}],"version":1},"type":"Feature"},{"geometry":{"coordinates":[-86.8624815,35.9219916],"type":"Point"},"id":"72def9a4-a1cf-473b-b4bb-77500ea3854c","properties":{"id":"72def9a4-a1cf-473b-b4bb-77500ea3854c","sources":[{"dataset":"OpenStreetMap","license":"ODbL-1.0","property":"","provider":"osm","record_id":"n3524039840@1","resource":"planet","update_time":"2015-05-17T18:21:18Z","version":"2026-09-09"}],"version":1},"type":"Feature"},{"geometry":{"coordinates":[-86.8625429,35.9220222],"type":"Point"},"id":"2a46652c-9c26-4d91-bf84-f06d1f07c8a0","properties":{"id":"2a46652c-9c26-4d91-bf84-f06d1f07c8a0","sources":[{"dataset":"OpenStreetMap","license":"ODbL-1.0","property":"","provider":"osm","record_id":"n3524039839@1","resource":"planet","update_time":"2015-05-17T18:21:18Z","version":"2026-09-09"}],"version":1},"type":"Feature"},{"geometry":{"coordinates":[-86.8653047,35.9221922],"type":"Point"},"id":"2f35791d-7585-4bfe-bcb6-303ec8cf3ae6","properties":{"id":"2f35791d-7585-4bfe-bcb6-303ec8cf3ae6","sources":[{"dataset":"OpenStreetMap","license":"ODbL-1.0","property":"","provider":"osm","resource":"planet","version":"2026-09-09"}],"version":1},"type":"Feature"},{"geometry":{"coordinates":[-86.8666815,35.9222255],"type":"Point"},"id":"0c4c9dea-13a1-4363-9a60-0e80a35ede95","properties":{"id":"0c4c9dea-13a1-4363-9a60-0e80a35ede95","sources":[{"dataset":"OpenStreetMap","license":"ODbL-1.0","property":"","provider":"osm","record_id":"n11838379770@1","resource":"planet","update_time":"2024-04-22T17:18:50Z","version":"2026-09-09"}],"version":1},"type":"Feature"},{"geometry":{"coordinates":[-86.8666534,35.9221874],"type":"Point"},"id":"60531f87-4747-481b-9316-6c476013cf62","properties":{"id":"60531f87-4747-481b-9316-6c476013cf62","sources":[{"dataset":"OpenStreetMap","license":"ODbL-1.0","property":"","provider":"osm","record_id":"n11838379771@1","resource":"planet","update_time":"2024-04-22T17:18:50Z","version":"2026-09-09"}],"version":1},"type":"Feature"},{"geometry":{"coordinates":[-86.8667494,35.9221916],"type":"Point"},"id":"abecfec1-9b43-490f-9464-b3a2fb9a537e","properties":{"id":"abecfec1-9b43-490f-9464-b3a2fb9a537e","sources":[{"dataset":"OpenStreetMap","license":"ODbL-1.0","property":"","provider":"osm","record_id":"n11838379777@1","resource":"planet","update_time":"2024-04-22T17:18:50Z","version":"2026-09-09"}],"version":1},"type":"Feature"},{"geometry":{"coordinates":[-86.8667225,35.9221562],"type":"Point"},"id":"262080e0-17b7-44e9-bf25-df96a2cb5879","properties":{"id":"262080e0-17b7-44e9-bf25-df96a2cb5879","sources":[{"dataset":"OpenStreetMap","license":"ODbL-1.0","property":"","provider":"osm","record_id":"n205514385@7","resource":"planet","update_time":"2024-04-22T17:18:50Z","version":"2026-09-09"}],"version":1},"type":"Feature"},{"geometry":{"coordinates":[-86.866822,35.9221093],"type":"Point"},"id":"f7dfccca-8a56-459a-a676-f3753b39a370","properties":{"id":"f7dfccca-8a56-459a-a676-f3753b39a370","sources":[{"dataset":"OpenStreetMap","license":"ODbL-1.0","property":"","provider":"osm","record_id":"n11838379776@1","resource":"planet","update_time":"2024-04-22T17:18:50Z","version":"2026-09-09"}],"version":1},"type":"Feature"},{"geometry":{"coordinates":[-86.8668488,35.9221477],"type":"Point"},"id":"ea689da2-a764-412e-b1e1-e8689faf6304","properties":{"id":"ea689da2-a764-412e-b1e1-e8689faf6304","sources":[{"dataset":"OpenStreetMap","license":"ODbL-1.0","property":"","provider":"osm","record_id":"n11838379775@1","resource":"planet","update_time":"2024-04-22T17:18:50Z","version":"2026-09-09"}],"version":1},"type":"Feature"},{"geometry":{"coordinates":[-86.8666143,35.9221322],"type":"Point"},"id":"9d17ec8d-75f9-4624-bdb8-96e123b6b7ee","properties":{"id":"9d17ec8d-75f9-4624-bdb8-96e123b6b7ee","sources":[{"dataset":"OpenStreetMap","license":"ODbL-1.0","property":"","provider":"osm","record_id":"n11838379772@1","resource":"planet","update_time":"2024-04-22T17:18:50Z","version":"2026-09-09"}],"version":1},"type":"Feature"},{"geometry":{"coordinates":[-86.8666812,35.9221026],"type":"Point"},"id":"b10e5b52-5a94-463b-bc7c-078770f5f5dd","properties":{"id":"b10e5b52-5a94-463b-bc7c-078770f5f5dd","sources":[{"dataset":"OpenStreetMap","license":"ODbL-1.0","property":"","provider":"osm","record_id":"n11838379773@1","resource":"planet","update_time":"2024-04-22T17:18:50Z","version":"2026-09-09"}],"version":1},"type":"Feature"},{"geometry":{"coordinates":[-86.8667854,35.9220566],"type":"Point"},"id":"196545e4-32f4-4852-a9e5-6c5ff7fa847f","properties":{"id":"196545e4-32f4-4852-a9e5-6c5ff7fa847f","sources":[{"dataset":"OpenStreetMap","license":"ODbL-1.0","property":"","provider":"osm","record_id":"n11838379774@1","resource":"planet","update_time":"2024-04-22T17:18:50Z","version":"2026-09-09"}],"version":1},"type":"Feature"},{"geometry":{"coordinates":[-86.8655576,35.9211956],"type":"Point"},"id":"ccc769ce-9b80-433c-b81c-cac85209864e","properties":{"id":"ccc769ce-9b80-433c-b81c-cac85209864e","sources":[{"dataset":"OpenStreetMap","license":"ODbL-1.0","property":"","provider":"osm","record_id":"n10218740220@1","resource":"planet","update_time":"2022-11-25T22:31:32Z","version":"2026-09-09"}],"version":1},"type":"Feature"},{"geometry":{"coordinates":[-86.8657151,35.9209704],"type":"Point"},"id":"2d1b3d08-1f44-468d-aeee-3587d1a4dc54","properties":{"id":"2d1b3d08-1f44-468d-aeee-3587d1a4dc54","sources":[{"dataset":"OpenStreetMap","license":"ODbL-1.0","property":"","provider":"osm","record_id":"n204072652@4","resource":"planet","update_time":"2013-12-03T19:01:49Z","version":"2026-09-09"}],"version":1},"type":"Feature"},{"geometry":{"coordinates":[-86.8656628,35.9210451],"type":"Point"},"id":"3a7a2676-c327-4b0f-a4c3-6a87a9176691","properties":{"id":"3a7a2676-c327-4b0f-a4c3-6a87a9176691","sources":[{"dataset":"OpenStreetMap","license":"ODbL-1.0","property":"","provider":"osm","record_id":"n13252950353@1","resource":"planet","update_time":"2025-10-23T20:01:30Z","version":"2026-09-09"}],"version":1},"type":"Feature"},{"geometry":{"coordinates":[-86.8658839,35.9209821],"type":"Point"},"id":"a5721e7f-91d3-4aa3-875f-bdbeae0905f9","properties":{"id":"a5721e7f-91d3-4aa3-875f-bdbeae0905f9","sources":[{"dataset":"OpenStreetMap","license":"ODbL-1.0","property":"","provider":"osm","record_id":"n13252950356@1","resource":"planet","update_time":"2025-10-23T20:01:30Z","version":"2026-09-09"}],"version":1},"type":"Feature"},{"geometry":{"coordinates":[-86.8679881,35.9215201],"type":"Point"},"id":"9348686c-3fc7-4500-988b-b315efcaf007","properties":{"id":"9348686c-3fc7-4500-988b-b315efcaf007","sources":[{"dataset":"OpenStreetMap","license":"ODbL-1.0","property":"","provider":"osm","record_id":"n12697445690@1","resource":"planet","update_time":"2025-03-24T20:38:00Z","version":"2026-09-09"}],"version":1},"type":"Feature"},{"geometry":{"coordinates":[-86.8680818,35.9215156],"type":"Point"},"id":"06868597-ac1a-4160-b501-a39bd91d0dd4","properties":{"id":"06868597-ac1a-4160-b501-a39bd91d0dd4","sources":[{"dataset":"OpenStreetMap","license":"ODbL-1.0","property":"","provider":"osm","record_id":"n204136565@4","resource":"planet","update_time":"2024-04-15T14:00:18Z","version":"2026-09-09"}],"version":1},"type":"Feature"},{"geometry":{"coordinates":[-86.8680544,35.9214776],"type":"Point"},"id":"3c175d47-9f77-4df8-8e59-c411a46e70b4","properties":{"id":"3c175d47-9f77-4df8-8e59-c411a46e70b4","sources":[{"dataset":"OpenStreetMap","license":"ODbL-1.0","property":"","provider":"osm","record_id":"n12697445701@1","resource":"planet","update_time":"2025-03-24T20:38:00Z","version":"2026-09-09"}],"version":1},"type":"Feature"},{"geometry":{"coordinates":[-86.8681708,35.9214731],"type":"Point"},"id":"f6177f3c-2950-4a70-b394-67ff8aac3940","properties":{"id":"f6177f3c-2950-4a70-b394-67ff8aac3940","sources":[{"dataset":"OpenStreetMap","license":"ODbL-1.0","property":"","provider":"osm","record_id":"n12697445703@1","resource":"planet","update_time":"2025-03-24T20:38:00Z","version":"2026-09-09"}],"version":1},"type":"Feature"},{"geometry":{"coordinates":[-86.8686423,35.9212457],"type":"Point"},"id":"56cfe8ca-7017-479a-9557-b1eb309cd9eb","properties":{"id":"56cfe8ca-7017-479a-9557-b1eb309cd9eb","sources":[{"dataset":"OpenStreetMap","license":"ODbL-1.0","property":"","provider":"osm","resource":"planet","version":"2026-09-09"}],"version":2},"type":"Feature"},{"geometry":{"coordinates":[-86.8687437,35.9211962],"type":"Point"},"id":"f84f6393-a82b-4414-ad97-3b7fe7ad63e5","properties":{"id":"f84f6393-a82b-4414-ad97-3b7fe7ad63e5","sources":[{"dataset":"OpenStreetMap","license":"ODbL-1.0","property":"","provider":"osm","record_id":"n7031978541@2","resource":"planet","update_time":"2020-03-14T18:28:39Z","version":"2026-09-09"}],"version":1},"type":"Feature"},{"geometry":{"coordinates":[-86.8683971,35.9212004],"type":"Point"},"id":"b95af2de-ae1e-4a64-86d5-af8adc14b44e","properties":{"id":"b95af2de-ae1e-4a64-86d5-af8adc14b44e","sources":[{"dataset":"OpenStreetMap","license":"ODbL-1.0","property":"","provider":"osm","resource":"planet","version":"2026-09-09"}],"version":2},"type":"Feature"},{"geometry":{"coordinates":[-86.8686647,35.9210868],"type":"Point"},"id":"56eafe22-1b75-4f71-a60b-b83aa988dcce","properties":{"id":"56eafe22-1b75-4f71-a60b-b83aa988dcce","sources":[{"dataset":"OpenStreetMap","license":"ODbL-1.0","property":"","provider":"osm","record_id":"n7031978542@2","resource":"planet","update_time":"2020-03-14T18:28:39Z","version":"2026-09-09"}],"version":1},"type":"Feature"},{"geometry":{"coordinates":[-86.8695,35.9210316],"type":"Point"},"id":"57392458-92a7-46c5-90e1-e08a63506622","properties":{"id":"57392458-92a7-46c5-90e1-e08a63506622","sources":[{"dataset":"OpenStreetMap","license":"ODbL-1.0","property":"","provider":"osm","record_id":"n205263855@5","resource":"planet","update_time":"2020-03-14T18:28:39Z","version":"2026-09-09"}],"version":1},"type":"Feature"},{"geometry":{"coordinates":[-86.8693458,35.9210372],"type":"Point"},"id":"ac3d69ea-af43-4654-a6d2-1dd0646845ac","properties":{"id":"ac3d69ea-af43-4654-a6d2-1dd0646845ac","sources":[{"dataset":"OpenStreetMap","license":"ODbL-1.0","property":"","provider":"osm","record_id":"n13698062368@1","resource":"planet","update_time":"2026-04-01T10:37:28Z","version":"2026-09-09"}],"version":1},"type":"Feature"},{"geometry":{"coordinates":[-86.8694065,35.9208781],"type":"Point"},"id":"bd7567ca-b06f-4518-a933-27f5216feed9","properties":{"id":"bd7567ca-b06f-4518-a933-27f5216feed9","sources":[{"dataset":"OpenStreetMap","license":"ODbL-1.0","property":"","provider":"osm","record_id":"n3898553985@2","resource":"planet","update_time":"2020-03-14T18:28:39Z","version":"2026-09-09"}],"version":1},"type":"Feature"},{"geometry":{"coordinates":[-86.8692068,35.9209807],"type":"Point"},"id":"a068e036-d747-4642-bf02-f45f27324826","properties":{"id":"a068e036-d747-4642-bf02-f45f27324826","sources":[{"dataset":"OpenStreetMap","license":"ODbL-1.0","property":"","provider":"osm","record_id":"n205514390@4","resource":"planet","update_time":"2020-03-14T18:28:39Z","version":"2026-09-09"}],"version":1},"type":"Feature"},{"geometry":{"coordinates":[-86.8696946,35.9211345],"type":"Point"},"id":"797a1f9c-8073-431e-8e2e-5607013f92ab","properties":{"id":"797a1f9c-8073-431e-8e2e-5607013f92ab","sources":[{"dataset":"OpenStreetMap","license":"ODbL-1.0","property":"","provider":"osm","record_id":"n13698062362@1","resource":"planet","update_time":"2026-04-01T10:37:28Z","version":"2026-09-09"}],"version":1},"type":"Feature"},{"geometry":{"coordinates":[-86.8680459,35.9215904],"type":"Point"},"id":"16c5d7f5-263b-42ce-bd74-6962ad5af7ea","properties":{"id":"16c5d7f5-263b-42ce-bd74-6962ad5af7ea","sources":[{"dataset":"OpenStreetMap","license":"ODbL-1.0","property":"","provider":"osm","record_id":"n12697445697@1","resource":"planet","update_time":"2025-03-24T20:38:00Z","version":"2026-09-09"}],"version":1},"type":"Feature"},{"geometry":{"coordinates":[-86.8681135,35.9215594],"type":"Point"},"id":"a494f512-8330-45e5-b8f0-8b8cd432da98","properties":{"id":"a494f512-8330-45e5-b8f0-8b8cd432da98","sources":[{"dataset":"OpenStreetMap","license":"ODbL-1.0","property":"","provider":"osm","record_id":"n12697445702@1","resource":"planet","update_time":"2025-03-24T20:38:00Z","version":"2026-09-09"}],"version":1},"type":"Feature"},{"geometry":{"coordinates":[-86.8680116,35.9215487],"type":"Point"},"id":"461db95a-87e9-41f6-8301-43840429fb09","properties":{"id":"461db95a-87e9-41f6-8301-43840429fb09","sources":[{"dataset":"OpenStreetMap","license":"ODbL-1.0","property":"","provider":"osm","record_id":"n12697445700@1","resource":"planet","update_time":"2025-03-24T20:38:00Z","version":"2026-09-09"}],"version":1},"type":"Feature"},{"geometry":{"coordinates":[-86.8698481,35.922723],"type":"Point"},"id":"1766a9cd-e9c1-47cf-a812-885391c72d7e","properties":{"id":"1766a9cd-e9c1-47cf-a812-885391c72d7e","sources":[{"dataset":"OpenStreetMap","license":"ODbL-1.0","property":"","provider":"osm","record_id":"n6687210969@1","resource":"planet","update_time":"2019-08-06T08:34:52Z","version":"2026-09-09"}],"version":1},"type":"Feature"},{"geometry":{"coordinates":[-86.8699161,35.9228359],"type":"Point"},"id":"40c4a1a6-cdcf-43c7-b849-c371a9509a80","properties":{"id":"40c4a1a6-cdcf-43c7-b849-c371a9509a80","sources":[{"dataset":"OpenStreetMap","license":"ODbL-1.0","property":"","provider":"osm","resource":"planet","version":"2026-09-09"}],"version":2},"type":"Feature"},{"geometry":{"coordinates":[-86.867989,35.9228514],"type":"Point"},"id":"a79cf550-2b5f-4743-8d38-9ddfe14bbd7b","properties":{"id":"a79cf550-2b5f-4743-8d38-9ddfe14bbd7b","sources":[{"dataset":"OpenStreetMap","license":"ODbL-1.0","property":"","provider":"osm","record_id":"n7052381257@1","resource":"planet","update_time":"2019-12-12T15:19:43Z","version":"2026-09-09"}],"version":1},"type":"Feature"},{"geometry":{"coordinates":[-86.8658471,35.9225516],"type":"Point"},"id":"20eb6d79-0b81-4888-8985-ac1e90fe86ba","properties":{"id":"20eb6d79-0b81-4888-8985-ac1e90fe86ba","sources":[{"dataset":"OpenStreetMap","license":"ODbL-1.0","property":"","provider":"osm","record_id":"n7229618261@2","resource":"planet","update_time":"2024-04-15T14:00:18Z","version":"2026-09-09"}],"version":1},"type":"Feature"},{"geometry":{"coordinates":[-86.8658227,35.922519],"type":"Point"},"id":"3164a05c-fc96-419b-9e54-ce01ce99f232","properties":{"id":"3164a05c-fc96-419b-9e54-ce01ce99f232","sources":[{"dataset":"OpenStreetMap","license":"ODbL-1.0","property":"","provider":"osm","record_id":"n13700495740@1","resource":"planet","update_time":"2026-04-02T05:42:25Z","version":"2026-09-09"}],"version":1},"type":"Feature"},{"geometry":{"coordinates":[-86.8656352,35.9222686],"type":"Point"},"id":"316b9d8b-f52e-4070-ac74-8ca050ea9885","properties":{"id":"316b9d8b-f52e-4070-ac74-8ca050ea9885","sources":[{"dataset":"OpenStreetMap","license":"ODbL-1.0","property":"","provider":"osm","record_id":"n7229618262@1","resource":"planet","update_time":"2020-02-20T07:03:44Z","version":"2026-09-09"}],"version":1},"type":"Feature"},{"geometry":{"coordinates":[-86.8650534,35.9223903],"type":"Point"},"id":"235824a2-50c2-4cf3-a4a0-bc40c76407eb","properties":{"id":"235824a2-50c2-4cf3-a4a0-bc40c76407eb","sources":[{"dataset":"OpenStreetMap","license":"ODbL-1.0","property":"","provider":"osm","record_id":"n7934473556@1","resource":"planet","update_time":"2020-09-23T12:25:02Z","version":"2026-09-09"}],"version":1},"type":"Feature"},{"geometry":{"coordinates":[-86.8653634,35.9227431],"type":"Point"},"id":"9ba6eeb5-d2c2-46a0-9487-440e03fbdfce","properties":{"id":"9ba6eeb5-d2c2-46a0-9487-440e03fbdfce","sources":[{"dataset":"OpenStreetMap","license":"ODbL-1.0","property":"","provider":"osm","resource":"planet","version":"2026-09-09"}],"version":1},"type":"Feature"},{"geometry":{"coordinates":[-86.8649023,35.9226844],"type":"Point"},"id":"0aad67ae-9d3a-4520-9db9-54da011e1710","properties":{"id":"0aad67ae-9d3a-4520-9db9-54da011e1710","sources":[{"dataset":"OpenStreetMap","license":"ODbL-1.0","property":"","provider":"osm","record_id":"n7934473550@1","resource":"planet","update_time":"2020-09-23T12:25:02Z","version":"2026-09-09"}],"version":1},"type":"Feature"},{"geometry":{"coordinates":[-86.8651723,35.9228931],"type":"Point"},"id":"535abb1f-02c3-4df1-ace4-dd4fd9252e43","properties":{"id":"535abb1f-02c3-4df1-ace4-dd4fd9252e43","sources":[{"dataset":"OpenStreetMap","license":"ODbL-1.0","property":"","provider":"osm","record_id":"n7934473547@2","resource":"planet","update_time":"2024-04-15T14:00:18Z","version":"2026-09-09"}],"version":1},"type":"Feature"},{"geometry":{"coordinates":[-86.8651706,35.9228321],"type":"Point"},"id":"66302f68-17f7-41ae-a284-df40357eb7ce","properties":{"id":"66302f68-17f7-41ae-a284-df40357eb7ce","sources":[{"dataset":"OpenStreetMap","license":"ODbL-1.0","property":"","provider":"osm","record_id":"n12697445708@1","resource":"planet","update_time":"2025-03-24T20:38:00Z","version":"2026-09-09"}],"version":1},"type":"Feature"},{"geometry":{"coordinates":[-86.8653462,35.9228571],"type":"Point"},"id":"d87d926a-4caa-4049-9904-3937808e604f","properties":{"id":"d87d926a-4caa-4049-9904-3937808e604f","sources":[{"dataset":"OpenStreetMap","license":"ODbL-1.0","property":"","provider":"osm","record_id":"n12697445710@1","resource":"planet","update_time":"2025-03-24T20:38:00Z","version":"2026-09-09"}],"version":1},"type":"Feature"},{"geometry":{"coordinates":[-86.8654193,35.9228255],"type":"Point"},"id":"0cdaf8b6-33e0-4bc2-b094-8727acf48e7c","properties":{"id":"0cdaf8b6-33e0-4bc2-b094-8727acf48e7c","sources":[{"dataset":"OpenStreetMap","license":"ODbL-1.0","property":"","provider":"osm","record_id":"n13700495739@1","resource":"planet","update_time":"2026-04-02T05:42:25Z","version":"2026-09-09"}],"version":1},"type":"Feature"},{"geometry":{"coordinates":[-86.8653912,35.9227852],"type":"Point"},"id":"1694ef7b-5a57-460d-ac83-f873b480a0d6","properties":{"id":"1694ef7b-5a57-460d-ac83-f873b480a0d6","sources":[{"dataset":"OpenStreetMap","license":"ODbL-1.0","property":"","provider":"osm","record_id":"n205272050@5","resource":"planet","update_time":"2024-04-15T14:00:18Z","version":"2026-09-09"}],"version":1},"type":"Feature"},{"geometry":{"coordinates":[-86.8672652,35.9228822],"type":"Point"},"id":"a54a20e8-28df-4a5f-bbaf-ae13fb0da07f","properties":{"id":"a54a20e8-28df-4a5f-bbaf-ae13fb0da07f","sources":[{"dataset":"OpenStreetMap","license":"ODbL-1.0","property":"","provider":"osm","record_id":"n12697420134@1","resource":"planet","update_time":"2025-03-24T20:28:27Z","version":"2026-09-09"}],"version":1},"type":"Feature"},{"geometry":{"coordinates":[-86.8671886,35.9229211],"type":"Point"},"id":"bfea4f9c-aefb-4495-9207-cdbf1a0ba06a","properties":{"id":"bfea4f9c-aefb-4495-9207-cdbf1a0ba06a","sources":[{"dataset":"OpenStreetMap","license":"ODbL-1.0","property":"","provider":"osm","record_id":"n12697420135@1","resource":"planet","update_time":"2025-03-24T20:28:27Z","version":"2026-09-09"}],"version":1},"type":"Feature"},{"geometry":{"coordinates":[-86.8670353,35.9229881],"type":"Point"},"id":"14166dcf-4fd8-40e6-863b-3e5e8ca7aea9","properties":{"id":"14166dcf-4fd8-40e6-863b-3e5e8ca7aea9","sources":[{"dataset":"OpenStreetMap","license":"ODbL-1.0","property":"","provider":"osm","record_id":"n12697420136@1","resource":"planet","update_time":"2025-03-24T20:28:27Z","version":"2026-09-09"}],"version":1},"type":"Feature"},{"geometry":{"coordinates":[-86.8672283,35.9231902],"type":"Point"},"id":"c1485f11-012a-4516-a3db-93cc65ecf69f","properties":{"id":"c1485f11-012a-4516-a3db-93cc65ecf69f","sources":[{"dataset":"OpenStreetMap","license":"ODbL-1.0","property":"","provider":"osm","record_id":"n11818762966@1","resource":"planet","update_time":"2024-04-15T14:00:18Z","version":"2026-09-09"}],"version":1},"type":"Feature"},{"geometry":{"coordinates":[-86.8648842,35.9230268],"type":"Point"},"id":"3b888eaa-5177-44fe-ab85-76334e62d0ba","properties":{"id":"3b888eaa-5177-44fe-ab85-76334e62d0ba","sources":[{"dataset":"OpenStreetMap","license":"ODbL-1.0","property":"","provider":"osm","record_id":"n7934473555@2","resource":"planet","update_time":"2024-04-15T14:00:18Z","version":"2026-09-09"}],"version":1},"type":"Feature"},{"geometry":{"coordinates":[-86.8646793,35.9231211],"type":"Point"},"id":"65d068ba-89c7-464b-8764-7aead508390b","properties":{"id":"65d068ba-89c7-464b-8764-7aead508390b","sources":[{"dataset":"OpenStreetMap","license":"ODbL-1.0","property":"","provider":"osm","record_id":"n6687896474@3","resource":"planet","update_time":"2024-04-15T14:00:18Z","version":"2026-09-09"}],"version":1},"type":"Feature"},{"geometry":{"coordinates":[-86.8647038,35.9231547],"type":"Point"},"id":"d6189f82-fc0c-4175-988f-3c3f4b68a4d8","properties":{"id":"d6189f82-fc0c-4175-988f-3c3f4b68a4d8","sources":[{"dataset":"OpenStreetMap","license":"ODbL-1.0","property":"","provider":"osm","record_id":"n13700495741@1","resource":"planet","update_time":"2026-04-02T05:42:25Z","version":"2026-09-09"}],"version":1},"type":"Feature"},{"geometry":{"coordinates":[-86.8642578,35.9231416],"type":"Point"},"id":"a24b3a64-4020-417d-b9cd-e3d60f3afbbc","properties":{"id":"a24b3a64-4020-417d-b9cd-e3d60f3afbbc","sources":[{"dataset":"OpenStreetMap","license":"ODbL-1.0","property":"","provider":"osm","record_id":"n13923969151@1","resource":"planet","update_time":"2026-06-09T18:54:37Z","version":"2026-09-09"}],"version":1},"type":"Feature"},{"geometry":{"coordinates":[-86.8643073,35.923161],"type":"Point"},"id":"ca2b8731-1909-426b-834e-261fff8a8c82","properties":{"id":"ca2b8731-1909-426b-834e-261fff8a8c82","sources":[{"dataset":"OpenStreetMap","license":"ODbL-1.0","property":"","provider":"osm","record_id":"n10218740215@1","resource":"planet","update_time":"2022-11-25T22:31:32Z","version":"2026-09-09"}],"version":1},"type":"Feature"},{"geometry":{"coordinates":[-86.8656603,35.9231717],"type":"Point"},"id":"0defa32e-b30f-4468-8187-cfb70b6ad358","properties":{"id":"0defa32e-b30f-4468-8187-cfb70b6ad358","sources":[{"dataset":"OpenStreetMap","license":"ODbL-1.0","property":"","provider":"osm","record_id":"n6687896472@1","resource":"planet","update_time":"2019-08-06T12:32:53Z","version":"2026-09-09"}],"version":1},"type":"Feature"},{"geometry":{"coordinates":[-86.8655891,35.9232024],"type":"Point"},"id":"182d0a74-4a70-406d-be63-7f257159a0af","properties":{"id":"182d0a74-4a70-406d-be63-7f257159a0af","sources":[{"dataset":"OpenStreetMap","license":"ODbL-1.0","property":"","provider":"osm","record_id":"n13050565979@1","resource":"planet","update_time":"2025-08-05T18:00:22Z","version":"2026-09-09"}],"version":1},"type":"Feature"},{"geometry":{"coordinates":[-86.8642864,35.9234677],"type":"Point"},"id":"3f9fa886-80ac-48e3-8827-4519477d0643","properties":{"id":"3f9fa886-80ac-48e3-8827-4519477d0643","sources":[{"dataset":"OpenStreetMap","license":"ODbL-1.0","property":"","provider":"osm","record_id":"n13923969146@1","resource":"planet","update_time":"2026-06-09T18:54:37Z","version":"2026-09-09"}],"version":1},"type":"Feature"},{"geometry":{"coordinates":[-86.8642692,35.9235074],"type":"Point"},"id":"2331454d-795b-49c2-a019-b182e00a00ce","properties":{"id":"2331454d-795b-49c2-a019-b182e00a00ce","sources":[{"dataset":"OpenStreetMap","license":"ODbL-1.0","property":"","provider":"osm","record_id":"n204100094@6","resource":"planet","update_time":"2024-04-15T14:00:18Z","version":"2026-09-09"}],"version":1},"type":"Feature"},{"geometry":{"coordinates":[-86.8643333,35.9235258],"type":"Point"},"id":"3a1e5ff7-5cd7-436c-af28-28ebd2dd5961","properties":{"id":"3a1e5ff7-5cd7-436c-af28-28ebd2dd5961","sources":[{"dataset":"OpenStreetMap","license":"ODbL-1.0","property":"","provider":"osm","record_id":"n3524039864@1","resource":"planet","update_time":"2015-05-17T18:21:18Z","version":"2026-09-09"}],"version":1},"type":"Feature"},{"geometry":{"coordinates":[-86.8671218,35.9233085],"type":"Point"},"id":"18354750-a5d2-4364-b930-dec5b67a6cdd","properties":{"id":"18354750-a5d2-4364-b930-dec5b67a6cdd","sources":[{"dataset":"OpenStreetMap","license":"ODbL-1.0","property":"","provider":"osm","record_id":"n12697420129@1","resource":"planet","update_time":"2025-03-24T20:28:27Z","version":"2026-09-09"}],"version":1},"type":"Feature"},{"geometry":{"coordinates":[-86.8679133,35.9236118],"type":"Point"},"id":"6e727162-3f68-4d21-9b31-c957289a8490","properties":{"id":"6e727162-3f68-4d21-9b31-c957289a8490","sources":[{"dataset":"OpenStreetMap","license":"ODbL-1.0","property":"","provider":"osm","record_id":"n11838374667@2","resource":"planet","update_time":"2026-04-01T09:11:08Z","version":"2026-09-09"}],"version":1},"type":"Feature"},{"geometry":{"coordinates":[-86.8678896,35.9235776],"type":"Point"},"id":"c23dd0c4-bbbe-4d02-a37f-494455e98fad","properties":{"id":"c23dd0c4-bbbe-4d02-a37f-494455e98fad","sources":[{"dataset":"OpenStreetMap","license":"ODbL-1.0","property":"","provider":"osm","record_id":"n11838374666@1","resource":"planet","update_time":"2024-04-22T17:18:50Z","version":"2026-09-09"}],"version":1},"type":"Feature"},{"geometry":{"coordinates":[-86.8677869,35.9236229],"type":"Point"},"id":"489b6b2e-a9b8-4a2f-95ff-884a17c76836","properties":{"id":"489b6b2e-a9b8-4a2f-95ff-884a17c76836","sources":[{"dataset":"OpenStreetMap","license":"ODbL-1.0","property":"","provider":"osm","record_id":"n11838374665@2","resource":"planet","update_time":"2026-04-01T09:11:08Z","version":"2026-09-09"}],"version":1},"type":"Feature"},{"geometry":{"coordinates":[-86.8677229,35.9236495],"type":"Point"},"id":"283d9699-18c6-4368-9609-7fe86b34e61a","properties":{"id":"283d9699-18c6-4368-9609-7fe86b34e61a","sources":[{"dataset":"OpenStreetMap","license":"ODbL-1.0","property":"","provider":"osm","record_id":"n11838374664@1","resource":"planet","update_time":"2024-04-22T17:18:50Z","version":"2026-09-09"}],"version":1},"type":"Feature"},{"geometry":{"coordinates":[-86.8678124,35.9236595],"type":"Point"},"id":"a0b82ceb-c293-4d19-ab3a-925e8bc00d3e","properties":{"id":"a0b82ceb-c293-4d19-ab3a-925e8bc00d3e","sources":[{"dataset":"OpenStreetMap","license":"ODbL-1.0","property":"","provider":"osm","record_id":"n204123240@6","resource":"planet","update_time":"2024-04-22T17:18:50Z","version":"2026-09-09"}],"version":1},"type":"Feature"},{"geometry":{"coordinates":[-86.8686945,35.9236548],"type":"Point"},"id":"090b9028-8159-45c4-96a8-0e1dd39b076d","properties":{"id":"090b9028-8159-45c4-96a8-0e1dd39b076d","sources":[{"dataset":"OpenStreetMap","license":"ODbL-1.0","property":"","provider":"osm","record_id":"n5436117006@2","resource":"planet","update_time":"2023-01-23T16:51:54Z","version":"2026-09-09"}],"version":1},"type":"Feature"},{"geometry":{"coordinates":[-86.8686319,35.9235685],"type":"Point"},"id":"c115d154-7e3c-4a0e-ada0-577a1ba3ecd5","properties":{"id":"c115d154-7e3c-4a0e-ada0-577a1ba3ecd5","sources":[{"dataset":"OpenStreetMap","license":"ODbL-1.0","property":"","provider":"osm","record_id":"n5436117003@3","resource":"planet","update_time":"2023-01-23T16:51:54Z","version":"2026-09-09"}],"version":1},"type":"Feature"},{"geometry":{"coordinates":[-86.8684953,35.9233903],"type":"Point"},"id":"68d8b649-d63c-4cf8-9cbd-789b9b03e630","properties":{"id":"68d8b649-d63c-4cf8-9cbd-789b9b03e630","sources":[{"dataset":"OpenStreetMap","license":"ODbL-1.0","property":"","provider":"osm","record_id":"n13698052835@1","resource":"planet","update_time":"2026-04-01T10:20:45Z","version":"2026-09-09"}],"version":1},"type":"Feature"},{"geometry":{"coordinates":[-86.8684653,35.9233511],"type":"Point"},"id":"1649e7a2-93b8-4589-b787-5d32e6386a8d","properties":{"id":"1649e7a2-93b8-4589-b787-5d32e6386a8d","sources":[{"dataset":"OpenStreetMap","license":"ODbL-1.0","property":"","provider":"osm","record_id":"n5436117005@1","resource":"planet","update_time":"2018-02-25T21:27:11Z","version":"2026-09-09"}],"version":1},"type":"Feature"},{"geometry":{"coordinates":[-86.867699,35.9233061],"type":"Point"},"id":"50ffc2ca-7348-4e2b-bd0a-ab6a5d12f694","properties":{"id":"50ffc2ca-7348-4e2b-bd0a-ab6a5d12f694","sources":[{"dataset":"OpenStreetMap","license":"ODbL-1.0","property":"","provider":"osm","record_id":"n12697420124@1","resource":"planet","update_time":"2025-03-24T20:28:27Z","version":"2026-09-09"}],"version":1},"type":"Feature"},{"geometry":{"coordinates":[-86.8676006,35.9233562],"type":"Point"},"id":"3011c031-0b4e-4395-8666-8fa725adaf3d","properties":{"id":"3011c031-0b4e-4395-8666-8fa725adaf3d","sources":[{"dataset":"OpenStreetMap","license":"ODbL-1.0","property":"","provider":"osm","record_id":"n6687896470@1","resource":"planet","update_time":"2019-08-06T12:32:53Z","version":"2026-09-09"}],"version":1},"type":"Feature"},{"geometry":{"coordinates":[-86.8673759,35.9231917],"type":"Point"},"id":"000eb6ed-4e0f-4787-b2bb-4f5869a27a5b","properties":{"id":"000eb6ed-4e0f-4787-b2bb-4f5869a27a5b","sources":[{"dataset":"OpenStreetMap","license":"ODbL-1.0","property":"","provider":"osm","record_id":"n12697420130@1","resource":"planet","update_time":"2025-03-24T20:28:27Z","version":"2026-09-09"}],"version":1},"type":"Feature"},{"geometry":{"coordinates":[-86.8674532,35.9231545],"type":"Point"},"id":"f3cafdb5-cbcc-4130-9c5d-9f0a41ab9120","properties":{"id":"f3cafdb5-cbcc-4130-9c5d-9f0a41ab9120","sources":[{"dataset":"OpenStreetMap","license":"ODbL-1.0","property":"","provider":"osm","record_id":"n12697420131@1","resource":"planet","update_time":"2025-03-24T20:28:27Z","version":"2026-09-09"}],"version":1},"type":"Feature"},{"geometry":{"coordinates":[-86.8673402,35.9231415],"type":"Point"},"id":"e3100257-c1a2-4fbc-b7fd-06fdff89a17b","properties":{"id":"e3100257-c1a2-4fbc-b7fd-06fdff89a17b","sources":[{"dataset":"OpenStreetMap","license":"ODbL-1.0","property":"","provider":"osm","record_id":"n12697420132@1","resource":"planet","update_time":"2025-03-24T20:28:27Z","version":"2026-09-09"}],"version":1},"type":"Feature"},{"geometry":{"coordinates":[-86.8674165,35.9231043],"type":"Point"},"id":"9f9cf40d-ab12-45a2-822c-c5f848468005","properties":{"id":"9f9cf40d-ab12-45a2-822c-c5f848468005","sources":[{"dataset":"OpenStreetMap","license":"ODbL-1.0","property":"","provider":"osm","record_id":"n12697420133@1","resource":"planet","update_time":"2025-03-24T20:28:27Z","version":"2026-09-09"}],"version":1},"type":"Feature"},{"geometry":{"coordinates":[-86.8691305,35.9231129],"type":"Point"},"id":"ed43cfda-6414-433f-9f15-77c06bd1298c","properties":{"id":"ed43cfda-6414-433f-9f15-77c06bd1298c","sources":[{"dataset":"OpenStreetMap","license":"ODbL-1.0","property":"","provider":"osm","record_id":"n12697445728@1","resource":"planet","update_time":"2025-03-24T20:38:00Z","version":"2026-09-09"}],"version":1},"type":"Feature"},{"geometry":{"coordinates":[-86.8690841,35.9230658],"type":"Point"},"id":"84474983-0ad0-44e2-a57a-0a8f5ea9c402","properties":{"id":"84474983-0ad0-44e2-a57a-0a8f5ea9c402","sources":[{"dataset":"OpenStreetMap","license":"ODbL-1.0","property":"","provider":"osm","record_id":"n13017410548@1","resource":"planet","update_time":"2025-07-22T14:35:14Z","version":"2026-09-09"}],"version":1},"type":"Feature"},{"geometry":{"coordinates":[-86.8691231,35.9229568],"type":"Point"},"id":"c5759fc1-b3e9-4a1d-b090-6f430a1ab97d","properties":{"id":"c5759fc1-b3e9-4a1d-b090-6f430a1ab97d","sources":[{"dataset":"OpenStreetMap","license":"ODbL-1.0","property":"","provider":"osm","record_id":"n13017410549@1","resource":"planet","update_time":"2025-07-22T14:35:14Z","version":"2026-09-09"}],"version":1},"type":"Feature"},{"geometry":{"coordinates":[-86.8690215,35.9230023],"type":"Point"},"id":"b3256be0-0aaf-4c84-82c6-06503fd69d6c","properties":{"id":"b3256be0-0aaf-4c84-82c6-06503fd69d6c","sources":[{"dataset":"OpenStreetMap","license":"ODbL-1.0","property":"","provider":"osm","record_id":"n12697445729@1","resource":"planet","update_time":"2025-03-24T20:38:00Z","version":"2026-09-09"}],"version":1},"type":"Feature"},{"geometry":{"coordinates":[-86.8691724,35.9230251],"type":"Point"},"id":"80738320-946d-44ec-a590-16a34f7ffb0a","properties":{"id":"80738320-946d-44ec-a590-16a34f7ffb0a","sources":[{"dataset":"OpenStreetMap","license":"ODbL-1.0","property":"","provider":"osm","record_id":"n204123235@4","resource":"planet","update_time":"2013-12-03T00:52:37Z","version":"2026-09-09"}],"version":1},"type":"Feature"},{"geometry":{"coordinates":[-86.8692736,35.9229798],"type":"Point"},"id":"1f840931-65b1-45b7-beaa-e1a2a1dfd49a","properties":{"id":"1f840931-65b1-45b7-beaa-e1a2a1dfd49a","sources":[{"dataset":"OpenStreetMap","license":"ODbL-1.0","property":"","provider":"osm","record_id":"n13017410547@1","resource":"planet","update_time":"2025-07-22T14:35:14Z","version":"2026-09-09"}],"version":1},"type":"Feature"},{"geometry":{"coordinates":[-86.869206,35.9230726],"type":"Point"},"id":"00ae0848-0dc5-478c-a69d-7b35ab1d7b51","properties":{"id":"00ae0848-0dc5-478c-a69d-7b35ab1d7b51","sources":[{"dataset":"OpenStreetMap","license":"ODbL-1.0","property":"","provider":"osm","record_id":"n13017410550@1","resource":"planet","update_time":"2025-07-22T14:35:14Z","version":"2026-09-09"}],"version":1},"type":"Feature"},{"geometry":{"coordinates":[-86.8700016,35.9229779],"type":"Point"},"id":"74872ca8-9cde-4846-a3f6-15e363da588a","properties":{"id":"74872ca8-9cde-4846-a3f6-15e363da588a","sources":[{"dataset":"OpenStreetMap","license":"ODbL-1.0","property":"","provider":"osm","resource":"planet","version":"2026-09-09"}],"version":2},"type":"Feature"},{"geometry":{"coordinates":[-86.8700969,35.9231362],"type":"Point"},"id":"3b156876-bef9-4f6d-9275-370b35c0936a","properties":{"id":"3b156876-bef9-4f6d-9275-370b35c0936a","sources":[{"dataset":"OpenStreetMap","license":"ODbL-1.0","property":"","provider":"osm","record_id":"n6687210970@1","resource":"planet","update_time":"2019-08-06T08:34:52Z","version":"2026-09-09"}],"version":1},"type":"Feature"},{"geometry":{"coordinates":[-86.8693837,35.9233242],"type":"Point"},"id":"3fc1a0e8-168f-4bdf-bd7e-8800f974231f","properties":{"id":"3fc1a0e8-168f-4bdf-bd7e-8800f974231f","sources":[{"dataset":"OpenStreetMap","license":"ODbL-1.0","property":"","provider":"osm","record_id":"n5436117008@1","resource":"planet","update_time":"2018-02-25T21:27:11Z","version":"2026-09-09"}],"version":1},"type":"Feature"},{"geometry":{"coordinates":[-86.8689148,35.9234398],"type":"Point"},"id":"760ae47c-aeb8-446e-ab5b-525e94b42742","properties":{"id":"760ae47c-aeb8-446e-ab5b-525e94b42742","sources":[{"dataset":"OpenStreetMap","license":"ODbL-1.0","property":"","provider":"osm","record_id":"n5436117001@2","resource":"planet","update_time":"2023-01-23T16:51:54Z","version":"2026-09-09"}],"version":1},"type":"Feature"},{"geometry":{"coordinates":[-86.8694708,35.9234475],"type":"Point"},"id":"3c1e78be-f0b7-4197-a85b-6849e868d685","properties":{"id":"3c1e78be-f0b7-4197-a85b-6849e868d685","sources":[{"dataset":"OpenStreetMap","license":"ODbL-1.0","property":"","provider":"osm","record_id":"n6687210972@1","resource":"planet","update_time":"2019-08-06T08:34:52Z","version":"2026-09-09"}],"version":1},"type":"Feature"},{"geometry":{"coordinates":[-86.868977,35.9235183],"type":"Point"},"id":"a053f87f-1512-4b0a-9d3b-ab858059280a","properties":{"id":"a053f87f-1512-4b0a-9d3b-ab858059280a","sources":[{"dataset":"OpenStreetMap","license":"ODbL-1.0","property":"","provider":"osm","record_id":"n5436117007@1","resource":"planet","update_time":"2018-02-25T21:27:11Z","version":"2026-09-09"}],"version":1},"type":"Feature"},{"geometry":{"coordinates":[-86.8690145,35.9235661],"type":"Point"},"id":"97922bca-a254-477e-96da-5526ca661ab8","properties":{"id":"97922bca-a254-477e-96da-5526ca661ab8","sources":[{"dataset":"OpenStreetMap","license":"ODbL-1.0","property":"","provider":"osm","record_id":"n5436117000@1","resource":"planet","update_time":"2018-02-25T21:27:11Z","version":"2026-09-09"}],"version":1},"type":"Feature"},{"geometry":{"coordinates":[-86.8703203,35.9235064],"type":"Point"},"id":"1ce04c77-8007-4019-abd6-394613f70274","properties":{"id":"1ce04c77-8007-4019-abd6-394613f70274","sources":[{"dataset":"OpenStreetMap","license":"ODbL-1.0","property":"","provider":"osm","record_id":"n6687210975@1","resource":"planet","update_time":"2019-08-06T08:34:52Z","version":"2026-09-09"}],"version":1},"type":"Feature"},{"geometry":{"coordinates":[-86.8702918,35.9235193],"type":"Point"},"id":"ec06cb9a-29bc-4e0c-9640-269f0de6a467","properties":{"id":"ec06cb9a-29bc-4e0c-9640-269f0de6a467","sources":[{"dataset":"OpenStreetMap","license":"ODbL-1.0","property":"","provider":"osm","record_id":"n3682803711@1","resource":"planet","update_time":"2015-08-05T18:32:20Z","version":"2026-09-09"}],"version":1},"type":"Feature"},{"geometry":{"coordinates":[-86.8701295,35.9235929],"type":"Point"},"id":"ff79c2fb-63df-4de9-9d9b-7c23212ef9e4","properties":{"id":"ff79c2fb-63df-4de9-9d9b-7c23212ef9e4","sources":[{"dataset":"OpenStreetMap","license":"ODbL-1.0","property":"","provider":"osm","record_id":"n3682803709@1","resource":"planet","update_time":"2015-08-05T18:32:20Z","version":"2026-09-09"}],"version":1},"type":"Feature"},{"geometry":{"coordinates":[-86.8697079,35.9237832],"type":"Point"},"id":"9468baf8-d72d-49e9-b715-3768894032d6","properties":{"id":"9468baf8-d72d-49e9-b715-3768894032d6","sources":[{"dataset":"OpenStreetMap","license":"ODbL-1.0","property":"","provider":"osm","record_id":"n3682803708@2","resource":"planet","update_time":"2018-02-25T21:27:13Z","version":"2026-09-09"}],"version":1},"type":"Feature"},{"geometry":{"coordinates":[-86.8703443,35.9239042],"type":"Point"},"id":"bb29e84b-9dcc-43a2-a595-557571d33fbb","properties":{"id":"bb29e84b-9dcc-43a2-a595-557571d33fbb","sources":[{"dataset":"OpenStreetMap","license":"ODbL-1.0","property":"","provider":"osm","record_id":"n3682803710@1","resource":"planet","update_time":"2015-08-05T18:32:20Z","version":"2026-09-09"}],"version":1},"type":"Feature"},{"geometry":{"coordinates":[-86.8698032,35.9239158],"type":"Point"},"id":"28fa082d-da23-4c97-9cd9-7383d487e177","properties":{"id":"28fa082d-da23-4c97-9cd9-7383d487e177","sources":[{"dataset":"OpenStreetMap","license":"ODbL-1.0","property":"","provider":"osm","resource":"planet","version":"2026-09-09"}],"version":2},"type":"Feature"},{"geometry":{"coordinates":[-86.8694974,35.9239929],"type":"Point"},"id":"b9edfa25-a530-4057-870e-182f65e0f947","properties":{"id":"b9edfa25-a530-4057-870e-182f65e0f947","sources":[{"dataset":"OpenStreetMap","license":"ODbL-1.0","property":"","provider":"osm","resource":"planet","version":"2026-09-09"}],"version":2},"type":"Feature"},{"geometry":{"coordinates":[-86.868761,35.9237518],"type":"Point"},"id":"d1ed988c-10b0-418e-b90d-2578a5e4ceff","properties":{"id":"d1ed988c-10b0-418e-b90d-2578a5e4ceff","sources":[{"dataset":"OpenStreetMap","license":"ODbL-1.0","property":"","provider":"osm","record_id":"n5436117004@1","resource":"planet","update_time":"2018-02-25T21:27:11Z","version":"2026-09-09"}],"version":1},"type":"Feature"},{"geometry":{"coordinates":[-86.8679535,35.923672],"type":"Point"},"id":"465e2905-e641-4074-b80a-3664cb8ad10d","properties":{"id":"465e2905-e641-4074-b80a-3664cb8ad10d","sources":[{"dataset":"OpenStreetMap","license":"ODbL-1.0","property":"","provider":"osm","record_id":"n11838374668@1","resource":"planet","update_time":"2024-04-22T17:18:50Z","version":"2026-09-09"}],"version":1},"type":"Feature"},{"geometry":{"coordinates":[-86.8678553,35.9237177],"type":"Point"},"id":"cb5aadf9-4f25-4869-bdaa-b4bc9ae8d577","properties":{"id":"cb5aadf9-4f25-4869-bdaa-b4bc9ae8d577","sources":[{"dataset":"OpenStreetMap","license":"ODbL-1.0","property":"","provider":"osm","record_id":"n11838379769@2","resource":"planet","update_time":"2026-04-01T09:11:08Z","version":"2026-09-09"}],"version":1},"type":"Feature"},{"geometry":{"coordinates":[-86.8677984,35.9237455],"type":"Point"},"id":"2229a2ab-fb4f-4db4-90d0-953de1e14729","properties":{"id":"2229a2ab-fb4f-4db4-90d0-953de1e14729","sources":[{"dataset":"OpenStreetMap","license":"ODbL-1.0","property":"","provider":"osm","record_id":"n12697420112@1","resource":"planet","update_time":"2025-03-24T20:28:27Z","version":"2026-09-09"}],"version":1},"type":"Feature"},{"geometry":{"coordinates":[-86.8677908,35.9237492],"type":"Point"},"id":"8cf85272-e6d3-4fe3-a20a-4706f61cbd9c","properties":{"id":"8cf85272-e6d3-4fe3-a20a-4706f61cbd9c","sources":[{"dataset":"OpenStreetMap","license":"ODbL-1.0","property":"","provider":"osm","record_id":"n11838374662@1","resource":"planet","update_time":"2024-04-22T17:18:50Z","version":"2026-09-09"}],"version":1},"type":"Feature"},{"geometry":{"coordinates":[-86.8677503,35.9236898],"type":"Point"},"id":"b395e12a-2e51-4894-b094-d8156ab03cef","properties":{"id":"b395e12a-2e51-4894-b094-d8156ab03cef","sources":[{"dataset":"OpenStreetMap","license":"ODbL-1.0","property":"","provider":"osm","record_id":"n11838374663@2","resource":"planet","update_time":"2026-04-01T09:11:08Z","version":"2026-09-09"}],"version":1},"type":"Feature"},{"geometry":{"coordinates":[-86.8676433,35.9237421],"type":"Point"},"id":"c571cdd9-b1d0-4653-b305-a813b56a2d9d","properties":{"id":"c571cdd9-b1d0-4653-b305-a813b56a2d9d","sources":[{"dataset":"OpenStreetMap","license":"ODbL-1.0","property":"","provider":"osm","record_id":"n6687210977@1","resource":"planet","update_time":"2019-08-06T08:34:52Z","version":"2026-09-09"}],"version":1},"type":"Feature"},{"geometry":{"coordinates":[-86.8695349,35.9240429],"type":"Point"},"id":"169d09ff-b3df-4c09-89f3-994e53dbce32","properties":{"id":"169d09ff-b3df-4c09-89f3-994e53dbce32","sources":[{"dataset":"OpenStreetMap","license":"ODbL-1.0","property":"","provider":"osm","resource":"planet","version":"2026-09-09"}],"version":2},"type":"Feature"},{"geometry":{"coordinates":[-86.8699989,35.924188],"type":"Point"},"id":"6d7f953e-6833-48b1-b168-29557bf36c63","properties":{"id":"6d7f953e-6833-48b1-b168-29557bf36c63","sources":[{"dataset":"OpenStreetMap","license":"ODbL-1.0","property":"","provider":"osm","record_id":"n2562311613@2","resource":"planet","update_time":"2018-02-26T21:50:12Z","version":"2026-09-09"}],"version":1},"type":"Feature"},{"geometry":{"coordinates":[-86.8703178,35.9244615],"type":"Point"},"id":"1ddaed74-5730-4f72-b98a-9bb2fc7330cd","properties":{"id":"1ddaed74-5730-4f72-b98a-9bb2fc7330cd","sources":[{"dataset":"OpenStreetMap","license":"ODbL-1.0","property":"","provider":"osm","record_id":"n11860306649@1","resource":"planet","update_time":"2024-04-27T17:04:10Z","version":"2026-09-09"}],"version":1},"type":"Feature"},{"geometry":{"coordinates":[-86.8702236,35.9245064],"type":"Point"},"id":"bd450eee-af22-4e9c-a12f-0f3eee2ffd14","properties":{"id":"bd450eee-af22-4e9c-a12f-0f3eee2ffd14","sources":[{"dataset":"OpenStreetMap","license":"ODbL-1.0","property":"","provider":"osm","record_id":"n11860306648@3","resource":"planet","update_time":"2026-04-01T10:15:46Z","version":"2026-09-09"}],"version":1},"type":"Feature"},{"geometry":{"coordinates":[-86.8701525,35.9245426],"type":"Point"},"id":"ddcbaa7d-d05e-44f7-ae6d-f4cf3c97a7b1","properties":{"id":"ddcbaa7d-d05e-44f7-ae6d-f4cf3c97a7b1","sources":[{"dataset":"OpenStreetMap","license":"ODbL-1.0","property":"","provider":"osm","record_id":"n11860306647@1","resource":"planet","update_time":"2024-04-27T17:04:10Z","version":"2026-09-09"}],"version":1},"type":"Feature"},{"geometry":{"coordinates":[-86.8691811,35.9245713],"type":"Point"},"id":"6b5403f0-4ec8-4356-9906-1e115100d797","properties":{"id":"6b5403f0-4ec8-4356-9906-1e115100d797","sources":[{"dataset":"OpenStreetMap","license":"ODbL-1.0","property":"","provider":"osm","record_id":"n2562311619@2","resource":"planet","update_time":"2018-02-26T21:50:12Z","version":"2026-09-09"}],"version":1},"type":"Feature"},{"geometry":{"coordinates":[-86.8690641,35.9247019],"type":"Point"},"id":"56542ae6-1ba2-45c8-8ade-152fbe0d29a7","properties":{"id":"56542ae6-1ba2-45c8-8ade-152fbe0d29a7","sources":[{"dataset":"OpenStreetMap","license":"ODbL-1.0","property":"","provider":"osm","record_id":"n2562311621@2","resource":"planet","update_time":"2018-02-25T21:27:13Z","version":"2026-09-09"}],"version":1},"type":"Feature"},{"geometry":{"coordinates":[-86.8702629,35.9245715],"type":"Point"},"id":"89fe3ade-4021-42ef-9f92-03a75745910d","properties":{"id":"89fe3ade-4021-42ef-9f92-03a75745910d","sources":[{"dataset":"OpenStreetMap","license":"ODbL-1.0","property":"","provider":"osm","record_id":"n204135215@6","resource":"planet","update_time":"2024-08-05T14:31:56Z","version":"2026-09-09"}],"version":1},"type":"Feature"},{"geometry":{"coordinates":[-86.8701967,35.9246028],"type":"Point"},"id":"beb22861-ea77-48d0-af61-cb88e104638c","properties":{"id":"beb22861-ea77-48d0-af61-cb88e104638c","sources":[{"dataset":"OpenStreetMap","license":"ODbL-1.0","property":"","provider":"osm","record_id":"n11860306646@3","resource":"planet","update_time":"2026-04-01T10:15:46Z","version":"2026-09-09"}],"version":1},"type":"Feature"},{"geometry":{"coordinates":[-86.8703119,35.9246414],"type":"Point"},"id":"a63276ee-05ff-45a0-8e27-371730b6765a","properties":{"id":"a63276ee-05ff-45a0-8e27-371730b6765a","sources":[{"dataset":"OpenStreetMap","license":"ODbL-1.0","property":"","provider":"osm","record_id":"n11860306644@3","resource":"planet","update_time":"2026-04-01T10:15:46Z","version":"2026-09-09"}],"version":1},"type":"Feature"},{"geometry":{"coordinates":[-86.8702489,35.9246709],"type":"Point"},"id":"7b912afd-6f1f-4b62-b548-931c0466256e","properties":{"id":"7b912afd-6f1f-4b62-b548-931c0466256e","sources":[{"dataset":"OpenStreetMap","license":"ODbL-1.0","property":"","provider":"osm","record_id":"n11860306645@1","resource":"planet","update_time":"2024-04-27T17:04:10Z","version":"2026-09-09"}],"version":1},"type":"Feature"},{"geometry":{"coordinates":[-86.869255,35.9249675],"type":"Point"},"id":"4f8261bc-40f4-47bf-b506-b772985e502d","properties":{"id":"4f8261bc-40f4-47bf-b506-b772985e502d","sources":[{"dataset":"OpenStreetMap","license":"ODbL-1.0","property":"","provider":"osm","record_id":"n13050565984@1","resource":"planet","update_time":"2025-08-05T18:00:22Z","version":"2026-09-09"}],"version":1},"type":"Feature"},{"geometry":{"coordinates":[-86.8693953,35.9250777],"type":"Point"},"id":"6bde5e91-1738-486f-bd9b-58517685f31a","properties":{"id":"6bde5e91-1738-486f-bd9b-58517685f31a","sources":[{"dataset":"OpenStreetMap","license":"ODbL-1.0","property":"","provider":"osm","record_id":"n11860306651@1","resource":"planet","update_time":"2024-04-27T17:04:10Z","version":"2026-09-09"}],"version":1},"type":"Feature"},{"geometry":{"coordinates":[-86.8693232,35.9250627],"type":"Point"},"id":"af67023c-3210-426b-bf39-720c0b6646c2","properties":{"id":"af67023c-3210-426b-bf39-720c0b6646c2","sources":[{"dataset":"OpenStreetMap","license":"ODbL-1.0","property":"","provider":"osm","record_id":"n12697414592@1","resource":"planet","update_time":"2025-03-24T20:28:27Z","version":"2026-09-09"}],"version":1},"type":"Feature"},{"geometry":{"coordinates":[-86.8692968,35.9250256],"type":"Point"},"id":"af32dc5a-4c9b-48d6-960e-aee82b77b051","properties":{"id":"af32dc5a-4c9b-48d6-960e-aee82b77b051","sources":[{"dataset":"OpenStreetMap","license":"ODbL-1.0","property":"","provider":"osm","record_id":"n204138959@8","resource":"planet","update_time":"2026-04-01T10:20:45Z","version":"2026-09-09"}],"version":1},"type":"Feature"},{"geometry":{"coordinates":[-86.8690061,35.925005],"type":"Point"},"id":"dda28d45-d921-4bd4-ba00-ebadc449b982","properties":{"id":"dda28d45-d921-4bd4-ba00-ebadc449b982","sources":[{"dataset":"OpenStreetMap","license":"ODbL-1.0","property":"","provider":"osm","record_id":"n2562311625@4","resource":"planet","update_time":"2019-05-17T10:01:27Z","version":"2026-09-09"}],"version":1},"type":"Feature"},{"geometry":{"coordinates":[-86.8690507,35.9250197],"type":"Point"},"id":"13ea79e6-664b-44f8-a3ee-7147ae8b22f2","properties":{"id":"13ea79e6-664b-44f8-a3ee-7147ae8b22f2","sources":[{"dataset":"OpenStreetMap","license":"ODbL-1.0","property":"","provider":"osm","record_id":"n3682835937@3","resource":"planet","update_time":"2019-05-17T10:01:27Z","version":"2026-09-09"}],"version":1},"type":"Feature"},{"geometry":{"coordinates":[-86.868779,35.9248272],"type":"Point"},"id":"7fff1d8d-e969-496f-92d6-298e4a796fab","properties":{"id":"7fff1d8d-e969-496f-92d6-298e4a796fab","sources":[{"dataset":"OpenStreetMap","license":"ODbL-1.0","property":"","provider":"osm","record_id":"n12697420109@1","resource":"planet","update_time":"2025-03-24T20:28:27Z","version":"2026-09-09"}],"version":1},"type":"Feature"},{"geometry":{"coordinates":[-86.8686965,35.9248635],"type":"Point"},"id":"a42a5cb3-8d25-4664-82c4-6baf76a214d3","properties":{"id":"a42a5cb3-8d25-4664-82c4-6baf76a214d3","sources":[{"dataset":"OpenStreetMap","license":"ODbL-1.0","property":"","provider":"osm","record_id":"n2562311623@2","resource":"planet","update_time":"2015-08-05T18:47:37Z","version":"2026-09-09"}],"version":1},"type":"Feature"},{"geometry":{"coordinates":[-86.8686225,35.9248901],"type":"Point"},"id":"88d53e31-f678-45a6-8a62-31501cec0122","properties":{"id":"88d53e31-f678-45a6-8a62-31501cec0122","sources":[{"dataset":"OpenStreetMap","license":"ODbL-1.0","property":"","provider":"osm","record_id":"n12697420137@1","resource":"planet","update_time":"2025-03-24T20:28:27Z","version":"2026-09-09"}],"version":1},"type":"Feature"},{"geometry":{"coordinates":[-86.8687519,35.9248964],"type":"Point"},"id":"4827cef5-18aa-492d-bb7e-bf06d7150e4b","properties":{"id":"4827cef5-18aa-492d-bb7e-bf06d7150e4b","sources":[{"dataset":"OpenStreetMap","license":"ODbL-1.0","property":"","provider":"osm","record_id":"n12697420102@3","resource":"planet","update_time":"2026-04-01T09:11:08Z","version":"2026-09-09"}],"version":2},"type":"Feature"},{"geometry":{"coordinates":[-86.8687072,35.9249166],"type":"Point"},"id":"bb75c350-3d4b-498b-b7c0-d24b9386a3ad","properties":{"id":"bb75c350-3d4b-498b-b7c0-d24b9386a3ad","sources":[{"dataset":"OpenStreetMap","license":"ODbL-1.0","property":"","provider":"osm","record_id":"n12697420103@3","resource":"planet","update_time":"2026-04-01T09:11:08Z","version":"2026-09-09"}],"version":2},"type":"Feature"},{"geometry":{"coordinates":[-86.8686847,35.9249267],"type":"Point"},"id":"f1699c71-e966-4e2c-a98d-02ac0b432644","properties":{"id":"f1699c71-e966-4e2c-a98d-02ac0b432644","sources":[{"dataset":"OpenStreetMap","license":"ODbL-1.0","property":"","provider":"osm","record_id":"n12697420104@2","resource":"planet","update_time":"2026-03-28T17:06:38Z","version":"2026-09-09"}],"version":1},"type":"Feature"},{"geometry":{"coordinates":[-86.8683155,35.9250413],"type":"Point"},"id":"aaade7c5-8884-439e-ad7f-eac3a72b38a7","properties":{"id":"aaade7c5-8884-439e-ad7f-eac3a72b38a7","sources":[{"dataset":"OpenStreetMap","license":"ODbL-1.0","property":"","provider":"osm","record_id":"n12697420139@1","resource":"planet","update_time":"2025-03-24T20:28:27Z","version":"2026-09-09"}],"version":1},"type":"Feature"},{"geometry":{"coordinates":[-86.8673684,35.9248502],"type":"Point"},"id":"dde38283-3681-403a-838c-e47006773e99","properties":{"id":"dde38283-3681-403a-838c-e47006773e99","sources":[{"dataset":"OpenStreetMap","license":"ODbL-1.0","property":"","provider":"osm","resource":"planet","version":"2026-09-09"}],"version":1},"type":"Feature"},{"geometry":{"coordinates":[-86.8673507,35.9247841],"type":"Point"},"id":"5da80668-dbaf-48b4-a059-c6dafadf84aa","properties":{"id":"5da80668-dbaf-48b4-a059-c6dafadf84aa","sources":[{"dataset":"OpenStreetMap","license":"ODbL-1.0","property":"","provider":"osm","resource":"planet","version":"2026-09-09"}],"version":1},"type":"Feature"},{"geometry":{"coordinates":[-86.8684797,35.9243948],"type":"Point"},"id":"0c6bea68-5e6a-4358-8512-cc5342256495","properties":{"id":"0c6bea68-5e6a-4358-8512-cc5342256495","sources":[{"dataset":"OpenStreetMap","license":"ODbL-1.0","property":"","provider":"osm","record_id":"n12697420110@2","resource":"planet","update_time":"2026-04-01T09:11:08Z","version":"2026-09-09"}],"version":1},"type":"Feature"},{"geometry":{"coordinates":[-86.8683857,35.9244403],"type":"Point"},"id":"0446ba06-865d-4ae2-acd5-abc2ab06b318","properties":{"id":"0446ba06-865d-4ae2-acd5-abc2ab06b318","sources":[{"dataset":"OpenStreetMap","license":"ODbL-1.0","property":"","provider":"osm","record_id":"n10248948765@1","resource":"planet","update_time":"2022-12-09T14:08:02Z","version":"2026-09-09"}],"version":1},"type":"Feature"},{"geometry":{"coordinates":[-86.8667144,35.9246467],"type":"Point"},"id":"57de8469-d3f0-483b-bf0c-566050d5215e","properties":{"id":"57de8469-d3f0-483b-bf0c-566050d5215e","sources":[{"dataset":"OpenStreetMap","license":"ODbL-1.0","property":"","provider":"osm","record_id":"n6687210982@1","resource":"planet","update_time":"2019-08-06T08:34:52Z","version":"2026-09-09"}],"version":1},"type":"Feature"},{"geometry":{"coordinates":[-86.8668107,35.9245981],"type":"Point"},"id":"7a62a3b9-eaff-4ab5-af7d-c98e6720bcc2","properties":{"id":"7a62a3b9-eaff-4ab5-af7d-c98e6720bcc2","sources":[{"dataset":"OpenStreetMap","license":"ODbL-1.0","property":"","provider":"osm","record_id":"n13050565981@1","resource":"planet","update_time":"2025-08-05T18:00:22Z","version":"2026-09-09"}],"version":1},"type":"Feature"},{"geometry":{"coordinates":[-86.8668908,35.924895],"type":"Point"},"id":"4c59bfb1-4158-45e5-85a2-c0c5b70dfee2","properties":{"id":"4c59bfb1-4158-45e5-85a2-c0c5b70dfee2","sources":[{"dataset":"OpenStreetMap","license":"ODbL-1.0","property":"","provider":"osm","record_id":"n3590230613@1","resource":"planet","update_time":"2015-06-12T15:41:37Z","version":"2026-09-09"}],"version":1},"type":"Feature"},{"geometry":{"coordinates":[-86.8669891,35.9248475],"type":"Point"},"id":"b136352d-9a42-44ec-b728-6882896e19fe","properties":{"id":"b136352d-9a42-44ec-b728-6882896e19fe","sources":[{"dataset":"OpenStreetMap","license":"ODbL-1.0","property":"","provider":"osm","record_id":"n13050565982@1","resource":"planet","update_time":"2025-08-05T18:00:22Z","version":"2026-09-09"}],"version":1},"type":"Feature"},{"geometry":{"coordinates":[-86.8667872,35.9249502],"type":"Point"},"id":"952e05a8-5730-45a5-af90-8a32222e09a5","properties":{"id":"952e05a8-5730-45a5-af90-8a32222e09a5","sources":[{"dataset":"OpenStreetMap","license":"ODbL-1.0","property":"","provider":"osm","record_id":"n11613521229@1","resource":"planet","update_time":"2024-02-12T13:53:11Z","version":"2026-09-09"}],"version":1},"type":"Feature"},{"geometry":{"coordinates":[-86.8657513,35.9250648],"type":"Point"},"id":"f6ded594-081d-465e-aa0d-24141173c2a4","properties":{"id":"f6ded594-081d-465e-aa0d-24141173c2a4","sources":[{"dataset":"OpenStreetMap","license":"ODbL-1.0","property":"","provider":"osm","record_id":"n3590230614@0","resource":"planet","version":"2026-09-09"}],"version":1},"type":"Feature"},{"geometry":{"coordinates":[-86.8655128,35.9247781],"type":"Point"},"id":"6b52a150-4403-464c-86e0-837d68b7610b","properties":{"id":"6b52a150-4403-464c-86e0-837d68b7610b","sources":[{"dataset":"OpenStreetMap","license":"ODbL-1.0","property":"","provider":"osm","record_id":"n7934473557@1","resource":"planet","update_time":"2020-09-23T12:25:02Z","version":"2026-09-09"}],"version":1},"type":"Feature"},{"geometry":{"coordinates":[-86.8651822,35.9248431],"type":"Point"},"id":"718c1209-e87f-429c-ae02-b69fe74bb90d","properties":{"id":"718c1209-e87f-429c-ae02-b69fe74bb90d","sources":[{"dataset":"OpenStreetMap","license":"ODbL-1.0","property":"","provider":"osm","record_id":"n12697445720@1","resource":"planet","update_time":"2025-03-24T20:38:00Z","version":"2026-09-09"}],"version":1},"type":"Feature"},{"geometry":{"coordinates":[-86.8652742,35.9249685],"type":"Point"},"id":"60bed79f-389b-4e7d-b1c2-e03174c684f6","properties":{"id":"60bed79f-389b-4e7d-b1c2-e03174c684f6","sources":[{"dataset":"OpenStreetMap","license":"ODbL-1.0","property":"","provider":"osm","record_id":"n12697417335@1","resource":"planet","update_time":"2025-03-24T20:35:05Z","version":"2026-09-09"}],"version":1},"type":"Feature"},{"geometry":{"coordinates":[-86.8653144,35.9249514],"type":"Point"},"id":"2730b01a-fafe-4059-b8da-7fc15999a3b5","properties":{"id":"2730b01a-fafe-4059-b8da-7fc15999a3b5","sources":[{"dataset":"OpenStreetMap","license":"ODbL-1.0","property":"","provider":"osm","record_id":"n11613521231@1","resource":"planet","update_time":"2024-02-12T13:53:11Z","version":"2026-09-09"}],"version":1},"type":"Feature"},{"geometry":{"coordinates":[-86.8651968,35.9249343],"type":"Point"},"id":"1dc0bf4a-074c-4a10-972e-8a96fc3923ee","properties":{"id":"1dc0bf4a-074c-4a10-972e-8a96fc3923ee","sources":[{"dataset":"OpenStreetMap","license":"ODbL-1.0","property":"","provider":"osm","record_id":"n204100108@4","resource":"planet","update_time":"2024-04-15T13:52:30Z","version":"2026-09-09"}],"version":1},"type":"Feature"},{"geometry":{"coordinates":[-86.8652916,35.9249182],"type":"Point"},"id":"db7ea75d-0cd0-43ea-87c9-a17724015100","properties":{"id":"db7ea75d-0cd0-43ea-87c9-a17724015100","sources":[{"dataset":"OpenStreetMap","license":"ODbL-1.0","property":"","provider":"osm","record_id":"n12697417336@1","resource":"planet","update_time":"2025-03-24T20:35:05Z","version":"2026-09-09"}],"version":1},"type":"Feature"},{"geometry":{"coordinates":[-86.8652433,35.9244193],"type":"Point"},"id":"2aeb764a-5e42-43b7-ba25-2874bccad1b7","properties":{"id":"2aeb764a-5e42-43b7-ba25-2874bccad1b7","sources":[{"dataset":"OpenStreetMap","license":"ODbL-1.0","property":"","provider":"osm","record_id":"n7934473558@1","resource":"planet","update_time":"2020-09-23T12:25:02Z","version":"2026-09-09"}],"version":1},"type":"Feature"},{"geometry":{"coordinates":[-86.8664764,35.9243118],"type":"Point"},"id":"3392472e-9771-47c7-99c1-a531ab8b3b99","properties":{"id":"3392472e-9771-47c7-99c1-a531ab8b3b99","sources":[{"dataset":"OpenStreetMap","license":"ODbL-1.0","property":"","provider":"osm","record_id":"n204123243@4","resource":"planet","update_time":"2013-12-03T00:52:37Z","version":"2026-09-09"}],"version":1},"type":"Feature"},{"geometry":{"coordinates":[-86.8663591,35.9242971],"type":"Point"},"id":"ca3bd940-1bcc-46cb-8736-af0456459694","properties":{"id":"ca3bd940-1bcc-46cb-8736-af0456459694","sources":[{"dataset":"OpenStreetMap","license":"ODbL-1.0","property":"","provider":"osm","record_id":"n13050565978@1","resource":"planet","update_time":"2025-08-05T18:00:22Z","version":"2026-09-09"}],"version":1},"type":"Feature"},{"geometry":{"coordinates":[-86.8665724,35.9242649],"type":"Point"},"id":"7bf2c29c-f268-4ef9-afa2-211bf58b3aa3","properties":{"id":"7bf2c29c-f268-4ef9-afa2-211bf58b3aa3","sources":[{"dataset":"OpenStreetMap","license":"ODbL-1.0","property":"","provider":"osm","record_id":"n13050565980@1","resource":"planet","update_time":"2025-08-05T18:00:22Z","version":"2026-09-09"}],"version":1},"type":"Feature"},{"geometry":{"coordinates":[-86.867047,35.9241801],"type":"Point"},"id":"6227d29e-f372-4aa9-8c0b-53170f3c8b92","properties":{"id":"6227d29e-f372-4aa9-8c0b-53170f3c8b92","sources":[{"dataset":"OpenStreetMap","license":"ODbL-1.0","property":"","provider":"osm","record_id":"n6687210979@2","resource":"planet","update_time":"2024-04-15T14:00:18Z","version":"2026-09-09"}],"version":1},"type":"Feature"},{"geometry":{"coordinates":[-86.8669689,35.9240714],"type":"Point"},"id":"32d4875b-6865-4239-9ce9-33ece2233e4e","properties":{"id":"32d4875b-6865-4239-9ce9-33ece2233e4e","sources":[{"dataset":"OpenStreetMap","license":"ODbL-1.0","property":"","provider":"osm","record_id":"n11818753840@1","resource":"planet","update_time":"2024-04-15T14:00:18Z","version":"2026-09-09"}],"version":1},"type":"Feature"},{"geometry":{"coordinates":[-86.8668215,35.9238963],"type":"Point"},"id":"17418349-ef01-4b1d-b798-b1d5271a1dc2","properties":{"id":"17418349-ef01-4b1d-b798-b1d5271a1dc2","sources":[{"dataset":"OpenStreetMap","license":"ODbL-1.0","property":"","provider":"osm","resource":"planet","version":"2026-09-09"}],"version":1},"type":"Feature"},{"geometry":{"coordinates":[-86.8591128,35.9242104],"type":"Point"},"id":"16ed49fe-9b78-4586-8cb2-c78cae721e03","properties":{"id":"16ed49fe-9b78-4586-8cb2-c78cae721e03","sources":[{"dataset":"OpenStreetMap","license":"ODbL-1.0","property":"","provider":"osm","record_id":"n6694611249@1","resource":"planet","update_time":"2019-08-08T11:09:03Z","version":"2026-09-09"}],"version":1},"type":"Feature"},{"geometry":{"coordinates":[-86.8596069,35.9245359],"type":"Point"},"id":"bbe44702-3ba0-4644-8202-4b7014c05ca9","properties":{"id":"bbe44702-3ba0-4644-8202-4b7014c05ca9","sources":[{"dataset":"OpenStreetMap","license":"ODbL-1.0","property":"","provider":"osm","record_id":"n14071545340@1","resource":"planet","update_time":"2026-08-03T23:01:48Z","version":"2026-09-09"}],"version":1},"type":"Feature"},{"geometry":{"coordinates":[-86.8580726,35.924965],"type":"Point"},"id":"71dc04d9-7fcc-47f9-a609-fba4cefbb28d","properties":{"id":"71dc04d9-7fcc-47f9-a609-fba4cefbb28d","sources":[{"dataset":"OpenStreetMap","license":"ODbL-1.0","property":"","provider":"osm","record_id":"n7733799722@1","resource":"planet","update_time":"2020-07-21T12:23:33Z","version":"2026-09-09"}],"version":1},"type":"Feature"},{"geometry":{"coordinates":[-86.860075,35.9252993],"type":"Point"},"id":"cc1ab89a-a237-4f24-8a7f-a23d45ab1f09","properties":{"id":"cc1ab89a-a237-4f24-8a7f-a23d45ab1f09","sources":[{"dataset":"OpenStreetMap","license":"ODbL-1.0","property":"","provider":"osm","record_id":"n4980289153@2","resource":"planet","update_time":"2026-08-03T23:01:48Z","version":"2026-09-09"}],"version":1},"type":"Feature"},{"geometry":{"coordinates":[-86.8596255,35.9254279],"type":"Point"},"id":"2d69b33d-ce20-461f-a1b9-f7de95a52149","properties":{"id":"2d69b33d-ce20-461f-a1b9-f7de95a52149","sources":[{"dataset":"OpenStreetMap","license":"ODbL-1.0","property":"","provider":"osm","record_id":"n14071545349@1","resource":"planet","update_time":"2026-08-03T23:01:48Z","version":"2026-09-09"}],"version":1},"type":"Feature"},{"geometry":{"coordinates":[-86.8600429,35.9251213],"type":"Point"},"id":"925922a0-4867-45b6-8de4-d637fd6477b9","properties":{"id":"925922a0-4867-45b6-8de4-d637fd6477b9","sources":[{"dataset":"OpenStreetMap","license":"ODbL-1.0","property":"","provider":"osm","record_id":"n4980289152@1","resource":"planet","update_time":"2017-07-19T18:52:22Z","version":"2026-09-09"}],"version":1},"type":"Feature"},{"geometry":{"coordinates":[-86.8592326,35.9251932],"type":"Point"},"id":"54f32475-10f2-4c3c-952d-5d7a54569665","properties":{"id":"54f32475-10f2-4c3c-952d-5d7a54569665","sources":[{"dataset":"OpenStreetMap","license":"ODbL-1.0","property":"","provider":"osm","record_id":"n14071545336@1","resource":"planet","update_time":"2026-08-03T23:01:48Z","version":"2026-09-09"}],"version":1},"type":"Feature"},{"geometry":{"coordinates":[-86.8590244,35.9253052],"type":"Point"},"id":"2fb5bf47-bd41-4cfd-b208-442c7f8c858a","properties":{"id":"2fb5bf47-bd41-4cfd-b208-442c7f8c858a","sources":[{"dataset":"OpenStreetMap","license":"ODbL-1.0","property":"","provider":"osm","record_id":"n14071545335@1","resource":"planet","update_time":"2026-08-03T23:01:48Z","version":"2026-09-09"}],"version":1},"type":"Feature"},{"geometry":{"coordinates":[-86.8593936,35.9253618],"type":"Point"},"id":"519edb6f-1977-4863-b6a9-677a7407af24","properties":{"id":"519edb6f-1977-4863-b6a9-677a7407af24","sources":[{"dataset":"OpenStreetMap","license":"ODbL-1.0","property":"","provider":"osm","record_id":"n6967254986@1","resource":"planet","update_time":"2019-11-11T18:24:16Z","version":"2026-09-09"}],"version":1},"type":"Feature"},{"geometry":{"coordinates":[-86.8589815,35.9256595],"type":"Point"},"id":"762b2588-b4bc-4625-bcf2-4021308cb7f1","properties":{"id":"762b2588-b4bc-4625-bcf2-4021308cb7f1","sources":[{"dataset":"OpenStreetMap","license":"ODbL-1.0","property":"","provider":"osm","record_id":"n6694611241@1","resource":"planet","update_time":"2019-08-08T11:09:03Z","version":"2026-09-09"}],"version":1},"type":"Feature"},{"geometry":{"coordinates":[-86.8593453,35.9261071],"type":"Point"},"id":"724c97b2-45cd-4b1a-92c2-66893738864c","properties":{"id":"724c97b2-45cd-4b1a-92c2-66893738864c","sources":[{"dataset":"OpenStreetMap","license":"ODbL-1.0","property":"","provider":"osm","record_id":"n4980289165@1","resource":"planet","update_time":"2017-07-19T18:52:23Z","version":"2026-09-09"}],"version":1},"type":"Feature"},{"geometry":{"coordinates":[-86.8654092,35.9262409],"type":"Point"},"id":"1577afbb-903a-49cb-b622-54426eef391d","properties":{"id":"1577afbb-903a-49cb-b622-54426eef391d","sources":[{"dataset":"OpenStreetMap","license":"ODbL-1.0","property":"","provider":"osm","record_id":"n6888506195@1","resource":"planet","update_time":"2019-10-17T09:22:54Z","version":"2026-09-09"}],"version":1},"type":"Feature"},{"geometry":{"coordinates":[-86.8655957,35.9264917],"type":"Point"},"id":"d0083758-da2a-4903-85de-b6709ec0421a","properties":{"id":"d0083758-da2a-4903-85de-b6709ec0421a","sources":[{"dataset":"OpenStreetMap","license":"ODbL-1.0","property":"","provider":"osm","record_id":"n6888506198@1","resource":"planet","update_time":"2019-10-17T09:22:54Z","version":"2026-09-09"}],"version":1},"type":"Feature"},{"geometry":{"coordinates":[-86.8661748,35.9264142],"type":"Point"},"id":"1793dd5d-cc67-49e5-926d-ae84e619b885","properties":{"id":"1793dd5d-cc67-49e5-926d-ae84e619b885","sources":[{"dataset":"OpenStreetMap","license":"ODbL-1.0","property":"","provider":"osm","record_id":"n12093770223@2","resource":"planet","update_time":"2025-09-02T15:08:43Z","version":"2026-09-09"}],"version":2},"type":"Feature"},{"geometry":{"coordinates":[-86.8662152,35.9263928],"type":"Point"},"id":"e00f68d5-0ce3-4f65-b4d6-a11da39cadff","properties":{"id":"e00f68d5-0ce3-4f65-b4d6-a11da39cadff","sources":[{"dataset":"OpenStreetMap","license":"ODbL-1.0","property":"","provider":"osm","record_id":"n12093770225@4","resource":"planet","update_time":"2026-04-01T10:44:33Z","version":"2026-09-09"}],"version":1},"type":"Feature"},{"geometry":{"coordinates":[-86.8663001,35.9263582],"type":"Point"},"id":"cf2ccedb-6c37-4854-afd1-1fa100587d2d","properties":{"id":"cf2ccedb-6c37-4854-afd1-1fa100587d2d","sources":[{"dataset":"OpenStreetMap","license":"ODbL-1.0","property":"","provider":"osm","record_id":"n11613521223@2","resource":"planet","update_time":"2024-08-05T16:11:17Z","version":"2026-09-09"}],"version":1},"type":"Feature"},{"geometry":{"coordinates":[-86.8662858,35.9263568],"type":"Point"},"id":"7ce48894-55ff-4730-a085-6041b2a01676","properties":{"id":"7ce48894-55ff-4730-a085-6041b2a01676","sources":[{"dataset":"OpenStreetMap","license":"ODbL-1.0","property":"","provider":"osm","record_id":"n11613521222@2","resource":"planet","update_time":"2025-09-02T15:08:43Z","version":"2026-09-09"}],"version":1},"type":"Feature"},{"geometry":{"coordinates":[-86.8663505,35.9264301],"type":"Point"},"id":"94f70b60-2a01-498f-9dab-fe3cff9b6c53","properties":{"id":"94f70b60-2a01-498f-9dab-fe3cff9b6c53","sources":[{"dataset":"OpenStreetMap","license":"ODbL-1.0","property":"","provider":"osm","record_id":"n12093770226@4","resource":"planet","update_time":"2026-04-01T10:44:33Z","version":"2026-09-09"}],"version":1},"type":"Feature"},{"geometry":{"coordinates":[-86.8662675,35.9264703],"type":"Point"},"id":"c5cb2833-6acd-4773-aced-3810b4f493bc","properties":{"id":"c5cb2833-6acd-4773-aced-3810b4f493bc","sources":[{"dataset":"OpenStreetMap","license":"ODbL-1.0","property":"","provider":"osm","record_id":"n204097288@5","resource":"planet","update_time":"2016-03-07T20:40:07Z","version":"2026-09-09"}],"version":1},"type":"Feature"},{"geometry":{"coordinates":[-86.8664027,35.9265046],"type":"Point"},"id":"1bb23367-8c3b-4b83-8119-a3b34604f5eb","properties":{"id":"1bb23367-8c3b-4b83-8119-a3b34604f5eb","sources":[{"dataset":"OpenStreetMap","license":"ODbL-1.0","property":"","provider":"osm","record_id":"n12093770221@1","resource":"planet","update_time":"2024-08-05T16:11:17Z","version":"2026-09-09"}],"version":1},"type":"Feature"},{"geometry":{"coordinates":[-86.8671732,35.9264896],"type":"Point"},"id":"7b9bd65a-5cb7-4ba1-b1d5-dbaabbb655e6","properties":{"id":"7b9bd65a-5cb7-4ba1-b1d5-dbaabbb655e6","sources":[{"dataset":"OpenStreetMap","license":"ODbL-1.0","property":"","provider":"osm","resource":"planet","version":"2026-09-09"}],"version":1},"type":"Feature"},{"geometry":{"coordinates":[-86.8667099,35.9263546],"type":"Point"},"id":"c8b9f3ff-970f-426c-b4d4-fbfe8d478142","properties":{"id":"c8b9f3ff-970f-426c-b4d4-fbfe8d478142","sources":[{"dataset":"OpenStreetMap","license":"ODbL-1.0","property":"","provider":"osm","record_id":"n13697871864@1","resource":"planet","update_time":"2026-04-01T09:11:08Z","version":"2026-09-09"}],"version":1},"type":"Feature"},{"geometry":{"coordinates":[-86.8666552,35.9262824],"type":"Point"},"id":"1e244256-1e5d-4823-9495-2edac2508a6f","properties":{"id":"1e244256-1e5d-4823-9495-2edac2508a6f","sources":[{"dataset":"OpenStreetMap","license":"ODbL-1.0","property":"","provider":"osm","record_id":"n7607884787@1","resource":"planet","update_time":"2020-06-10T06:49:59Z","version":"2026-09-09"}],"version":1},"type":"Feature"},{"geometry":{"coordinates":[-86.8670377,35.9262798],"type":"Point"},"id":"b6ca68e0-5b55-4ac8-b440-c5baa9837ccf","properties":{"id":"b6ca68e0-5b55-4ac8-b440-c5baa9837ccf","sources":[{"dataset":"OpenStreetMap","license":"ODbL-1.0","property":"","provider":"osm","record_id":"n8484970943@0","resource":"planet","version":"2026-09-09"}],"version":2},"type":"Feature"},{"geometry":{"coordinates":[-86.8669543,35.9262352],"type":"Point"},"id":"28113a3b-868a-4631-be83-e17e0acfee05","properties":{"id":"28113a3b-868a-4631-be83-e17e0acfee05","sources":[{"dataset":"OpenStreetMap","license":"ODbL-1.0","property":"","provider":"osm","record_id":"n13697871863@1","resource":"planet","update_time":"2026-04-01T09:11:08Z","version":"2026-09-09"}],"version":1},"type":"Feature"},{"geometry":{"coordinates":[-86.8669005,35.9261635],"type":"Point"},"id":"434a83f5-e859-4840-a353-f45861dcae20","properties":{"id":"434a83f5-e859-4840-a353-f45861dcae20","sources":[{"dataset":"OpenStreetMap","license":"ODbL-1.0","property":"","provider":"osm","record_id":"n8484970946@1","resource":"planet","update_time":"2021-03-04T07:14:07Z","version":"2026-09-09"}],"version":1},"type":"Feature"},{"geometry":{"coordinates":[-86.8657804,35.9262798],"type":"Point"},"id":"c93e214b-b309-44a0-8e4d-1275ad502594","properties":{"id":"c93e214b-b309-44a0-8e4d-1275ad502594","sources":[{"dataset":"OpenStreetMap","license":"ODbL-1.0","property":"","provider":"osm","record_id":"n6888506193@1","resource":"planet","update_time":"2019-10-17T09:22:54Z","version":"2026-09-09"}],"version":1},"type":"Feature"},{"geometry":{"coordinates":[-86.8660236,35.9262286],"type":"Point"},"id":"cc978276-1b9b-44a1-9484-f9b2712d3346","properties":{"id":"cc978276-1b9b-44a1-9484-f9b2712d3346","sources":[{"dataset":"OpenStreetMap","license":"ODbL-1.0","property":"","provider":"osm","record_id":"n12697417329@1","resource":"planet","update_time":"2025-03-24T20:35:05Z","version":"2026-09-09"}],"version":1},"type":"Feature"},{"geometry":{"coordinates":[-86.8659641,35.9261405],"type":"Point"},"id":"cef8bcc9-7c9b-44a1-93fa-73df82472ef8","properties":{"id":"cef8bcc9-7c9b-44a1-93fa-73df82472ef8","sources":[{"dataset":"OpenStreetMap","license":"ODbL-1.0","property":"","provider":"osm","record_id":"n13698104235@1","resource":"planet","update_time":"2026-04-01T10:53:05Z","version":"2026-09-09"}],"version":1},"type":"Feature"},{"geometry":{"coordinates":[-86.86612,35.9261397],"type":"Point"},"id":"974fc1ff-ed93-48a8-9da3-d8bac1706565","properties":{"id":"974fc1ff-ed93-48a8-9da3-d8bac1706565","sources":[{"dataset":"OpenStreetMap","license":"ODbL-1.0","property":"","provider":"osm","record_id":"n12697417331@1","resource":"planet","update_time":"2025-03-24T20:35:05Z","version":"2026-09-09"}],"version":1},"type":"Feature"},{"geometry":{"coordinates":[-86.8660204,35.9261042],"type":"Point"},"id":"f886ef7c-a744-4fcf-b59e-5f7ed93d5380","properties":{"id":"f886ef7c-a744-4fcf-b59e-5f7ed93d5380","sources":[{"dataset":"OpenStreetMap","license":"ODbL-1.0","property":"","provider":"osm","record_id":"n6888506192@1","resource":"planet","update_time":"2019-10-17T09:22:54Z","version":"2026-09-09"}],"version":1},"type":"Feature"},{"geometry":{"coordinates":[-86.8659643,35.9259197],"type":"Point"},"id":"08e805cc-fa52-41f2-9764-10b2dc45c7fe","properties":{"id":"08e805cc-fa52-41f2-9764-10b2dc45c7fe","sources":[{"dataset":"OpenStreetMap","license":"ODbL-1.0","property":"","provider":"osm","record_id":"n12697417334@1","resource":"planet","update_time":"2025-03-24T20:35:05Z","version":"2026-09-09"}],"version":1},"type":"Feature"},{"geometry":{"coordinates":[-86.8658522,35.9258549],"type":"Point"},"id":"e2e2e301-5a11-4ea4-9e85-884c84067a9f","properties":{"id":"e2e2e301-5a11-4ea4-9e85-884c84067a9f","sources":[{"dataset":"OpenStreetMap","license":"ODbL-1.0","property":"","provider":"osm","record_id":"n7017116176@1","resource":"planet","update_time":"2019-11-28T13:38:09Z","version":"2026-09-09"}],"version":1},"type":"Feature"},{"geometry":{"coordinates":[-86.8659025,35.9258323],"type":"Point"},"id":"ddbc715f-a2a0-4842-8f19-00dbe226dec1","properties":{"id":"ddbc715f-a2a0-4842-8f19-00dbe226dec1","sources":[{"dataset":"OpenStreetMap","license":"ODbL-1.0","property":"","provider":"osm","record_id":"n11613521235@2","resource":"planet","update_time":"2026-05-05T21:00:39Z","version":"2026-09-09"}],"version":1},"type":"Feature"},{"geometry":{"coordinates":[-86.8654043,35.9258568],"type":"Point"},"id":"72b6f4f8-e52c-4706-b1f8-d1bf41d7fc9c","properties":{"id":"72b6f4f8-e52c-4706-b1f8-d1bf41d7fc9c","sources":[{"dataset":"OpenStreetMap","license":"ODbL-1.0","property":"","provider":"osm","record_id":"n12697417328@1","resource":"planet","update_time":"2025-03-24T20:35:05Z","version":"2026-09-09"}],"version":1},"type":"Feature"},{"geometry":{"coordinates":[-86.8656873,35.9257312],"type":"Point"},"id":"a0759f6b-c0f7-44ce-86ca-2083fe0d26d8","properties":{"id":"a0759f6b-c0f7-44ce-86ca-2083fe0d26d8","sources":[{"dataset":"OpenStreetMap","license":"ODbL-1.0","property":"","provider":"osm","record_id":"n12697417327@1","resource":"planet","update_time":"2025-03-24T20:35:05Z","version":"2026-09-09"}],"version":1},"type":"Feature"},{"geometry":{"coordinates":[-86.8656151,35.9256243],"type":"Point"},"id":"7fb80a24-4618-4689-8607-d2900965a2fb","properties":{"id":"7fb80a24-4618-4689-8607-d2900965a2fb","sources":[{"dataset":"OpenStreetMap","license":"ODbL-1.0","property":"","provider":"osm","record_id":"n12697417326@1","resource":"planet","update_time":"2025-03-24T20:35:05Z","version":"2026-09-09"}],"version":1},"type":"Feature"},{"geometry":{"coordinates":[-86.865668,35.9255821],"type":"Point"},"id":"1e71f7ad-4cdd-40fa-8db7-9bffbd4b2a4d","properties":{"id":"1e71f7ad-4cdd-40fa-8db7-9bffbd4b2a4d","sources":[{"dataset":"OpenStreetMap","license":"ODbL-1.0","property":"","provider":"osm","record_id":"n7017116179@1","resource":"planet","update_time":"2019-11-28T13:38:09Z","version":"2026-09-09"}],"version":1},"type":"Feature"},{"geometry":{"coordinates":[-86.8656492,35.9255542],"type":"Point"},"id":"165cef25-8f9e-45ed-b539-d48a14e3d90c","properties":{"id":"165cef25-8f9e-45ed-b539-d48a14e3d90c","sources":[{"dataset":"OpenStreetMap","license":"ODbL-1.0","property":"","provider":"osm","record_id":"n6888506197@1","resource":"planet","update_time":"2019-10-17T09:22:54Z","version":"2026-09-09"}],"version":1},"type":"Feature"},{"geometry":{"coordinates":[-86.8657333,35.92555],"type":"Point"},"id":"d234f30f-6e33-4114-9eda-af46dd9d21a3","properties":{"id":"d234f30f-6e33-4114-9eda-af46dd9d21a3","sources":[{"dataset":"OpenStreetMap","license":"ODbL-1.0","property":"","provider":"osm","record_id":"n11613521233@2","resource":"planet","update_time":"2026-05-05T21:00:39Z","version":"2026-09-09"}],"version":1},"type":"Feature"},{"geometry":{"coordinates":[-86.8656194,35.9255101],"type":"Point"},"id":"97ad58f7-86f1-4b90-9c27-656091c2c372","properties":{"id":"97ad58f7-86f1-4b90-9c27-656091c2c372","sources":[{"dataset":"OpenStreetMap","license":"ODbL-1.0","property":"","provider":"osm","record_id":"n3590230617@1","resource":"planet","update_time":"2015-06-12T15:41:37Z","version":"2026-09-09"}],"version":1},"type":"Feature"},{"geometry":{"coordinates":[-86.8656826,35.92548],"type":"Point"},"id":"b59458d0-2313-4f51-916d-a4979189a1e2","properties":{"id":"b59458d0-2313-4f51-916d-a4979189a1e2","sources":[{"dataset":"OpenStreetMap","license":"ODbL-1.0","property":"","provider":"osm","record_id":"n11613521232@2","resource":"planet","update_time":"2026-05-05T21:00:39Z","version":"2026-09-09"}],"version":1},"type":"Feature"},{"geometry":{"coordinates":[-86.8652524,35.9251258],"type":"Point"},"id":"d7a51f53-71a9-4d3e-8a19-087c6c53fb9c","properties":{"id":"d7a51f53-71a9-4d3e-8a19-087c6c53fb9c","sources":[{"dataset":"OpenStreetMap","license":"ODbL-1.0","property":"","provider":"osm","record_id":"n12697417338@1","resource":"planet","update_time":"2025-03-24T20:35:05Z","version":"2026-09-09"}],"version":1},"type":"Feature"},{"geometry":{"coordinates":[-86.865567,35.925148],"type":"Point"},"id":"b02a56b7-7726-455c-ba3e-eac5faca2954","properties":{"id":"b02a56b7-7726-455c-ba3e-eac5faca2954","sources":[{"dataset":"OpenStreetMap","license":"ODbL-1.0","property":"","provider":"osm","resource":"planet","version":"2026-09-09"}],"version":1},"type":"Feature"},{"geometry":{"coordinates":[-86.8653953,35.9253347],"type":"Point"},"id":"72e1ca75-2658-4b63-8331-51e03258cb16","properties":{"id":"72e1ca75-2658-4b63-8331-51e03258cb16","sources":[{"dataset":"OpenStreetMap","license":"ODbL-1.0","property":"","provider":"osm","record_id":"n12697417337@1","resource":"planet","update_time":"2025-03-24T20:35:05Z","version":"2026-09-09"}],"version":1},"type":"Feature"},{"geometry":{"coordinates":[-86.866099,35.9253698],"type":"Point"},"id":"6214cd1b-5058-493f-aaef-2c781cdfc320","properties":{"id":"6214cd1b-5058-493f-aaef-2c781cdfc320","sources":[{"dataset":"OpenStreetMap","license":"ODbL-1.0","property":"","provider":"osm","record_id":"n12917397901@1","resource":"planet","update_time":"2025-06-15T12:33:32Z","version":"2026-09-09"}],"version":1},"type":"Feature"},{"geometry":{"coordinates":[-86.8672352,35.9253796],"type":"Point"},"id":"e13be7a3-572e-416e-ad16-715c26d87164","properties":{"id":"e13be7a3-572e-416e-ad16-715c26d87164","sources":[{"dataset":"OpenStreetMap","license":"ODbL-1.0","property":"","provider":"osm","resource":"planet","version":"2026-09-09"}],"version":1},"type":"Feature"},{"geometry":{"coordinates":[-86.8658083,35.925513],"type":"Point"},"id":"67971a14-5df5-46e8-a7ad-b08a70e92f45","properties":{"id":"67971a14-5df5-46e8-a7ad-b08a70e92f45","sources":[{"dataset":"OpenStreetMap","license":"ODbL-1.0","property":"","provider":"osm","record_id":"n7017116181@1","resource":"planet","update_time":"2019-11-28T13:38:09Z","version":"2026-09-09"}],"version":1},"type":"Feature"},{"geometry":{"coordinates":[-86.8663076,35.9256448],"type":"Point"},"id":"6ecc260c-f5f1-4e9a-b5fe-e8041b489e02","properties":{"id":"6ecc260c-f5f1-4e9a-b5fe-e8041b489e02","sources":[{"dataset":"OpenStreetMap","license":"ODbL-1.0","property":"","provider":"osm","record_id":"n12917395200@1","resource":"planet","update_time":"2025-06-15T12:33:32Z","version":"2026-09-09"}],"version":1},"type":"Feature"},{"geometry":{"coordinates":[-86.8660069,35.9257854],"type":"Point"},"id":"632e61c1-2c99-4cb2-abf6-c8c681d0fffd","properties":{"id":"632e61c1-2c99-4cb2-abf6-c8c681d0fffd","sources":[{"dataset":"OpenStreetMap","license":"ODbL-1.0","property":"","provider":"osm","record_id":"n7017116180@1","resource":"planet","update_time":"2019-11-28T13:38:09Z","version":"2026-09-09"}],"version":1},"type":"Feature"},{"geometry":{"coordinates":[-86.8675264,35.9257894],"type":"Point"},"id":"98b1e626-36eb-4b56-8d59-e68d06cac179","properties":{"id":"98b1e626-36eb-4b56-8d59-e68d06cac179","sources":[{"dataset":"OpenStreetMap","license":"ODbL-1.0","property":"","provider":"osm","record_id":"n12093728340@2","resource":"planet","update_time":"2026-04-01T09:11:08Z","version":"2026-09-09"}],"version":1},"type":"Feature"},{"geometry":{"coordinates":[-86.8676273,35.9257397],"type":"Point"},"id":"244607ba-3e57-4cce-965d-129ca167dd10","properties":{"id":"244607ba-3e57-4cce-965d-129ca167dd10","sources":[{"dataset":"OpenStreetMap","license":"ODbL-1.0","property":"","provider":"osm","record_id":"n12093728336@1","resource":"planet","update_time":"2024-08-05T16:02:43Z","version":"2026-09-09"}],"version":1},"type":"Feature"},{"geometry":{"coordinates":[-86.8678762,35.9256973],"type":"Point"},"id":"3adaaf7f-de4d-4aa2-9027-7190f06a9e37","properties":{"id":"3adaaf7f-de4d-4aa2-9027-7190f06a9e37","sources":[{"dataset":"OpenStreetMap","license":"ODbL-1.0","property":"","provider":"osm","resource":"planet","version":"2026-09-09"}],"version":1},"type":"Feature"},{"geometry":{"coordinates":[-86.8676686,35.9257935],"type":"Point"},"id":"de65aa43-ea50-4223-9fcd-825baba8d75e","properties":{"id":"de65aa43-ea50-4223-9fcd-825baba8d75e","sources":[{"dataset":"OpenStreetMap","license":"ODbL-1.0","property":"","provider":"osm","record_id":"n12093728339@2","resource":"planet","update_time":"2026-04-01T09:11:08Z","version":"2026-09-09"}],"version":1},"type":"Feature"},{"geometry":{"coordinates":[-86.8679215,35.9257645],"type":"Point"},"id":"f8122b3c-ec74-43a4-ac05-768f2e089e97","properties":{"id":"f8122b3c-ec74-43a4-ac05-768f2e089e97","sources":[{"dataset":"OpenStreetMap","license":"ODbL-1.0","property":"","provider":"osm","resource":"planet","version":"2026-09-09"}],"version":1},"type":"Feature"},{"geometry":{"coordinates":[-86.8684851,35.9257579],"type":"Point"},"id":"9d1d90ee-3e68-4431-8a6d-b0f172a72ad2","properties":{"id":"9d1d90ee-3e68-4431-8a6d-b0f172a72ad2","sources":[{"dataset":"OpenStreetMap","license":"ODbL-1.0","property":"","provider":"osm","record_id":"n7071478786@1","resource":"planet","update_time":"2019-12-20T06:35:05Z","version":"2026-09-09"}],"version":1},"type":"Feature"},{"geometry":{"coordinates":[-86.8686873,35.9257898],"type":"Point"},"id":"410ebcb9-193b-495c-b91e-c748d0707bf5","properties":{"id":"410ebcb9-193b-495c-b91e-c748d0707bf5","sources":[{"dataset":"OpenStreetMap","license":"ODbL-1.0","property":"","provider":"osm","resource":"planet","version":"2026-09-09"}],"version":1},"type":"Feature"},{"geometry":{"coordinates":[-86.868399,35.9256359],"type":"Point"},"id":"66082195-1104-46df-9913-1bbee714f6c5","properties":{"id":"66082195-1104-46df-9913-1bbee714f6c5","sources":[{"dataset":"OpenStreetMap","license":"ODbL-1.0","property":"","provider":"osm","record_id":"n7071473283@1","resource":"planet","update_time":"2019-12-20T06:35:05Z","version":"2026-09-09"}],"version":1},"type":"Feature"},{"geometry":{"coordinates":[-86.8683476,35.9255682],"type":"Point"},"id":"a594b9fc-fad2-4995-8133-1a8ba7978805","properties":{"id":"a594b9fc-fad2-4995-8133-1a8ba7978805","sources":[{"dataset":"OpenStreetMap","license":"ODbL-1.0","property":"","provider":"osm","record_id":"n12697414596@2","resource":"planet","update_time":"2026-04-01T09:11:08Z","version":"2026-09-09"}],"version":1},"type":"Feature"},{"geometry":{"coordinates":[-86.8686215,35.9254492],"type":"Point"},"id":"c975d010-f1dc-4009-a9d9-ebe759fce423","properties":{"id":"c975d010-f1dc-4009-a9d9-ebe759fce423","sources":[{"dataset":"OpenStreetMap","license":"ODbL-1.0","property":"","provider":"osm","record_id":"n12697414593@1","resource":"planet","update_time":"2025-03-24T20:28:27Z","version":"2026-09-09"}],"version":1},"type":"Feature"},{"geometry":{"coordinates":[-86.8682975,35.9255021],"type":"Point"},"id":"7e5792cd-7c31-4c00-b3b2-b7467032ccaa","properties":{"id":"7e5792cd-7c31-4c00-b3b2-b7467032ccaa","sources":[{"dataset":"OpenStreetMap","license":"ODbL-1.0","property":"","provider":"osm","record_id":"n7071473282@1","resource":"planet","update_time":"2019-12-20T06:35:05Z","version":"2026-09-09"}],"version":1},"type":"Feature"},{"geometry":{"coordinates":[-86.8673356,35.9253319],"type":"Point"},"id":"63373d77-8e59-4526-af64-0aa597c83956","properties":{"id":"63373d77-8e59-4526-af64-0aa597c83956","sources":[{"dataset":"OpenStreetMap","license":"ODbL-1.0","property":"","provider":"osm","resource":"planet","version":"2026-09-09"}],"version":1},"type":"Feature"},{"geometry":{"coordinates":[-86.8674447,35.9252802],"type":"Point"},"id":"cdbe7ddb-a0ed-41b6-9cb2-bdac711d98c1","properties":{"id":"cdbe7ddb-a0ed-41b6-9cb2-bdac711d98c1","sources":[{"dataset":"OpenStreetMap","license":"ODbL-1.0","property":"","provider":"osm","resource":"planet","version":"2026-09-09"}],"version":1},"type":"Feature"},{"geometry":{"coordinates":[-86.8678126,35.9251152],"type":"Point"},"id":"2d4dc22e-018a-46fc-8468-8cd54fb6b5a0","properties":{"id":"2d4dc22e-018a-46fc-8468-8cd54fb6b5a0","sources":[{"dataset":"OpenStreetMap","license":"ODbL-1.0","property":"","provider":"osm","record_id":"n6690484115@1","resource":"planet","update_time":"2019-08-07T08:27:35Z","version":"2026-09-09"}],"version":1},"type":"Feature"},{"geometry":{"coordinates":[-86.8679678,35.9252127],"type":"Point"},"id":"9a00d080-cd49-4ed5-bbec-c364730b33a0","properties":{"id":"9a00d080-cd49-4ed5-bbec-c364730b33a0","sources":[{"dataset":"OpenStreetMap","license":"ODbL-1.0","property":"","provider":"osm","record_id":"n12697420138@1","resource":"planet","update_time":"2025-03-24T20:28:27Z","version":"2026-09-09"}],"version":1},"type":"Feature"},{"geometry":{"coordinates":[-86.8687166,35.9251052],"type":"Point"},"id":"a3f2830d-6701-4bc5-bab1-32ea5634edb5","properties":{"id":"a3f2830d-6701-4bc5-bab1-32ea5634edb5","sources":[{"dataset":"OpenStreetMap","license":"ODbL-1.0","property":"","provider":"osm","record_id":"n3682835929@3","resource":"planet","update_time":"2019-05-17T10:01:27Z","version":"2026-09-09"}],"version":1},"type":"Feature"},{"geometry":{"coordinates":[-86.8686902,35.925214],"type":"Point"},"id":"e35bb1ce-5e7a-4c02-bd6b-50b5d60ba220","properties":{"id":"e35bb1ce-5e7a-4c02-bd6b-50b5d60ba220","sources":[{"dataset":"OpenStreetMap","license":"ODbL-1.0","property":"","provider":"osm","record_id":"n2562311635@5","resource":"planet","update_time":"2019-05-17T10:01:27Z","version":"2026-09-09"}],"version":1},"type":"Feature"},{"geometry":{"coordinates":[-86.8685311,35.9253213],"type":"Point"},"id":"61b2a784-402f-4748-bbfd-162dda646471","properties":{"id":"61b2a784-402f-4748-bbfd-162dda646471","sources":[{"dataset":"OpenStreetMap","license":"ODbL-1.0","property":"","provider":"osm","record_id":"n13050565977@1","resource":"planet","update_time":"2025-08-05T18:00:22Z","version":"2026-09-09"}],"version":1},"type":"Feature"},{"geometry":{"coordinates":[-86.8685642,35.9253645],"type":"Point"},"id":"5d573d25-6cbe-43f2-997d-d7df32179b58","properties":{"id":"5d573d25-6cbe-43f2-997d-d7df32179b58","sources":[{"dataset":"OpenStreetMap","license":"ODbL-1.0","property":"","provider":"osm","record_id":"n12697414589@3","resource":"planet","update_time":"2026-04-01T09:11:08Z","version":"2026-09-09"}],"version":2},"type":"Feature"},{"geometry":{"coordinates":[-86.8685766,35.9253812],"type":"Point"},"id":"c1b0e0ad-9d23-48cf-b416-d57cc7b635d9","properties":{"id":"c1b0e0ad-9d23-48cf-b416-d57cc7b635d9","sources":[{"dataset":"OpenStreetMap","license":"ODbL-1.0","property":"","provider":"osm","record_id":"n12697414590@3","resource":"planet","update_time":"2026-04-01T09:11:08Z","version":"2026-09-09"}],"version":2},"type":"Feature"},{"geometry":{"coordinates":[-86.8685417,35.925389],"type":"Point"},"id":"414366f3-d1b0-45e0-afd8-0d9b17269ac9","properties":{"id":"414366f3-d1b0-45e0-afd8-0d9b17269ac9","sources":[{"dataset":"OpenStreetMap","license":"ODbL-1.0","property":"","provider":"osm","record_id":"n204108282@5","resource":"planet","update_time":"2015-08-05T18:47:37Z","version":"2026-09-09"}],"version":1},"type":"Feature"},{"geometry":{"coordinates":[-86.8689607,35.9254085],"type":"Point"},"id":"fde00849-4154-41f7-b8b2-d02a20d886c9","properties":{"id":"fde00849-4154-41f7-b8b2-d02a20d886c9","sources":[{"dataset":"OpenStreetMap","license":"ODbL-1.0","property":"","provider":"osm","record_id":"n13686718845@2","resource":"planet","update_time":"2026-04-01T10:55:07Z","version":"2026-09-09"}],"version":1},"type":"Feature"},{"geometry":{"coordinates":[-86.8689242,35.9253961],"type":"Point"},"id":"dee847e4-1fa0-499e-9dce-4484b9cbd581","properties":{"id":"dee847e4-1fa0-499e-9dce-4484b9cbd581","sources":[{"dataset":"OpenStreetMap","license":"ODbL-1.0","property":"","provider":"osm","record_id":"n3682831215@3","resource":"planet","update_time":"2019-05-17T10:01:27Z","version":"2026-09-09"}],"version":1},"type":"Feature"},{"geometry":{"coordinates":[-86.8688128,35.9253696],"type":"Point"},"id":"f11bcb89-877f-48cf-981e-ec3f3f2f8830","properties":{"id":"f11bcb89-877f-48cf-981e-ec3f3f2f8830","sources":[{"dataset":"OpenStreetMap","license":"ODbL-1.0","property":"","provider":"osm","record_id":"n3682835944@3","resource":"planet","update_time":"2019-05-17T10:01:27Z","version":"2026-09-09"}],"version":1},"type":"Feature"},{"geometry":{"coordinates":[-86.8689595,35.9253953],"type":"Point"},"id":"1a3bbddb-d4ed-4385-a065-26317ca1c23a","properties":{"id":"1a3bbddb-d4ed-4385-a065-26317ca1c23a","sources":[{"dataset":"OpenStreetMap","license":"ODbL-1.0","property":"","provider":"osm","record_id":"n6480348055@3","resource":"planet","update_time":"2026-04-01T10:55:07Z","version":"2026-09-09"}],"version":1},"type":"Feature"},{"geometry":{"coordinates":[-86.8691448,35.9253029],"type":"Point"},"id":"0e4ee755-e514-4f1f-960d-5c4161f664e0","properties":{"id":"0e4ee755-e514-4f1f-960d-5c4161f664e0","sources":[{"dataset":"OpenStreetMap","license":"ODbL-1.0","property":"","provider":"osm","record_id":"n3682831221@4","resource":"planet","update_time":"2019-05-17T10:01:27Z","version":"2026-09-09"}],"version":1},"type":"Feature"},{"geometry":{"coordinates":[-86.8689543,35.9253398],"type":"Point"},"id":"5f53694f-b06d-44a2-89b7-d73b7a9faae2","properties":{"id":"5f53694f-b06d-44a2-89b7-d73b7a9faae2","sources":[{"dataset":"OpenStreetMap","license":"ODbL-1.0","property":"","provider":"osm","record_id":"n13686718842@1","resource":"planet","update_time":"2026-03-28T17:06:38Z","version":"2026-09-09"}],"version":1},"type":"Feature"},{"geometry":{"coordinates":[-86.8691827,35.9251977],"type":"Point"},"id":"486d9dc3-8d1b-4b6b-a9df-143d76d4cc90","properties":{"id":"486d9dc3-8d1b-4b6b-a9df-143d76d4cc90","sources":[{"dataset":"OpenStreetMap","license":"ODbL-1.0","property":"","provider":"osm","record_id":"n2562311633@4","resource":"planet","update_time":"2019-05-17T10:01:27Z","version":"2026-09-09"}],"version":1},"type":"Feature"},{"geometry":{"coordinates":[-86.8697834,35.9252422],"type":"Point"},"id":"85fe6afd-fb3e-4f65-85fa-8da54defd99b","properties":{"id":"85fe6afd-fb3e-4f65-85fa-8da54defd99b","sources":[{"dataset":"OpenStreetMap","license":"ODbL-1.0","property":"","provider":"osm","resource":"planet","version":"2026-09-09"}],"version":1},"type":"Feature"},{"geometry":{"coordinates":[-86.870254,35.925289],"type":"Point"},"id":"3ffe0951-bc1a-4491-bfd4-0f584601172a","properties":{"id":"3ffe0951-bc1a-4491-bfd4-0f584601172a","sources":[{"dataset":"OpenStreetMap","license":"ODbL-1.0","property":"","provider":"osm","record_id":"n6684666293@1","resource":"planet","update_time":"2019-08-05T14:09:34Z","version":"2026-09-09"}],"version":1},"type":"Feature"},{"geometry":{"coordinates":[-86.8699253,35.9254295],"type":"Point"},"id":"74476044-4225-4224-9439-039167bdc53b","properties":{"id":"74476044-4225-4224-9439-039167bdc53b","sources":[{"dataset":"OpenStreetMap","license":"ODbL-1.0","property":"","provider":"osm","resource":"planet","version":"2026-09-09"}],"version":1},"type":"Feature"},{"geometry":{"coordinates":[-86.8692283,35.9254675],"type":"Point"},"id":"0e76b79e-2af0-4ee4-9380-3e8724d722cd","properties":{"id":"0e76b79e-2af0-4ee4-9380-3e8724d722cd","sources":[{"dataset":"OpenStreetMap","license":"ODbL-1.0","property":"","provider":"osm","record_id":"n12697420164@1","resource":"planet","update_time":"2025-03-24T20:28:27Z","version":"2026-09-09"}],"version":1},"type":"Feature"},{"geometry":{"coordinates":[-86.8691477,35.9255101],"type":"Point"},"id":"1099349d-7b71-4425-b3fd-575d54b35dd3","properties":{"id":"1099349d-7b71-4425-b3fd-575d54b35dd3","sources":[{"dataset":"OpenStreetMap","license":"ODbL-1.0","property":"","provider":"osm","record_id":"n12697420152@3","resource":"planet","update_time":"2026-04-01T10:20:45Z","version":"2026-09-09"}],"version":2},"type":"Feature"},{"geometry":{"coordinates":[-86.8691371,35.9255152],"type":"Point"},"id":"63888d12-8fbf-4fef-a509-6c114e92cc8e","properties":{"id":"63888d12-8fbf-4fef-a509-6c114e92cc8e","sources":[{"dataset":"OpenStreetMap","license":"ODbL-1.0","property":"","provider":"osm","record_id":"n12697420151@3","resource":"planet","update_time":"2026-04-01T10:20:45Z","version":"2026-09-09"}],"version":2},"type":"Feature"},{"geometry":{"coordinates":[-86.8691531,35.9255286],"type":"Point"},"id":"9066ed51-c3a5-4b70-902a-a58af542653d","properties":{"id":"9066ed51-c3a5-4b70-902a-a58af542653d","sources":[{"dataset":"OpenStreetMap","license":"ODbL-1.0","property":"","provider":"osm","record_id":"n3682831220@3","resource":"planet","update_time":"2018-02-25T21:27:13Z","version":"2026-09-09"}],"version":1},"type":"Feature"},{"geometry":{"coordinates":[-86.8690895,35.9255331],"type":"Point"},"id":"916ec984-91db-42f4-a258-8d07d328c557","properties":{"id":"916ec984-91db-42f4-a258-8d07d328c557","sources":[{"dataset":"OpenStreetMap","license":"ODbL-1.0","property":"","provider":"osm","record_id":"n12697420149@1","resource":"planet","update_time":"2025-03-24T20:28:27Z","version":"2026-09-09"}],"version":1},"type":"Feature"},{"geometry":{"coordinates":[-86.8689752,35.9255641],"type":"Point"},"id":"23da2dc5-75fa-4714-a634-2a3c5b7d93bd","properties":{"id":"23da2dc5-75fa-4714-a634-2a3c5b7d93bd","sources":[{"dataset":"OpenStreetMap","license":"ODbL-1.0","property":"","provider":"osm","record_id":"n13686718841@1","resource":"planet","update_time":"2026-03-28T17:06:38Z","version":"2026-09-09"}],"version":1},"type":"Feature"},{"geometry":{"coordinates":[-86.8693747,35.9256648],"type":"Point"},"id":"92e38fd4-a25f-413e-9a83-880ed9ef12b4","properties":{"id":"92e38fd4-a25f-413e-9a83-880ed9ef12b4","sources":[{"dataset":"OpenStreetMap","license":"ODbL-1.0","property":"","provider":"osm","record_id":"n13697882378@1","resource":"planet","update_time":"2026-04-01T09:17:15Z","version":"2026-09-09"}],"version":1},"type":"Feature"},{"geometry":{"coordinates":[-86.8692825,35.9257042],"type":"Point"},"id":"264117b1-99a1-4a0b-b48a-f931f0ca8d3d","properties":{"id":"264117b1-99a1-4a0b-b48a-f931f0ca8d3d","sources":[{"dataset":"OpenStreetMap","license":"ODbL-1.0","property":"","provider":"osm","record_id":"n204075773@6","resource":"planet","update_time":"2018-02-25T21:27:12Z","version":"2026-09-09"}],"version":1},"type":"Feature"},{"geometry":{"coordinates":[-86.8692611,35.9257759],"type":"Point"},"id":"685a870b-2efd-43af-a138-c0d7658ebf8f","properties":{"id":"685a870b-2efd-43af-a138-c0d7658ebf8f","sources":[{"dataset":"OpenStreetMap","license":"ODbL-1.0","property":"","provider":"osm","record_id":"n13697882377@1","resource":"planet","update_time":"2026-04-01T09:17:15Z","version":"2026-09-09"}],"version":1},"type":"Feature"},{"geometry":{"coordinates":[-86.8693167,35.9257516],"type":"Point"},"id":"fb31499d-9d09-4a64-8b1e-e4ccaaf86bf4","properties":{"id":"fb31499d-9d09-4a64-8b1e-e4ccaaf86bf4","sources":[{"dataset":"OpenStreetMap","license":"ODbL-1.0","property":"","provider":"osm","record_id":"n7071473278@1","resource":"planet","update_time":"2019-12-20T06:35:05Z","version":"2026-09-09"}],"version":1},"type":"Feature"},{"geometry":{"coordinates":[-86.870241,35.9258702],"type":"Point"},"id":"06e53a48-8642-406e-8508-22f35eec100f","properties":{"id":"06e53a48-8642-406e-8508-22f35eec100f","sources":[{"dataset":"OpenStreetMap","license":"ODbL-1.0","property":"","provider":"osm","record_id":"n6684666294@1","resource":"planet","update_time":"2019-08-05T14:09:34Z","version":"2026-09-09"}],"version":1},"type":"Feature"},{"geometry":{"coordinates":[-86.8701395,35.925929],"type":"Point"},"id":"6ffff659-dce7-4f28-855f-b2281c9979dc","properties":{"id":"6ffff659-dce7-4f28-855f-b2281c9979dc","sources":[{"dataset":"OpenStreetMap","license":"ODbL-1.0","property":"","provider":"osm","resource":"planet","version":"2026-09-09"}],"version":1},"type":"Feature"},{"geometry":{"coordinates":[-86.8696604,35.9260497],"type":"Point"},"id":"bb5cd712-9bf7-42b9-a04b-82c77761a202","properties":{"id":"bb5cd712-9bf7-42b9-a04b-82c77761a202","sources":[{"dataset":"OpenStreetMap","license":"ODbL-1.0","property":"","provider":"osm","resource":"planet","version":"2026-09-09"}],"version":1},"type":"Feature"},{"geometry":{"coordinates":[-86.869557,35.9260854],"type":"Point"},"id":"b1b13a60-72c8-48a0-8b30-8b0d3dc29b9c","properties":{"id":"b1b13a60-72c8-48a0-8b30-8b0d3dc29b9c","sources":[{"dataset":"OpenStreetMap","license":"ODbL-1.0","property":"","provider":"osm","resource":"planet","version":"2026-09-09"}],"version":1},"type":"Feature"},{"geometry":{"coordinates":[-86.8690713,35.9261147],"type":"Point"},"id":"c341fa97-12c5-4be9-a090-226f115bc28c","properties":{"id":"c341fa97-12c5-4be9-a090-226f115bc28c","sources":[{"dataset":"OpenStreetMap","license":"ODbL-1.0","property":"","provider":"osm","resource":"planet","version":"2026-09-09"}],"version":1},"type":"Feature"},{"geometry":{"coordinates":[-86.8689791,35.9259837],"type":"Point"},"id":"98121895-18de-4a50-a00a-b68ea21112e5","properties":{"id":"98121895-18de-4a50-a00a-b68ea21112e5","sources":[{"dataset":"OpenStreetMap","license":"ODbL-1.0","property":"","provider":"osm","resource":"planet","version":"2026-09-09"}],"version":1},"type":"Feature"},{"geometry":{"coordinates":[-86.8688427,35.9259557],"type":"Point"},"id":"54621060-af1d-4e49-9f67-d534bfd8a19c","properties":{"id":"54621060-af1d-4e49-9f67-d534bfd8a19c","sources":[{"dataset":"OpenStreetMap","license":"ODbL-1.0","property":"","provider":"osm","record_id":"n7071473280@0","resource":"planet","version":"2026-09-09"}],"version":1},"type":"Feature"},{"geometry":{"coordinates":[-86.8693964,35.9259673],"type":"Point"},"id":"0beb055e-6980-46a8-8ddf-fc622f4908ed","properties":{"id":"0beb055e-6980-46a8-8ddf-fc622f4908ed","sources":[{"dataset":"OpenStreetMap","license":"ODbL-1.0","property":"","provider":"osm","record_id":"n13697882376@1","resource":"planet","update_time":"2026-04-01T09:17:15Z","version":"2026-09-09"}],"version":1},"type":"Feature"},{"geometry":{"coordinates":[-86.8694534,35.9259415],"type":"Point"},"id":"c472c334-61b7-4676-a09b-7ff290356cd1","properties":{"id":"c472c334-61b7-4676-a09b-7ff290356cd1","sources":[{"dataset":"OpenStreetMap","license":"ODbL-1.0","property":"","provider":"osm","record_id":"n8484970924@1","resource":"planet","update_time":"2021-03-04T07:14:07Z","version":"2026-09-09"}],"version":1},"type":"Feature"},{"geometry":{"coordinates":[-86.8693965,35.9258625],"type":"Point"},"id":"84b2a5f0-a40a-49b0-bc9b-d31f4b66041c","properties":{"id":"84b2a5f0-a40a-49b0-bc9b-d31f4b66041c","sources":[{"dataset":"OpenStreetMap","license":"ODbL-1.0","property":"","provider":"osm","record_id":"n6684666290@1","resource":"planet","update_time":"2019-08-05T14:09:34Z","version":"2026-09-09"}],"version":1},"type":"Feature"},{"geometry":{"coordinates":[-86.8694898,35.9258198],"type":"Point"},"id":"6247dc77-1f9a-4d34-aedd-94a9985b845f","properties":{"id":"6247dc77-1f9a-4d34-aedd-94a9985b845f","sources":[{"dataset":"OpenStreetMap","license":"ODbL-1.0","property":"","provider":"osm","record_id":"n13697882375@1","resource":"planet","update_time":"2026-04-01T09:17:15Z","version":"2026-09-09"}],"version":1},"type":"Feature"},{"geometry":{"coordinates":[-86.8687053,35.925953],"type":"Point"},"id":"faec54d1-8196-4b74-8c62-6d407a74cc75","properties":{"id":"faec54d1-8196-4b74-8c62-6d407a74cc75","sources":[{"dataset":"OpenStreetMap","license":"ODbL-1.0","property":"","provider":"osm","record_id":"n8484970932@1","resource":"planet","update_time":"2021-03-04T07:14:07Z","version":"2026-09-09"}],"version":1},"type":"Feature"},{"geometry":{"coordinates":[-86.867722,35.9258631],"type":"Point"},"id":"eb1109be-7807-42e2-8c51-7f70a3903e6e","properties":{"id":"eb1109be-7807-42e2-8c51-7f70a3903e6e","sources":[{"dataset":"OpenStreetMap","license":"ODbL-1.0","property":"","provider":"osm","record_id":"n12093728335@1","resource":"planet","update_time":"2024-08-05T16:02:43Z","version":"2026-09-09"}],"version":1},"type":"Feature"},{"geometry":{"coordinates":[-86.8675638,35.925842],"type":"Point"},"id":"92fd7c6c-6bd8-450e-a8b1-1b2148f921ab","properties":{"id":"92fd7c6c-6bd8-450e-a8b1-1b2148f921ab","sources":[{"dataset":"OpenStreetMap","license":"ODbL-1.0","property":"","provider":"osm","record_id":"n204108285@4","resource":"planet","update_time":"2024-04-22T17:18:50Z","version":"2026-09-09"}],"version":1},"type":"Feature"},{"geometry":{"coordinates":[-86.8674865,35.9258818],"type":"Point"},"id":"0dc7a95e-6742-42f0-b552-90d7e59cba0b","properties":{"id":"0dc7a95e-6742-42f0-b552-90d7e59cba0b","sources":[{"dataset":"OpenStreetMap","license":"ODbL-1.0","property":"","provider":"osm","record_id":"n12093728341@2","resource":"planet","update_time":"2026-04-01T09:11:08Z","version":"2026-09-09"}],"version":1},"type":"Feature"},{"geometry":{"coordinates":[-86.8676152,35.9259136],"type":"Point"},"id":"75d7a201-ea8a-436a-b7b1-09d728b438c4","properties":{"id":"75d7a201-ea8a-436a-b7b1-09d728b438c4","sources":[{"dataset":"OpenStreetMap","license":"ODbL-1.0","property":"","provider":"osm","record_id":"n12093728338@2","resource":"planet","update_time":"2026-04-01T09:11:08Z","version":"2026-09-09"}],"version":1},"type":"Feature"},{"geometry":{"coordinates":[-86.8675346,35.9259518],"type":"Point"},"id":"57673543-2110-4a5c-920d-4ce5ea439aac","properties":{"id":"57673543-2110-4a5c-920d-4ce5ea439aac","sources":[{"dataset":"OpenStreetMap","license":"ODbL-1.0","property":"","provider":"osm","record_id":"n12093728334@1","resource":"planet","update_time":"2024-08-05T16:02:43Z","version":"2026-09-09"}],"version":1},"type":"Feature"},{"geometry":{"coordinates":[-86.867854,35.925982],"type":"Point"},"id":"5c4140b6-a209-415a-8960-c5467c04adbf","properties":{"id":"5c4140b6-a209-415a-8960-c5467c04adbf","sources":[{"dataset":"OpenStreetMap","license":"ODbL-1.0","property":"","provider":"osm","resource":"planet","version":"2026-09-09"}],"version":1},"type":"Feature"},{"geometry":{"coordinates":[-86.8677223,35.9260628],"type":"Point"},"id":"5cee54cb-ca70-45d3-9114-23a4cbffcb8d","properties":{"id":"5cee54cb-ca70-45d3-9114-23a4cbffcb8d","sources":[{"dataset":"OpenStreetMap","license":"ODbL-1.0","property":"","provider":"osm","resource":"planet","version":"2026-09-09"}],"version":1},"type":"Feature"},{"geometry":{"coordinates":[-86.8681651,35.926126],"type":"Point"},"id":"b2d3f864-076d-456f-ba47-578554bfbcd7","properties":{"id":"b2d3f864-076d-456f-ba47-578554bfbcd7","sources":[{"dataset":"OpenStreetMap","license":"ODbL-1.0","property":"","provider":"osm","resource":"planet","version":"2026-09-09"}],"version":1},"type":"Feature"},{"geometry":{"coordinates":[-86.868786,35.9260722],"type":"Point"},"id":"6d0e5288-0305-45a3-bda0-15fba5471f4e","properties":{"id":"6d0e5288-0305-45a3-bda0-15fba5471f4e","sources":[{"dataset":"OpenStreetMap","license":"ODbL-1.0","property":"","provider":"osm","record_id":"n8484970928@1","resource":"planet","update_time":"2021-03-04T07:14:07Z","version":"2026-09-09"}],"version":1},"type":"Feature"},{"geometry":{"coordinates":[-86.8686251,35.9261793],"type":"Point"},"id":"e1c7e579-e826-47ec-99b4-5294b91e8ff8","properties":{"id":"e1c7e579-e826-47ec-99b4-5294b91e8ff8","sources":[{"dataset":"OpenStreetMap","license":"ODbL-1.0","property":"","provider":"osm","record_id":"n6684666297@1","resource":"planet","update_time":"2019-08-05T14:09:34Z","version":"2026-09-09"}],"version":1},"type":"Feature"},{"geometry":{"coordinates":[-86.8677602,35.9262238],"type":"Point"},"id":"32621f4e-7202-494b-904e-fe23951ee337","properties":{"id":"32621f4e-7202-494b-904e-fe23951ee337","sources":[{"dataset":"OpenStreetMap","license":"ODbL-1.0","property":"","provider":"osm","record_id":"n13697871865@1","resource":"planet","update_time":"2026-04-01T09:11:08Z","version":"2026-09-09"}],"version":1},"type":"Feature"},{"geometry":{"coordinates":[-86.8678182,35.9261962],"type":"Point"},"id":"9378981e-d74a-4911-8d78-1aa9857576d5","properties":{"id":"9378981e-d74a-4911-8d78-1aa9857576d5","sources":[{"dataset":"OpenStreetMap","license":"ODbL-1.0","property":"","provider":"osm","record_id":"n8484970935@1","resource":"planet","update_time":"2021-03-04T07:14:07Z","version":"2026-09-09"}],"version":1},"type":"Feature"},{"geometry":{"coordinates":[-86.8678665,35.9262635],"type":"Point"},"id":"1ca23c62-87c0-43be-b1f6-435e12649dec","properties":{"id":"1ca23c62-87c0-43be-b1f6-435e12649dec","sources":[{"dataset":"OpenStreetMap","license":"ODbL-1.0","property":"","provider":"osm","record_id":"n8484970929@1","resource":"planet","update_time":"2021-03-04T07:14:07Z","version":"2026-09-09"}],"version":1},"type":"Feature"},{"geometry":{"coordinates":[-86.8673371,35.9264257],"type":"Point"},"id":"a7057a23-5683-40d8-aeee-64bd5729234f","properties":{"id":"a7057a23-5683-40d8-aeee-64bd5729234f","sources":[{"dataset":"OpenStreetMap","license":"ODbL-1.0","property":"","provider":"osm","record_id":"n8484970938@0","resource":"planet","version":"2026-09-09"}],"version":2},"type":"Feature"},{"geometry":{"coordinates":[-86.8680139,35.9264688],"type":"Point"},"id":"846dcf9e-a93d-472e-bc7d-8151d8e3d18b","properties":{"id":"846dcf9e-a93d-472e-bc7d-8151d8e3d18b","sources":[{"dataset":"OpenStreetMap","license":"ODbL-1.0","property":"","provider":"osm","record_id":"n6684666295@1","resource":"planet","update_time":"2019-08-05T14:09:34Z","version":"2026-09-09"}],"version":1},"type":"Feature"},{"geometry":{"coordinates":[-86.8692031,35.9264078],"type":"Point"},"id":"eff34140-9a9a-4bab-98db-aa187d5ad884","properties":{"id":"eff34140-9a9a-4bab-98db-aa187d5ad884","sources":[{"dataset":"OpenStreetMap","license":"ODbL-1.0","property":"","provider":"osm","record_id":"n6684666311@1","resource":"planet","update_time":"2019-08-05T14:09:34Z","version":"2026-09-09"}],"version":1},"type":"Feature"},{"geometry":{"coordinates":[-86.8695914,35.9262432],"type":"Point"},"id":"69848ca8-253b-43fd-80e9-abdc83f80401","properties":{"id":"69848ca8-253b-43fd-80e9-abdc83f80401","sources":[{"dataset":"OpenStreetMap","license":"ODbL-1.0","property":"","provider":"osm","record_id":"n13697882374@1","resource":"planet","update_time":"2026-04-01T09:17:15Z","version":"2026-09-09"}],"version":1},"type":"Feature"},{"geometry":{"coordinates":[-86.8696519,35.9262172],"type":"Point"},"id":"87d6090d-f1ab-4e89-9c05-0a8d0dfbd873","properties":{"id":"87d6090d-f1ab-4e89-9c05-0a8d0dfbd873","sources":[{"dataset":"OpenStreetMap","license":"ODbL-1.0","property":"","provider":"osm","record_id":"n6684666286@1","resource":"planet","update_time":"2019-08-05T14:09:34Z","version":"2026-09-09"}],"version":1},"type":"Feature"},{"geometry":{"coordinates":[-86.8697489,35.926169],"type":"Point"},"id":"743d73c7-2c94-44ad-90f3-45b6abbf4444","properties":{"id":"743d73c7-2c94-44ad-90f3-45b6abbf4444","sources":[{"dataset":"OpenStreetMap","license":"ODbL-1.0","property":"","provider":"osm","record_id":"n13697882373@1","resource":"planet","update_time":"2026-04-01T09:17:15Z","version":"2026-09-09"}],"version":1},"type":"Feature"},{"geometry":{"coordinates":[-86.8713684,35.9261031],"type":"Point"},"id":"535fb84f-99d2-4924-91a0-4b0914d41e20","properties":{"id":"535fb84f-99d2-4924-91a0-4b0914d41e20","sources":[{"dataset":"OpenStreetMap","license":"ODbL-1.0","property":"","provider":"osm","record_id":"n204135218@5","resource":"planet","update_time":"2018-02-25T21:27:13Z","version":"2026-09-09"}],"version":1},"type":"Feature"},{"geometry":{"coordinates":[-86.871901,35.9258588],"type":"Point"},"id":"aab3b25e-d865-4b5b-be00-6ee17140f506","properties":{"id":"aab3b25e-d865-4b5b-be00-6ee17140f506","sources":[{"dataset":"OpenStreetMap","license":"ODbL-1.0","property":"","provider":"osm","record_id":"n6690484094@1","resource":"planet","update_time":"2019-08-07T08:27:35Z","version":"2026-09-09"}],"version":1},"type":"Feature"},{"geometry":{"coordinates":[-86.873093,35.9259674],"type":"Point"},"id":"76af66ad-759f-44cc-b7f4-3fd50631e644","properties":{"id":"76af66ad-759f-44cc-b7f4-3fd50631e644","sources":[{"dataset":"OpenStreetMap","license":"ODbL-1.0","property":"","provider":"osm","record_id":"n6690484112@1","resource":"planet","update_time":"2019-08-07T08:27:35Z","version":"2026-09-09"}],"version":1},"type":"Feature"},{"geometry":{"coordinates":[-86.8731674,35.9260742],"type":"Point"},"id":"f205414a-c276-4de3-b0bf-cdb1f92058e9","properties":{"id":"f205414a-c276-4de3-b0bf-cdb1f92058e9","sources":[{"dataset":"OpenStreetMap","license":"ODbL-1.0","property":"","provider":"osm","record_id":"n6690484111@1","resource":"planet","update_time":"2019-08-07T08:27:35Z","version":"2026-09-09"}],"version":1},"type":"Feature"},{"geometry":{"coordinates":[-86.8732401,35.9261787],"type":"Point"},"id":"96a48075-bb78-4981-86b5-3980d5f9575d","properties":{"id":"96a48075-bb78-4981-86b5-3980d5f9575d","sources":[{"dataset":"OpenStreetMap","license":"ODbL-1.0","property":"","provider":"osm","record_id":"n6690484103@1","resource":"planet","update_time":"2019-08-07T08:27:35Z","version":"2026-09-09"}],"version":1},"type":"Feature"},{"geometry":{"coordinates":[-86.8731503,35.9262725],"type":"Point"},"id":"455d804d-a910-499e-985d-239669f4e677","properties":{"id":"455d804d-a910-499e-985d-239669f4e677","sources":[{"dataset":"OpenStreetMap","license":"ODbL-1.0","property":"","provider":"osm","resource":"planet","version":"2026-09-09"}],"version":2},"type":"Feature"},{"geometry":{"coordinates":[-86.8723153,35.9262481],"type":"Point"},"id":"01f4d829-96d2-405d-847f-5825e1adfc31","properties":{"id":"01f4d829-96d2-405d-847f-5825e1adfc31","sources":[{"dataset":"OpenStreetMap","license":"ODbL-1.0","property":"","provider":"osm","record_id":"n6690484096@1","resource":"planet","update_time":"2019-08-07T08:27:35Z","version":"2026-09-09"}],"version":1},"type":"Feature"},{"geometry":{"coordinates":[-86.8740529,35.9264699],"type":"Point"},"id":"a68202be-db68-4351-bb65-ea7782228e13","properties":{"id":"a68202be-db68-4351-bb65-ea7782228e13","sources":[{"dataset":"OpenStreetMap","license":"ODbL-1.0","property":"","provider":"osm","record_id":"n12339800390@0","resource":"planet","version":"2026-09-09"}],"version":1},"type":"Feature"},{"geometry":{"coordinates":[-86.8736329,35.9262924],"type":"Point"},"id":"35b82ac3-0bc4-4fd2-b1a9-d49d28628c5c","properties":{"id":"35b82ac3-0bc4-4fd2-b1a9-d49d28628c5c","sources":[{"dataset":"OpenStreetMap","license":"ODbL-1.0","property":"","provider":"osm","resource":"planet","version":"2026-09-09"}],"version":1},"type":"Feature"},{"geometry":{"coordinates":[-86.8742632,35.9263692],"type":"Point"},"id":"746b119d-dbd6-4616-b531-02b219b654f6","properties":{"id":"746b119d-dbd6-4616-b531-02b219b654f6","sources":[{"dataset":"OpenStreetMap","license":"ODbL-1.0","property":"","provider":"osm","resource":"planet","version":"2026-09-09"}],"version":1},"type":"Feature"},{"geometry":{"coordinates":[-86.875149,35.9261743],"type":"Point"},"id":"fec257b3-667e-4d32-a8a0-18e52b74c8b5","properties":{"id":"fec257b3-667e-4d32-a8a0-18e52b74c8b5","sources":[{"dataset":"OpenStreetMap","license":"ODbL-1.0","property":"","provider":"osm","record_id":"n7147848048@1","resource":"planet","update_time":"2020-01-21T04:29:52Z","version":"2026-09-09"}],"version":1},"type":"Feature"},{"geometry":{"coordinates":[-86.8751085,35.9259564],"type":"Point"},"id":"8f0ba938-b9c7-4edb-9a7f-8a3f8ca1ebc5","properties":{"id":"8f0ba938-b9c7-4edb-9a7f-8a3f8ca1ebc5","sources":[{"dataset":"OpenStreetMap","license":"ODbL-1.0","property":"","provider":"osm","record_id":"n5435897172@1","resource":"planet","update_time":"2018-02-25T19:13:08Z","version":"2026-09-09"}],"version":1},"type":"Feature"},{"geometry":{"coordinates":[-86.8742978,35.9260087],"type":"Point"},"id":"be703575-d1bc-42dc-a3ae-ab58121d5e5c","properties":{"id":"be703575-d1bc-42dc-a3ae-ab58121d5e5c","sources":[{"dataset":"OpenStreetMap","license":"ODbL-1.0","property":"","provider":"osm","resource":"planet","version":"2026-09-09"}],"version":1},"type":"Feature"},{"geometry":{"coordinates":[-86.8738671,35.9259243],"type":"Point"},"id":"e6a55e54-7632-4c76-9860-b22783c17878","properties":{"id":"e6a55e54-7632-4c76-9860-b22783c17878","sources":[{"dataset":"OpenStreetMap","license":"ODbL-1.0","property":"","provider":"osm","record_id":"n6690484106@1","resource":"planet","update_time":"2019-08-07T08:27:35Z","version":"2026-09-09"}],"version":1},"type":"Feature"},{"geometry":{"coordinates":[-86.8737968,35.9258256],"type":"Point"},"id":"b4271eac-aae2-47b3-83b1-3f857efa91b3","properties":{"id":"b4271eac-aae2-47b3-83b1-3f857efa91b3","sources":[{"dataset":"OpenStreetMap","license":"ODbL-1.0","property":"","provider":"osm","record_id":"n6690484110@1","resource":"planet","update_time":"2019-08-07T08:27:35Z","version":"2026-09-09"}],"version":1},"type":"Feature"},{"geometry":{"coordinates":[-86.8736467,35.9258849],"type":"Point"},"id":"c303cd69-303e-4067-9cdd-ef9d8638ac6e","properties":{"id":"c303cd69-303e-4067-9cdd-ef9d8638ac6e","sources":[{"dataset":"OpenStreetMap","license":"ODbL-1.0","property":"","provider":"osm","record_id":"n6752835772@1","resource":"planet","update_time":"2019-08-28T09:50:51Z","version":"2026-09-09"}],"version":1},"type":"Feature"},{"geometry":{"coordinates":[-86.8764401,35.9251005],"type":"Point"},"id":"00c2c012-0c45-43b7-bc6a-fd1202a445a8","properties":{"id":"00c2c012-0c45-43b7-bc6a-fd1202a445a8","sources":[{"dataset":"OpenStreetMap","license":"ODbL-1.0","property":"","provider":"osm","record_id":"n204119189@6","resource":"planet","update_time":"2018-02-25T19:34:53Z","version":"2026-09-09"}],"version":1},"type":"Feature"},{"geometry":{"coordinates":[-86.8752418,35.9252138],"type":"Point"},"id":"7b86df96-283a-436d-8bf8-5532532ce696","properties":{"id":"7b86df96-283a-436d-8bf8-5532532ce696","sources":[{"dataset":"OpenStreetMap","license":"ODbL-1.0","property":"","provider":"osm","record_id":"n7051368559@1","resource":"planet","update_time":"2019-12-12T08:41:03Z","version":"2026-09-09"}],"version":1},"type":"Feature"},{"geometry":{"coordinates":[-86.8738141,35.9251972],"type":"Point"},"id":"8b4d77cb-4516-4977-b588-af0693bc3e8b","properties":{"id":"8b4d77cb-4516-4977-b588-af0693bc3e8b","sources":[{"dataset":"OpenStreetMap","license":"ODbL-1.0","property":"","provider":"osm","record_id":"n7147848042@1","resource":"planet","update_time":"2020-01-21T04:29:52Z","version":"2026-09-09"}],"version":1},"type":"Feature"},{"geometry":{"coordinates":[-86.8734888,35.9251013],"type":"Point"},"id":"8ec17f2d-1f22-4485-85b0-6fe192f991ad","properties":{"id":"8ec17f2d-1f22-4485-85b0-6fe192f991ad","sources":[{"dataset":"OpenStreetMap","license":"ODbL-1.0","property":"","provider":"osm","record_id":"n6690484105@1","resource":"planet","update_time":"2019-08-07T08:27:35Z","version":"2026-09-09"}],"version":1},"type":"Feature"},{"geometry":{"coordinates":[-86.8730419,35.9250988],"type":"Point"},"id":"e05542ff-25eb-4493-82a1-6f4046a9452c","properties":{"id":"e05542ff-25eb-4493-82a1-6f4046a9452c","sources":[{"dataset":"OpenStreetMap","license":"ODbL-1.0","property":"","provider":"osm","record_id":"n7884277563@1","resource":"planet","update_time":"2020-09-07T14:45:47Z","version":"2026-09-09"}],"version":1},"type":"Feature"},{"geometry":{"coordinates":[-86.873342,35.9251744],"type":"Point"},"id":"62a9b81f-87b3-4251-8c0a-2e36e4a17e99","properties":{"id":"62a9b81f-87b3-4251-8c0a-2e36e4a17e99","sources":[{"dataset":"OpenStreetMap","license":"ODbL-1.0","property":"","provider":"osm","record_id":"n6690484109@1","resource":"planet","update_time":"2019-08-07T08:27:35Z","version":"2026-09-09"}],"version":1},"type":"Feature"},{"geometry":{"coordinates":[-86.8733078,35.9251914],"type":"Point"},"id":"5d75cd99-a72d-43d6-a638-c6228b29ea9e","properties":{"id":"5d75cd99-a72d-43d6-a638-c6228b29ea9e","sources":[{"dataset":"OpenStreetMap","license":"ODbL-1.0","property":"","provider":"osm","record_id":"n7884277559@1","resource":"planet","update_time":"2020-09-07T14:45:47Z","version":"2026-09-09"}],"version":1},"type":"Feature"},{"geometry":{"coordinates":[-86.8729259,35.9253815],"type":"Point"},"id":"0bacd938-795b-47be-9331-04b8a97db3de","properties":{"id":"0bacd938-795b-47be-9331-04b8a97db3de","sources":[{"dataset":"OpenStreetMap","license":"ODbL-1.0","property":"","provider":"osm","record_id":"n12089273235@1","resource":"planet","update_time":"2024-08-02T16:50:19Z","version":"2026-09-09"}],"version":1},"type":"Feature"},{"geometry":{"coordinates":[-86.8726564,35.9253467],"type":"Point"},"id":"9e829a81-8b9f-4e8f-98ce-45652a0b7930","properties":{"id":"9e829a81-8b9f-4e8f-98ce-45652a0b7930","sources":[{"dataset":"OpenStreetMap","license":"ODbL-1.0","property":"","provider":"osm","record_id":"n12089273232@1","resource":"planet","update_time":"2024-08-02T16:50:19Z","version":"2026-09-09"}],"version":1},"type":"Feature"},{"geometry":{"coordinates":[-86.8727793,35.9252882],"type":"Point"},"id":"049c6ef4-c6b2-47d0-8d30-4521d47bbd1c","properties":{"id":"049c6ef4-c6b2-47d0-8d30-4521d47bbd1c","sources":[{"dataset":"OpenStreetMap","license":"ODbL-1.0","property":"","provider":"osm","record_id":"n12089273231@1","resource":"planet","update_time":"2024-08-02T16:50:19Z","version":"2026-09-09"}],"version":1},"type":"Feature"},{"geometry":{"coordinates":[-86.8728578,35.9252889],"type":"Point"},"id":"f6c120e4-26c9-402f-ae03-bc98fd880b4a","properties":{"id":"f6c120e4-26c9-402f-ae03-bc98fd880b4a","sources":[{"dataset":"OpenStreetMap","license":"ODbL-1.0","property":"","provider":"osm","record_id":"n12089273227@1","resource":"planet","update_time":"2024-08-02T16:50:19Z","version":"2026-09-09"}],"version":1},"type":"Feature"},{"geometry":{"coordinates":[-86.8731495,35.9252702],"type":"Point"},"id":"27e9e0a1-f5cf-48f8-b7f5-d424a1624b85","properties":{"id":"27e9e0a1-f5cf-48f8-b7f5-d424a1624b85","sources":[{"dataset":"OpenStreetMap","license":"ODbL-1.0","property":"","provider":"osm","record_id":"n7884277564@1","resource":"planet","update_time":"2020-09-07T14:45:47Z","version":"2026-09-09"}],"version":1},"type":"Feature"},{"geometry":{"coordinates":[-86.872747,35.9254706],"type":"Point"},"id":"2ef4fb0e-abca-4d67-9fa9-f4a99fae2207","properties":{"id":"2ef4fb0e-abca-4d67-9fa9-f4a99fae2207","sources":[{"dataset":"OpenStreetMap","license":"ODbL-1.0","property":"","provider":"osm","record_id":"n204121704@6","resource":"planet","update_time":"2018-07-11T20:45:41Z","version":"2026-09-09"}],"version":1},"type":"Feature"},{"geometry":{"coordinates":[-86.8726627,35.9255093],"type":"Point"},"id":"ca3a6526-1c34-4657-bbed-a474a85edb11","properties":{"id":"ca3a6526-1c34-4657-bbed-a474a85edb11","sources":[{"dataset":"OpenStreetMap","license":"ODbL-1.0","property":"","provider":"osm","record_id":"n12089273233@1","resource":"planet","update_time":"2024-08-02T16:50:19Z","version":"2026-09-09"}],"version":1},"type":"Feature"},{"geometry":{"coordinates":[-86.8728026,35.9255504],"type":"Point"},"id":"dbd330a6-3c90-4f47-8254-6ec1751e72f3","properties":{"id":"dbd330a6-3c90-4f47-8254-6ec1751e72f3","sources":[{"dataset":"OpenStreetMap","license":"ODbL-1.0","property":"","provider":"osm","record_id":"n12089273234@1","resource":"planet","update_time":"2024-08-02T16:50:19Z","version":"2026-09-09"}],"version":1},"type":"Feature"},{"geometry":{"coordinates":[-86.8709797,35.925571],"type":"Point"},"id":"3a394227-fa65-4b86-94a1-8cd440b963d7","properties":{"id":"3a394227-fa65-4b86-94a1-8cd440b963d7","sources":[{"dataset":"OpenStreetMap","license":"ODbL-1.0","property":"","provider":"osm","record_id":"n6690484097@1","resource":"planet","update_time":"2019-08-07T08:27:35Z","version":"2026-09-09"}],"version":1},"type":"Feature"},{"geometry":{"coordinates":[-86.87065,35.9251198],"type":"Point"},"id":"34358505-a5b5-4bfe-b0d0-9c26c41de5f5","properties":{"id":"34358505-a5b5-4bfe-b0d0-9c26c41de5f5","sources":[{"dataset":"OpenStreetMap","license":"ODbL-1.0","property":"","provider":"osm","record_id":"n204075772@5","resource":"planet","update_time":"2018-02-25T21:27:12Z","version":"2026-09-09"}],"version":1},"type":"Feature"},{"geometry":{"coordinates":[-86.8705901,35.9250334],"type":"Point"},"id":"2209f66e-8878-4558-940f-193651eb0f4b","properties":{"id":"2209f66e-8878-4558-940f-193651eb0f4b","sources":[{"dataset":"OpenStreetMap","license":"ODbL-1.0","property":"","provider":"osm","record_id":"n5538593498@1","resource":"planet","update_time":"2018-04-08T19:51:52Z","version":"2026-09-09"}],"version":1},"type":"Feature"},{"geometry":{"coordinates":[-86.8705077,35.9249145],"type":"Point"},"id":"378764c4-2d2e-41fb-ba4f-3d67b7a2a939","properties":{"id":"378764c4-2d2e-41fb-ba4f-3d67b7a2a939","sources":[{"dataset":"OpenStreetMap","license":"ODbL-1.0","property":"","provider":"osm","record_id":"n204063060@5","resource":"planet","update_time":"2018-02-25T21:27:12Z","version":"2026-09-09"}],"version":1},"type":"Feature"},{"geometry":{"coordinates":[-86.8710744,35.9248129],"type":"Point"},"id":"a1e58864-c931-49c3-bf61-15b99b08542b","properties":{"id":"a1e58864-c931-49c3-bf61-15b99b08542b","sources":[{"dataset":"OpenStreetMap","license":"ODbL-1.0","property":"","provider":"osm","record_id":"n5538593497@1","resource":"planet","update_time":"2018-04-08T19:51:52Z","version":"2026-09-09"}],"version":1},"type":"Feature"},{"geometry":{"coordinates":[-86.8715332,35.9248437],"type":"Point"},"id":"7eee703d-55e2-4e60-95fb-b6ab4426bb22","properties":{"id":"7eee703d-55e2-4e60-95fb-b6ab4426bb22","sources":[{"dataset":"OpenStreetMap","license":"ODbL-1.0","property":"","provider":"osm","record_id":"n5538560615@1","resource":"planet","update_time":"2018-04-08T19:28:17Z","version":"2026-09-09"}],"version":1},"type":"Feature"},{"geometry":{"coordinates":[-86.8716333,35.9249922],"type":"Point"},"id":"03a8261d-712c-498d-b86c-639a51b38fea","properties":{"id":"03a8261d-712c-498d-b86c-639a51b38fea","sources":[{"dataset":"OpenStreetMap","license":"ODbL-1.0","property":"","provider":"osm","record_id":"n6690484102@1","resource":"planet","update_time":"2019-08-07T08:27:35Z","version":"2026-09-09"}],"version":1},"type":"Feature"},{"geometry":{"coordinates":[-86.8724546,35.9250705],"type":"Point"},"id":"38fda42d-9d26-4b6f-9677-ec4c0c06bc41","properties":{"id":"38fda42d-9d26-4b6f-9677-ec4c0c06bc41","sources":[{"dataset":"OpenStreetMap","license":"ODbL-1.0","property":"","provider":"osm","record_id":"n7884277558@1","resource":"planet","update_time":"2020-09-07T14:45:47Z","version":"2026-09-09"}],"version":1},"type":"Feature"},{"geometry":{"coordinates":[-86.8732267,35.9250224],"type":"Point"},"id":"2fb329d3-a7f5-4b20-b234-bcbabf32f256","properties":{"id":"2fb329d3-a7f5-4b20-b234-bcbabf32f256","sources":[{"dataset":"OpenStreetMap","license":"ODbL-1.0","property":"","provider":"osm","record_id":"n7884277562@1","resource":"planet","update_time":"2020-09-07T14:45:47Z","version":"2026-09-09"}],"version":1},"type":"Feature"},{"geometry":{"coordinates":[-86.8729203,35.92494],"type":"Point"},"id":"e55f1942-5357-4785-ad5e-3e7c95d2ee56","properties":{"id":"e55f1942-5357-4785-ad5e-3e7c95d2ee56","sources":[{"dataset":"OpenStreetMap","license":"ODbL-1.0","property":"","provider":"osm","record_id":"n7884277566@1","resource":"planet","update_time":"2020-09-07T14:45:47Z","version":"2026-09-09"}],"version":1},"type":"Feature"},{"geometry":{"coordinates":[-86.8728245,35.9249769],"type":"Point"},"id":"30ad433c-495a-45e3-873e-423ff47ab323","properties":{"id":"30ad433c-495a-45e3-873e-423ff47ab323","sources":[{"dataset":"OpenStreetMap","license":"ODbL-1.0","property":"","provider":"osm","record_id":"n7884277555@1","resource":"planet","update_time":"2020-09-07T14:45:47Z","version":"2026-09-09"}],"version":1},"type":"Feature"},{"geometry":{"coordinates":[-86.8729002,35.9248546],"type":"Point"},"id":"c4d1c4e0-dbf7-413c-a61f-4373769909a8","properties":{"id":"c4d1c4e0-dbf7-413c-a61f-4373769909a8","sources":[{"dataset":"OpenStreetMap","license":"ODbL-1.0","property":"","provider":"osm","record_id":"n7884277569@1","resource":"planet","update_time":"2020-09-07T14:45:47Z","version":"2026-09-09"}],"version":1},"type":"Feature"},{"geometry":{"coordinates":[-86.8730992,35.9248119],"type":"Point"},"id":"8bb55652-148e-4350-9d30-6a241f5c05bf","properties":{"id":"8bb55652-148e-4350-9d30-6a241f5c05bf","sources":[{"dataset":"OpenStreetMap","license":"ODbL-1.0","property":"","provider":"osm","record_id":"n7884277579@1","resource":"planet","update_time":"2020-09-07T14:45:47Z","version":"2026-09-09"}],"version":1},"type":"Feature"},{"geometry":{"coordinates":[-86.8721799,35.924692],"type":"Point"},"id":"5a4a0df5-d33c-4710-a6b9-0deb8e0d6d55","properties":{"id":"5a4a0df5-d33c-4710-a6b9-0deb8e0d6d55","sources":[{"dataset":"OpenStreetMap","license":"ODbL-1.0","property":"","provider":"osm","record_id":"n205513039@8","resource":"planet","update_time":"2024-07-15T18:25:32Z","version":"2026-09-09"}],"version":1},"type":"Feature"},{"geometry":{"coordinates":[-86.8720802,35.9246484],"type":"Point"},"id":"45702c0c-183e-4632-963f-8600b5218579","properties":{"id":"45702c0c-183e-4632-963f-8600b5218579","sources":[{"dataset":"OpenStreetMap","license":"ODbL-1.0","property":"","provider":"osm","record_id":"n12083244438@1","resource":"planet","update_time":"2024-07-30T13:34:59Z","version":"2026-09-09"}],"version":1},"type":"Feature"},{"geometry":{"coordinates":[-86.8722179,35.9245852],"type":"Point"},"id":"11ba9419-c823-4c8d-8ce1-a8554341afa5","properties":{"id":"11ba9419-c823-4c8d-8ce1-a8554341afa5","sources":[{"dataset":"OpenStreetMap","license":"ODbL-1.0","property":"","provider":"osm","record_id":"n12083244439@1","resource":"planet","update_time":"2024-07-30T13:34:59Z","version":"2026-09-09"}],"version":1},"type":"Feature"},{"geometry":{"coordinates":[-86.8721309,35.9246251],"type":"Point"},"id":"1c9ff6f7-0657-4f8a-8c24-3404d2931b3d","properties":{"id":"1c9ff6f7-0657-4f8a-8c24-3404d2931b3d","sources":[{"dataset":"OpenStreetMap","license":"ODbL-1.0","property":"","provider":"osm","record_id":"n12083244441@1","resource":"planet","update_time":"2024-07-30T13:34:59Z","version":"2026-09-09"}],"version":1},"type":"Feature"},{"geometry":{"coordinates":[-86.8722698,35.9246517],"type":"Point"},"id":"dcfbe389-2da4-4079-9f71-9e85cbc17737","properties":{"id":"dcfbe389-2da4-4079-9f71-9e85cbc17737","sources":[{"dataset":"OpenStreetMap","license":"ODbL-1.0","property":"","provider":"osm","record_id":"n12083244442@1","resource":"planet","update_time":"2024-07-30T13:34:59Z","version":"2026-09-09"}],"version":1},"type":"Feature"},{"geometry":{"coordinates":[-86.872308,35.9247007],"type":"Point"},"id":"bafe4696-757f-4b31-96af-d238c21f27d8","properties":{"id":"bafe4696-757f-4b31-96af-d238c21f27d8","sources":[{"dataset":"OpenStreetMap","license":"ODbL-1.0","property":"","provider":"osm","record_id":"n12083244440@1","resource":"planet","update_time":"2024-07-30T13:34:59Z","version":"2026-09-09"}],"version":1},"type":"Feature"},{"geometry":{"coordinates":[-86.872652,35.9245639],"type":"Point"},"id":"88a6260c-3be8-4009-92cf-5817f817359f","properties":{"id":"88a6260c-3be8-4009-92cf-5817f817359f","sources":[{"dataset":"OpenStreetMap","license":"ODbL-1.0","property":"","provider":"osm","record_id":"n7884277573@1","resource":"planet","update_time":"2020-09-07T14:45:47Z","version":"2026-09-09"}],"version":1},"type":"Feature"},{"geometry":{"coordinates":[-86.8726023,35.9245022],"type":"Point"},"id":"f5c9fe05-725f-48c8-8fa1-e4b9973a389b","properties":{"id":"f5c9fe05-725f-48c8-8fa1-e4b9973a389b","sources":[{"dataset":"OpenStreetMap","license":"ODbL-1.0","property":"","provider":"osm","record_id":"n7884277553@2","resource":"planet","update_time":"2024-07-15T18:25:32Z","version":"2026-09-09"}],"version":1},"type":"Feature"},{"geometry":{"coordinates":[-86.8724966,35.9245502],"type":"Point"},"id":"44996025-944a-4b80-8b3c-d376f607bdf2","properties":{"id":"44996025-944a-4b80-8b3c-d376f607bdf2","sources":[{"dataset":"OpenStreetMap","license":"ODbL-1.0","property":"","provider":"osm","record_id":"n8738831826@2","resource":"planet","update_time":"2024-07-15T18:25:32Z","version":"2026-09-09"}],"version":1},"type":"Feature"},{"geometry":{"coordinates":[-86.8712515,35.9244968],"type":"Point"},"id":"76a86352-6c64-4335-8f58-7eb498bd8ae2","properties":{"id":"76a86352-6c64-4335-8f58-7eb498bd8ae2","sources":[{"dataset":"OpenStreetMap","license":"ODbL-1.0","property":"","provider":"osm","record_id":"n5538561834@1","resource":"planet","update_time":"2018-04-08T19:28:18Z","version":"2026-09-09"}],"version":1},"type":"Feature"},{"geometry":{"coordinates":[-86.8718201,35.9245327],"type":"Point"},"id":"5220d492-364b-49cc-a44c-239608939a7e","properties":{"id":"5220d492-364b-49cc-a44c-239608939a7e","sources":[{"dataset":"OpenStreetMap","license":"ODbL-1.0","property":"","provider":"osm","record_id":"n5538560611@1","resource":"planet","update_time":"2018-04-08T19:28:17Z","version":"2026-09-09"}],"version":1},"type":"Feature"},{"geometry":{"coordinates":[-86.8714375,35.924703],"type":"Point"},"id":"63660e90-b15c-4d01-9636-f059210184ee","properties":{"id":"63660e90-b15c-4d01-9636-f059210184ee","sources":[{"dataset":"OpenStreetMap","license":"ODbL-1.0","property":"","provider":"osm","record_id":"n5538560610@1","resource":"planet","update_time":"2018-04-08T19:28:17Z","version":"2026-09-09"}],"version":1},"type":"Feature"},{"geometry":{"coordinates":[-86.8713482,35.9245717],"type":"Point"},"id":"5dc663f2-ac2f-4cad-a1ef-3cdded604055","properties":{"id":"5dc663f2-ac2f-4cad-a1ef-3cdded604055","sources":[{"dataset":"OpenStreetMap","license":"ODbL-1.0","property":"","provider":"osm","record_id":"n5538560609@1","resource":"planet","update_time":"2018-04-08T19:28:17Z","version":"2026-09-09"}],"version":1},"type":"Feature"},{"geometry":{"coordinates":[-86.8704159,35.9245948],"type":"Point"},"id":"d0b87c2d-238e-418e-8d67-e79c3e48ee96","properties":{"id":"d0b87c2d-238e-418e-8d67-e79c3e48ee96","sources":[{"dataset":"OpenStreetMap","license":"ODbL-1.0","property":"","provider":"osm","record_id":"n11860306643@1","resource":"planet","update_time":"2024-04-27T17:04:10Z","version":"2026-09-09"}],"version":1},"type":"Feature"},{"geometry":{"coordinates":[-86.8703633,35.9245236],"type":"Point"},"id":"2cd1bd21-ceac-469f-9a48-e0c02724480e","properties":{"id":"2cd1bd21-ceac-469f-9a48-e0c02724480e","sources":[{"dataset":"OpenStreetMap","license":"ODbL-1.0","property":"","provider":"osm","record_id":"n11860306650@3","resource":"planet","update_time":"2026-04-01T10:15:46Z","version":"2026-09-09"}],"version":1},"type":"Feature"},{"geometry":{"coordinates":[-86.8717805,35.924249],"type":"Point"},"id":"4208066a-64e1-4e70-966e-a8d81135d42c","properties":{"id":"4208066a-64e1-4e70-966e-a8d81135d42c","sources":[{"dataset":"OpenStreetMap","license":"ODbL-1.0","property":"","provider":"osm","record_id":"n13698039671@1","resource":"planet","update_time":"2026-04-01T10:24:53Z","version":"2026-09-09"}],"version":1},"type":"Feature"},{"geometry":{"coordinates":[-86.8718365,35.9242228],"type":"Point"},"id":"63d559a7-384a-4976-af96-d4ac45cc5804","properties":{"id":"63d559a7-384a-4976-af96-d4ac45cc5804","sources":[{"dataset":"OpenStreetMap","license":"ODbL-1.0","property":"","provider":"osm","record_id":"n204063057@4","resource":"planet","update_time":"2013-12-03T00:52:36Z","version":"2026-09-09"}],"version":1},"type":"Feature"},{"geometry":{"coordinates":[-86.8717025,35.9240204],"type":"Point"},"id":"5354a139-1761-484b-b0f7-1469dcfd2901","properties":{"id":"5354a139-1761-484b-b0f7-1469dcfd2901","sources":[{"dataset":"OpenStreetMap","license":"ODbL-1.0","property":"","provider":"osm","record_id":"n11835681717@2","resource":"planet","update_time":"2026-04-01T10:15:46Z","version":"2026-09-09"}],"version":1},"type":"Feature"},{"geometry":{"coordinates":[-86.8716335,35.9240532],"type":"Point"},"id":"164ad56d-a910-44c9-b4b0-e7ec411d0afd","properties":{"id":"164ad56d-a910-44c9-b4b0-e7ec411d0afd","sources":[{"dataset":"OpenStreetMap","license":"ODbL-1.0","property":"","provider":"osm","record_id":"n11835681716@1","resource":"planet","update_time":"2024-04-21T18:50:38Z","version":"2026-09-09"}],"version":1},"type":"Feature"},{"geometry":{"coordinates":[-86.8715885,35.9240361],"type":"Point"},"id":"e551f8df-c015-4c07-af8f-9777876e0e22","properties":{"id":"e551f8df-c015-4c07-af8f-9777876e0e22","sources":[{"dataset":"OpenStreetMap","license":"ODbL-1.0","property":"","provider":"osm","record_id":"n11835681710@1","resource":"planet","update_time":"2024-04-21T18:50:38Z","version":"2026-09-09"}],"version":1},"type":"Feature"},{"geometry":{"coordinates":[-86.8714361,35.9237614],"type":"Point"},"id":"a7dd9867-e288-47e1-9624-9bd0e9263376","properties":{"id":"a7dd9867-e288-47e1-9624-9bd0e9263376","sources":[{"dataset":"OpenStreetMap","license":"ODbL-1.0","property":"","provider":"osm","record_id":"n11835681713@1","resource":"planet","update_time":"2024-04-21T18:50:38Z","version":"2026-09-09"}],"version":1},"type":"Feature"},{"geometry":{"coordinates":[-86.8715004,35.9237298],"type":"Point"},"id":"463fc094-0ff5-46c5-8a57-771d24269647","properties":{"id":"463fc094-0ff5-46c5-8a57-771d24269647","sources":[{"dataset":"OpenStreetMap","license":"ODbL-1.0","property":"","provider":"osm","record_id":"n11835681714@2","resource":"planet","update_time":"2026-04-01T10:37:28Z","version":"2026-09-09"}],"version":1},"type":"Feature"},{"geometry":{"coordinates":[-86.8715652,35.9236957],"type":"Point"},"id":"ec9af7bb-f473-4cc1-b2cf-009ee09fc646","properties":{"id":"ec9af7bb-f473-4cc1-b2cf-009ee09fc646","sources":[{"dataset":"OpenStreetMap","license":"ODbL-1.0","property":"","provider":"osm","record_id":"n13698039661@1","resource":"planet","update_time":"2026-04-01T10:24:53Z","version":"2026-09-09"}],"version":1},"type":"Feature"},{"geometry":{"coordinates":[-86.871749,35.9237257],"type":"Point"},"id":"0f017e54-11eb-423f-9bd1-420a241e8480","properties":{"id":"0f017e54-11eb-423f-9bd1-420a241e8480","sources":[{"dataset":"OpenStreetMap","license":"ODbL-1.0","property":"","provider":"osm","record_id":"n11835681722@1","resource":"planet","update_time":"2024-04-21T18:50:38Z","version":"2026-09-09"}],"version":1},"type":"Feature"},{"geometry":{"coordinates":[-86.8717683,35.9237187],"type":"Point"},"id":"c2ecbc70-afb7-45c8-b912-856fe5fa2582","properties":{"id":"c2ecbc70-afb7-45c8-b912-856fe5fa2582","sources":[{"dataset":"OpenStreetMap","license":"ODbL-1.0","property":"","provider":"osm","record_id":"n11835681732@1","resource":"planet","update_time":"2024-04-21T18:50:38Z","version":"2026-09-09"}],"version":1},"type":"Feature"},{"geometry":{"coordinates":[-86.8718143,35.9237337],"type":"Point"},"id":"f74b4289-3d84-4271-978d-5243e71bd2c2","properties":{"id":"f74b4289-3d84-4271-978d-5243e71bd2c2","sources":[{"dataset":"OpenStreetMap","license":"ODbL-1.0","property":"","provider":"osm","record_id":"n11835681731@1","resource":"planet","update_time":"2024-04-21T18:50:38Z","version":"2026-09-09"}],"version":1},"type":"Feature"},{"geometry":{"coordinates":[-86.8717484,35.9238186],"type":"Point"},"id":"e856b310-965a-4a59-abe5-77db7e0a3baa","properties":{"id":"e856b310-965a-4a59-abe5-77db7e0a3baa","sources":[{"dataset":"OpenStreetMap","license":"ODbL-1.0","property":"","provider":"osm","record_id":"n11835681721@1","resource":"planet","update_time":"2024-04-21T18:50:38Z","version":"2026-09-09"}],"version":1},"type":"Feature"},{"geometry":{"coordinates":[-86.8717604,35.9238586],"type":"Point"},"id":"7fd5eb4b-c267-4ad9-97ca-2c159ec33f83","properties":{"id":"7fd5eb4b-c267-4ad9-97ca-2c159ec33f83","sources":[{"dataset":"OpenStreetMap","license":"ODbL-1.0","property":"","provider":"osm","record_id":"n11835681720@2","resource":"planet","update_time":"2026-04-01T10:15:46Z","version":"2026-09-09"}],"version":1},"type":"Feature"},{"geometry":{"coordinates":[-86.8717834,35.9239245],"type":"Point"},"id":"9829714c-88d2-4ee2-8984-55c774feaccb","properties":{"id":"9829714c-88d2-4ee2-8984-55c774feaccb","sources":[{"dataset":"OpenStreetMap","license":"ODbL-1.0","property":"","provider":"osm","record_id":"n11835681719@1","resource":"planet","update_time":"2024-04-21T18:50:38Z","version":"2026-09-09"}],"version":1},"type":"Feature"},{"geometry":{"coordinates":[-86.8716332,35.9239157],"type":"Point"},"id":"5e9684af-3a02-45ba-b0a6-239f54266d8f","properties":{"id":"5e9684af-3a02-45ba-b0a6-239f54266d8f","sources":[{"dataset":"OpenStreetMap","license":"ODbL-1.0","property":"","provider":"osm","record_id":"n204128819@6","resource":"planet","update_time":"2026-04-01T10:15:46Z","version":"2026-09-09"}],"version":1},"type":"Feature"},{"geometry":{"coordinates":[-86.8714891,35.9238864],"type":"Point"},"id":"2a545f9f-2bd2-4102-9197-5b357eedff8a","properties":{"id":"2a545f9f-2bd2-4102-9197-5b357eedff8a","sources":[{"dataset":"OpenStreetMap","license":"ODbL-1.0","property":"","provider":"osm","record_id":"n11835681711@1","resource":"planet","update_time":"2024-04-21T18:50:38Z","version":"2026-09-09"}],"version":1},"type":"Feature"},{"geometry":{"coordinates":[-86.8715386,35.923961],"type":"Point"},"id":"0f2971b8-3f1b-4662-9fe2-47f561f3cd34","properties":{"id":"0f2971b8-3f1b-4662-9fe2-47f561f3cd34","sources":[{"dataset":"OpenStreetMap","license":"ODbL-1.0","property":"","provider":"osm","record_id":"n11835681712@3","resource":"planet","update_time":"2026-04-01T10:15:46Z","version":"2026-09-09"}],"version":1},"type":"Feature"},{"geometry":{"coordinates":[-86.8717794,35.923966],"type":"Point"},"id":"9c248075-ade3-4f75-b2ee-c4ef1d7b7e66","properties":{"id":"9c248075-ade3-4f75-b2ee-c4ef1d7b7e66","sources":[{"dataset":"OpenStreetMap","license":"ODbL-1.0","property":"","provider":"osm","record_id":"n13698039669@1","resource":"planet","update_time":"2026-04-01T10:24:53Z","version":"2026-09-09"}],"version":1},"type":"Feature"},{"geometry":{"coordinates":[-86.8717819,35.9239397],"type":"Point"},"id":"523bb89b-ab31-4d2e-bf7a-3fbf45f60d81","properties":{"id":"523bb89b-ab31-4d2e-bf7a-3fbf45f60d81","sources":[{"dataset":"OpenStreetMap","license":"ODbL-1.0","property":"","provider":"osm","record_id":"n13698051799@1","resource":"planet","update_time":"2026-04-01T10:29:31Z","version":"2026-09-09"}],"version":1},"type":"Feature"},{"geometry":{"coordinates":[-86.8717775,35.9239856],"type":"Point"},"id":"6f299d10-75ec-4682-9e33-f5033552e667","properties":{"id":"6f299d10-75ec-4682-9e33-f5033552e667","sources":[{"dataset":"OpenStreetMap","license":"ODbL-1.0","property":"","provider":"osm","record_id":"n11835681718@1","resource":"planet","update_time":"2024-04-21T18:50:38Z","version":"2026-09-09"}],"version":1},"type":"Feature"},{"geometry":{"coordinates":[-86.8721801,35.9241467],"type":"Point"},"id":"800ed34d-71d9-4c7b-8a96-38647dfe1d30","properties":{"id":"800ed34d-71d9-4c7b-8a96-38647dfe1d30","sources":[{"dataset":"OpenStreetMap","license":"ODbL-1.0","property":"","provider":"osm","record_id":"n8738831825@2","resource":"planet","update_time":"2022-05-23T07:13:01Z","version":"2026-09-09"}],"version":1},"type":"Feature"},{"geometry":{"coordinates":[-86.8719291,35.9241773],"type":"Point"},"id":"3fee6e5c-52e6-4325-af28-6d27c575efae","properties":{"id":"3fee6e5c-52e6-4325-af28-6d27c575efae","sources":[{"dataset":"OpenStreetMap","license":"ODbL-1.0","property":"","provider":"osm","record_id":"n13698039670@1","resource":"planet","update_time":"2026-04-01T10:24:53Z","version":"2026-09-09"}],"version":1},"type":"Feature"},{"geometry":{"coordinates":[-86.8722114,35.9241849],"type":"Point"},"id":"3115e49a-c43e-4b34-b78e-8fb0e25f416d","properties":{"id":"3115e49a-c43e-4b34-b78e-8fb0e25f416d","sources":[{"dataset":"OpenStreetMap","license":"ODbL-1.0","property":"","provider":"osm","record_id":"n9763529039@1","resource":"planet","update_time":"2022-05-23T07:13:01Z","version":"2026-09-09"}],"version":1},"type":"Feature"},{"geometry":{"coordinates":[-86.8728981,35.9243723],"type":"Point"},"id":"2173c542-d6f2-4364-8502-45a9b7b7ee60","properties":{"id":"2173c542-d6f2-4364-8502-45a9b7b7ee60","sources":[{"dataset":"OpenStreetMap","license":"ODbL-1.0","property":"","provider":"osm","record_id":"n7884277567@2","resource":"planet","update_time":"2024-07-15T18:25:32Z","version":"2026-09-09"}],"version":1},"type":"Feature"},{"geometry":{"coordinates":[-86.8729566,35.9243434],"type":"Point"},"id":"0e0e66e3-ee81-495a-9f46-a056ec80d2e0","properties":{"id":"0e0e66e3-ee81-495a-9f46-a056ec80d2e0","sources":[{"dataset":"OpenStreetMap","license":"ODbL-1.0","property":"","provider":"osm","record_id":"n204141988@4","resource":"planet","update_time":"2024-07-15T18:25:32Z","version":"2026-09-09"}],"version":1},"type":"Feature"},{"geometry":{"coordinates":[-86.8736881,35.9240107],"type":"Point"},"id":"ec2aff51-a49b-49ef-9bf3-0de128c7f2ec","properties":{"id":"ec2aff51-a49b-49ef-9bf3-0de128c7f2ec","sources":[{"dataset":"OpenStreetMap","license":"ODbL-1.0","property":"","provider":"osm","record_id":"n204112445@4","resource":"planet","update_time":"2013-12-03T00:52:37Z","version":"2026-09-09"}],"version":1},"type":"Feature"},{"geometry":{"coordinates":[-86.8757043,35.9241729],"type":"Point"},"id":"6dcfd547-1f59-429a-8076-96b2546b5869","properties":{"id":"6dcfd547-1f59-429a-8076-96b2546b5869","sources":[{"dataset":"OpenStreetMap","license":"ODbL-1.0","property":"","provider":"osm","record_id":"n204119183@4","resource":"planet","update_time":"2018-02-25T19:34:53Z","version":"2026-09-09"}],"version":1},"type":"Feature"},{"geometry":{"coordinates":[-86.8760696,35.9246315],"type":"Point"},"id":"94d6ad9c-ebf5-4ee9-bdd9-f3de4ba26c73","properties":{"id":"94d6ad9c-ebf5-4ee9-bdd9-f3de4ba26c73","sources":[{"dataset":"OpenStreetMap","license":"ODbL-1.0","property":"","provider":"osm","record_id":"n204119186@4","resource":"planet","update_time":"2018-02-25T19:13:10Z","version":"2026-09-09"}],"version":1},"type":"Feature"},{"geometry":{"coordinates":[-86.8746838,35.9245481],"type":"Point"},"id":"35637122-4b01-4f51-821b-2f587e8b364c","properties":{"id":"35637122-4b01-4f51-821b-2f587e8b364c","sources":[{"dataset":"OpenStreetMap","license":"ODbL-1.0","property":"","provider":"osm","record_id":"n8483338332@1","resource":"planet","update_time":"2021-03-03T16:18:36Z","version":"2026-09-09"}],"version":1},"type":"Feature"},{"geometry":{"coordinates":[-86.8742761,35.9247105],"type":"Point"},"id":"3dc84982-51a3-438a-b10e-3a043f744292","properties":{"id":"3dc84982-51a3-438a-b10e-3a043f744292","sources":[{"dataset":"OpenStreetMap","license":"ODbL-1.0","property":"","provider":"osm","record_id":"n204112448@4","resource":"planet","update_time":"2018-02-25T19:34:53Z","version":"2026-09-09"}],"version":1},"type":"Feature"},{"geometry":{"coordinates":[-86.8743487,35.9246816],"type":"Point"},"id":"4adffdff-845e-4e15-a255-36012b98ba41","properties":{"id":"4adffdff-845e-4e15-a255-36012b98ba41","sources":[{"dataset":"OpenStreetMap","license":"ODbL-1.0","property":"","provider":"osm","record_id":"n7147848032@1","resource":"planet","update_time":"2020-01-21T04:29:52Z","version":"2026-09-09"}],"version":1},"type":"Feature"},{"geometry":{"coordinates":[-86.8746329,35.9247678],"type":"Point"},"id":"62db3ca4-9940-4870-9dbe-5212da24f89f","properties":{"id":"62db3ca4-9940-4870-9dbe-5212da24f89f","sources":[{"dataset":"OpenStreetMap","license":"ODbL-1.0","property":"","provider":"osm","record_id":"n8483338335@1","resource":"planet","update_time":"2021-03-03T16:18:36Z","version":"2026-09-09"}],"version":1},"type":"Feature"},{"geometry":{"coordinates":[-86.8741264,35.9247848],"type":"Point"},"id":"d78a4def-3afa-462b-8237-5bb42d6b5f7b","properties":{"id":"d78a4def-3afa-462b-8237-5bb42d6b5f7b","sources":[{"dataset":"OpenStreetMap","license":"ODbL-1.0","property":"","provider":"osm","record_id":"n7147848022@1","resource":"planet","update_time":"2020-01-21T04:29:52Z","version":"2026-09-09"}],"version":1},"type":"Feature"},{"geometry":{"coordinates":[-86.8739593,35.9248678],"type":"Point"},"id":"f1ac55de-f4b1-4f3d-b684-c03f4bb9493d","properties":{"id":"f1ac55de-f4b1-4f3d-b684-c03f4bb9493d","sources":[{"dataset":"OpenStreetMap","license":"ODbL-1.0","property":"","provider":"osm","record_id":"n7147848040@1","resource":"planet","update_time":"2020-01-21T04:29:52Z","version":"2026-09-09"}],"version":1},"type":"Feature"},{"geometry":{"coordinates":[-86.8736746,35.9250091],"type":"Point"},"id":"bf162af6-3ed2-4f0c-9077-9f3e660293ca","properties":{"id":"bf162af6-3ed2-4f0c-9077-9f3e660293ca","sources":[{"dataset":"OpenStreetMap","license":"ODbL-1.0","property":"","provider":"osm","record_id":"n7147848033@1","resource":"planet","update_time":"2020-01-21T04:29:52Z","version":"2026-09-09"}],"version":1},"type":"Feature"},{"geometry":{"coordinates":[-86.8740929,35.9250745],"type":"Point"},"id":"dcc7f727-889a-47b4-8693-273a8b083f4d","properties":{"id":"dcc7f727-889a-47b4-8693-273a8b083f4d","sources":[{"dataset":"OpenStreetMap","license":"ODbL-1.0","property":"","provider":"osm","record_id":"n7147848041@1","resource":"planet","update_time":"2020-01-21T04:29:52Z","version":"2026-09-09"}],"version":1},"type":"Feature"},{"geometry":{"coordinates":[-86.8763086,35.924934],"type":"Point"},"id":"5fc38256-1d4e-479d-8399-ea5e6fc1aca9","properties":{"id":"5fc38256-1d4e-479d-8399-ea5e6fc1aca9","sources":[{"dataset":"OpenStreetMap","license":"ODbL-1.0","property":"","provider":"osm","record_id":"n7691368444@1","resource":"planet","update_time":"2020-07-07T10:48:33Z","version":"2026-09-09"}],"version":1},"type":"Feature"},{"geometry":{"coordinates":[-86.8763235,35.9249529],"type":"Point"},"id":"98a275ac-cbd4-47cb-bda5-3c62bfa5b805","properties":{"id":"98a275ac-cbd4-47cb-bda5-3c62bfa5b805","sources":[{"dataset":"OpenStreetMap","license":"ODbL-1.0","property":"","provider":"osm","record_id":"n7051368557@1","resource":"planet","update_time":"2019-12-12T08:41:03Z","version":"2026-09-09"}],"version":1},"type":"Feature"},{"geometry":{"coordinates":[-86.876736,35.9250709],"type":"Point"},"id":"c824c384-deed-4227-8a7f-13e29f3f9629","properties":{"id":"c824c384-deed-4227-8a7f-13e29f3f9629","sources":[{"dataset":"OpenStreetMap","license":"ODbL-1.0","property":"","provider":"osm","record_id":"n7691368466@1","resource":"planet","update_time":"2020-07-07T10:48:33Z","version":"2026-09-09"}],"version":1},"type":"Feature"},{"geometry":{"coordinates":[-86.8766405,35.9249098],"type":"Point"},"id":"f1a535fc-4014-4925-bd6c-41ec16c39c76","properties":{"id":"f1a535fc-4014-4925-bd6c-41ec16c39c76","sources":[{"dataset":"OpenStreetMap","license":"ODbL-1.0","property":"","provider":"osm","record_id":"n7691368450@1","resource":"planet","update_time":"2020-07-07T10:48:33Z","version":"2026-09-09"}],"version":1},"type":"Feature"},{"geometry":{"coordinates":[-86.8772947,35.925015],"type":"Point"},"id":"67d2c999-52e4-4a1d-a737-f1aaf14685fa","properties":{"id":"67d2c999-52e4-4a1d-a737-f1aaf14685fa","sources":[{"dataset":"OpenStreetMap","license":"ODbL-1.0","property":"","provider":"osm","record_id":"n7691368465@1","resource":"planet","update_time":"2020-07-07T10:48:33Z","version":"2026-09-09"}],"version":1},"type":"Feature"},{"geometry":{"coordinates":[-86.8781489,35.9249247],"type":"Point"},"id":"4977f069-f2e6-4e6c-b264-74dea4b31aa1","properties":{"id":"4977f069-f2e6-4e6c-b264-74dea4b31aa1","sources":[{"dataset":"OpenStreetMap","license":"ODbL-1.0","property":"","provider":"osm","record_id":"n8738825458@1","resource":"planet","update_time":"2021-05-17T10:09:10Z","version":"2026-09-09"}],"version":1},"type":"Feature"},{"geometry":{"coordinates":[-86.8784942,35.9248869],"type":"Point"},"id":"bb08d614-b1a4-4fbb-8faf-51b74dd138e0","properties":{"id":"bb08d614-b1a4-4fbb-8faf-51b74dd138e0","sources":[{"dataset":"OpenStreetMap","license":"ODbL-1.0","property":"","provider":"osm","record_id":"n8738825452@1","resource":"planet","update_time":"2021-05-17T10:09:10Z","version":"2026-09-09"}],"version":1},"type":"Feature"},{"geometry":{"coordinates":[-86.8779502,35.9238669],"type":"Point"},"id":"a989b0fc-a7d0-4e4f-957c-383fb881a34f","properties":{"id":"a989b0fc-a7d0-4e4f-957c-383fb881a34f","sources":[{"dataset":"OpenStreetMap","license":"ODbL-1.0","property":"","provider":"osm","record_id":"n7166856023@1","resource":"planet","update_time":"2020-01-28T14:31:18Z","version":"2026-09-09"}],"version":1},"type":"Feature"},{"geometry":{"coordinates":[-86.8785941,35.924007],"type":"Point"},"id":"75618092-526f-463f-8aba-b1a4449d1691","properties":{"id":"75618092-526f-463f-8aba-b1a4449d1691","sources":[{"dataset":"OpenStreetMap","license":"ODbL-1.0","property":"","provider":"osm","record_id":"n10902181560@1","resource":"planet","update_time":"2023-05-16T12:58:26Z","version":"2026-09-09"}],"version":1},"type":"Feature"},{"geometry":{"coordinates":[-86.8786117,35.9238779],"type":"Point"},"id":"ed2bfab1-6aca-4bd9-a7d1-0cdb67ba025c","properties":{"id":"ed2bfab1-6aca-4bd9-a7d1-0cdb67ba025c","sources":[{"dataset":"OpenStreetMap","license":"ODbL-1.0","property":"","provider":"osm","record_id":"n10902181552@1","resource":"planet","update_time":"2023-05-16T12:58:26Z","version":"2026-09-09"}],"version":1},"type":"Feature"},{"geometry":{"coordinates":[-86.8790186,35.9239149],"type":"Point"},"id":"a811ae11-ce0e-4f5d-8834-2be702f5243a","properties":{"id":"a811ae11-ce0e-4f5d-8834-2be702f5243a","sources":[{"dataset":"OpenStreetMap","license":"ODbL-1.0","property":"","provider":"osm","record_id":"n10902181557@1","resource":"planet","update_time":"2023-05-16T12:58:26Z","version":"2026-09-09"}],"version":1},"type":"Feature"},{"geometry":{"coordinates":[-86.8789653,35.9241905],"type":"Point"},"id":"6db3904c-578c-496b-9a23-003bcbfa15f2","properties":{"id":"6db3904c-578c-496b-9a23-003bcbfa15f2","sources":[{"dataset":"OpenStreetMap","license":"ODbL-1.0","property":"","provider":"osm","record_id":"n10902181556@1","resource":"planet","update_time":"2023-05-16T12:58:26Z","version":"2026-09-09"}],"version":1},"type":"Feature"},{"geometry":{"coordinates":[-86.8788637,35.9241813],"type":"Point"},"id":"e93602a0-a3ee-4f86-b765-5cbaf4a37dd5","properties":{"id":"e93602a0-a3ee-4f86-b765-5cbaf4a37dd5","sources":[{"dataset":"OpenStreetMap","license":"ODbL-1.0","property":"","provider":"osm","record_id":"n10902181561@1","resource":"planet","update_time":"2023-05-16T12:58:26Z","version":"2026-09-09"}],"version":1},"type":"Feature"},{"geometry":{"coordinates":[-86.8789938,35.924043],"type":"Point"},"id":"6ccbe71b-5cc5-4fd4-8ac4-67dc991f4d59","properties":{"id":"6ccbe71b-5cc5-4fd4-8ac4-67dc991f4d59","sources":[{"dataset":"OpenStreetMap","license":"ODbL-1.0","property":"","provider":"osm","record_id":"n10902181559@1","resource":"planet","update_time":"2023-05-16T12:58:26Z","version":"2026-09-09"}],"version":1},"type":"Feature"},{"geometry":{"coordinates":[-86.8788819,35.9240329],"type":"Point"},"id":"26211259-cae4-4846-8c8a-f6d79dd6e0e0","properties":{"id":"26211259-cae4-4846-8c8a-f6d79dd6e0e0","sources":[{"dataset":"OpenStreetMap","license":"ODbL-1.0","property":"","provider":"osm","record_id":"n10902181564@1","resource":"planet","update_time":"2023-05-16T12:58:26Z","version":"2026-09-09"}],"version":1},"type":"Feature"},{"geometry":{"coordinates":[-86.8787363,35.9240198],"type":"Point"},"id":"619e7302-9829-4215-869b-3b88894e9c30","properties":{"id":"619e7302-9829-4215-869b-3b88894e9c30","sources":[{"dataset":"OpenStreetMap","license":"ODbL-1.0","property":"","provider":"osm","record_id":"n10902181568@1","resource":"planet","update_time":"2023-05-16T12:58:26Z","version":"2026-09-09"}],"version":1},"type":"Feature"},{"geometry":{"coordinates":[-86.8785738,35.9241551],"type":"Point"},"id":"773dd8af-937d-45a9-af95-20e74be01286","properties":{"id":"773dd8af-937d-45a9-af95-20e74be01286","sources":[{"dataset":"OpenStreetMap","license":"ODbL-1.0","property":"","provider":"osm","record_id":"n10902181553@1","resource":"planet","update_time":"2023-05-16T12:58:26Z","version":"2026-09-09"}],"version":1},"type":"Feature"},{"geometry":{"coordinates":[-86.8787189,35.9241682],"type":"Point"},"id":"0d57875a-1f9e-4607-bd48-5c427f022669","properties":{"id":"0d57875a-1f9e-4607-bd48-5c427f022669","sources":[{"dataset":"OpenStreetMap","license":"ODbL-1.0","property":"","provider":"osm","record_id":"n10902181565@1","resource":"planet","update_time":"2023-05-16T12:58:26Z","version":"2026-09-09"}],"version":1},"type":"Feature"},{"geometry":{"coordinates":[-86.8784635,35.9243428],"type":"Point"},"id":"34a4d11c-b612-4138-af3c-ac56d37d6cfa","properties":{"id":"34a4d11c-b612-4138-af3c-ac56d37d6cfa","sources":[{"dataset":"OpenStreetMap","license":"ODbL-1.0","property":"","provider":"osm","record_id":"n10902181555@1","resource":"planet","update_time":"2023-05-16T12:58:26Z","version":"2026-09-09"}],"version":1},"type":"Feature"},{"geometry":{"coordinates":[-86.8789429,35.9243355],"type":"Point"},"id":"943d4d99-b428-4d8f-bd58-e5a7d0cd86dc","properties":{"id":"943d4d99-b428-4d8f-bd58-e5a7d0cd86dc","sources":[{"dataset":"OpenStreetMap","license":"ODbL-1.0","property":"","provider":"osm","record_id":"n10902181558@1","resource":"planet","update_time":"2023-05-16T12:58:26Z","version":"2026-09-09"}],"version":1},"type":"Feature"},{"geometry":{"coordinates":[-86.8807739,35.9242965],"type":"Point"},"id":"640f7f2c-4bf4-431d-906e-fd306eca5fa4","properties":{"id":"640f7f2c-4bf4-431d-906e-fd306eca5fa4","sources":[{"dataset":"OpenStreetMap","license":"ODbL-1.0","property":"","provider":"osm","record_id":"n5435921335@2","resource":"planet","update_time":"2020-07-01T06:32:25Z","version":"2026-09-09"}],"version":1},"type":"Feature"},{"geometry":{"coordinates":[-86.8797874,35.9241578],"type":"Point"},"id":"6d9a0fc5-640f-4f51-85a8-40bf139e31b2","properties":{"id":"6d9a0fc5-640f-4f51-85a8-40bf139e31b2","sources":[{"dataset":"OpenStreetMap","license":"ODbL-1.0","property":"","provider":"osm","record_id":"n12093824815@1","resource":"planet","update_time":"2024-08-05T16:50:04Z","version":"2026-09-09"}],"version":1},"type":"Feature"},{"geometry":{"coordinates":[-86.8797049,35.9241301],"type":"Point"},"id":"c3971069-02b2-4616-9f8c-8ab283899b31","properties":{"id":"c3971069-02b2-4616-9f8c-8ab283899b31","sources":[{"dataset":"OpenStreetMap","license":"ODbL-1.0","property":"","provider":"osm","record_id":"n12093824817@2","resource":"planet","update_time":"2024-08-05T22:25:51Z","version":"2026-09-09"}],"version":1},"type":"Feature"},{"geometry":{"coordinates":[-86.8795882,35.924091],"type":"Point"},"id":"6c1ece4b-2443-4c51-ab69-a90f83ac78e3","properties":{"id":"6c1ece4b-2443-4c51-ab69-a90f83ac78e3","sources":[{"dataset":"OpenStreetMap","license":"ODbL-1.0","property":"","provider":"osm","record_id":"n12093824816@1","resource":"planet","update_time":"2024-08-05T16:50:04Z","version":"2026-09-09"}],"version":1},"type":"Feature"},{"geometry":{"coordinates":[-86.8797634,35.9240281],"type":"Point"},"id":"4c723971-cb33-4df0-9195-228ef435dc39","properties":{"id":"4c723971-cb33-4df0-9195-228ef435dc39","sources":[{"dataset":"OpenStreetMap","license":"ODbL-1.0","property":"","provider":"osm","record_id":"n12093824818@1","resource":"planet","update_time":"2024-08-05T16:50:04Z","version":"2026-09-09"}],"version":1},"type":"Feature"},{"geometry":{"coordinates":[-86.8796731,35.9240076],"type":"Point"},"id":"51acd844-708e-4435-80b9-a7ab71b80017","properties":{"id":"51acd844-708e-4435-80b9-a7ab71b80017","sources":[{"dataset":"OpenStreetMap","license":"ODbL-1.0","property":"","provider":"osm","record_id":"n204112945@7","resource":"planet","update_time":"2024-08-05T22:25:51Z","version":"2026-09-09"}],"version":1},"type":"Feature"},{"geometry":{"coordinates":[-86.8797431,35.9239183],"type":"Point"},"id":"b13d7b12-96be-4fca-8225-f8ad650f9c16","properties":{"id":"b13d7b12-96be-4fca-8225-f8ad650f9c16","sources":[{"dataset":"OpenStreetMap","license":"ODbL-1.0","property":"","provider":"osm","record_id":"n12093824814@1","resource":"planet","update_time":"2024-08-05T16:50:04Z","version":"2026-09-09"}],"version":1},"type":"Feature"},{"geometry":{"coordinates":[-86.8806412,35.9236902],"type":"Point"},"id":"f9a32354-4ad4-438e-a096-20a78b12b47c","properties":{"id":"f9a32354-4ad4-438e-a096-20a78b12b47c","sources":[{"dataset":"OpenStreetMap","license":"ODbL-1.0","property":"","provider":"osm","record_id":"n6687320529@1","resource":"planet","update_time":"2019-08-06T08:48:07Z","version":"2026-09-09"}],"version":1},"type":"Feature"},{"geometry":{"coordinates":[-86.8810374,35.9237769],"type":"Point"},"id":"005a3beb-1602-4cde-8217-b65af7109dc6","properties":{"id":"005a3beb-1602-4cde-8217-b65af7109dc6","sources":[{"dataset":"OpenStreetMap","license":"ODbL-1.0","property":"","provider":"osm","record_id":"n6687320524@1","resource":"planet","update_time":"2019-08-06T08:48:07Z","version":"2026-09-09"}],"version":1},"type":"Feature"},{"geometry":{"coordinates":[-86.8815242,35.9237807],"type":"Point"},"id":"6ee3acec-4506-4bc8-af92-02610f35de08","properties":{"id":"6ee3acec-4506-4bc8-af92-02610f35de08","sources":[{"dataset":"OpenStreetMap","license":"ODbL-1.0","property":"","provider":"osm","record_id":"n6687320525@1","resource":"planet","update_time":"2019-08-06T08:48:07Z","version":"2026-09-09"}],"version":1},"type":"Feature"},{"geometry":{"coordinates":[-86.8801163,35.9244547],"type":"Point"},"id":"0bd332cb-453b-4986-bbcf-f9540af3e0f4","properties":{"id":"0bd332cb-453b-4986-bbcf-f9540af3e0f4","sources":[{"dataset":"OpenStreetMap","license":"ODbL-1.0","property":"","provider":"osm","record_id":"n12526112567@1","resource":"planet","update_time":"2025-01-23T10:40:45Z","version":"2026-09-09"}],"version":1},"type":"Feature"},{"geometry":{"coordinates":[-86.8798625,35.9247372],"type":"Point"},"id":"a658c146-b9a3-4d00-8844-b6e3532e1475","properties":{"id":"a658c146-b9a3-4d00-8844-b6e3532e1475","sources":[{"dataset":"OpenStreetMap","license":"ODbL-1.0","property":"","provider":"osm","record_id":"n204112948@4","resource":"planet","update_time":"2011-04-03T23:24:05Z","version":"2026-09-09"}],"version":1},"type":"Feature"},{"geometry":{"coordinates":[-86.8822396,35.9249514],"type":"Point"},"id":"0c8511fe-7869-4775-8d0a-415f5c371a4f","properties":{"id":"0c8511fe-7869-4775-8d0a-415f5c371a4f","sources":[{"dataset":"OpenStreetMap","license":"ODbL-1.0","property":"","provider":"osm","record_id":"n6691256419@1","resource":"planet","update_time":"2019-08-07T14:45:38Z","version":"2026-09-09"}],"version":1},"type":"Feature"},{"geometry":{"coordinates":[-86.8800997,35.9256399],"type":"Point"},"id":"e6bb709c-6e13-4f1d-804f-582f8f2f4dd8","properties":{"id":"e6bb709c-6e13-4f1d-804f-582f8f2f4dd8","sources":[{"dataset":"OpenStreetMap","license":"ODbL-1.0","property":"","provider":"osm","record_id":"n204100119@4","resource":"planet","update_time":"2011-04-03T23:24:07Z","version":"2026-09-09"}],"version":1},"type":"Feature"},{"geometry":{"coordinates":[-86.880144,35.9250941],"type":"Point"},"id":"ac6fa64b-1353-44e2-9b38-fffe45b6ace1","properties":{"id":"ac6fa64b-1353-44e2-9b38-fffe45b6ace1","sources":[{"dataset":"OpenStreetMap","license":"ODbL-1.0","property":"","provider":"osm","record_id":"n12526112563@1","resource":"planet","update_time":"2025-01-23T10:40:45Z","version":"2026-09-09"}],"version":1},"type":"Feature"},{"geometry":{"coordinates":[-86.8799674,35.9251365],"type":"Point"},"id":"60766eb4-453f-4cdb-b295-16d12dc063c8","properties":{"id":"60766eb4-453f-4cdb-b295-16d12dc063c8","sources":[{"dataset":"OpenStreetMap","license":"ODbL-1.0","property":"","provider":"osm","record_id":"n7672731091@1","resource":"planet","update_time":"2020-07-01T06:32:25Z","version":"2026-09-09"}],"version":1},"type":"Feature"},{"geometry":{"coordinates":[-86.8766891,35.9260226],"type":"Point"},"id":"7e9d6f56-0946-40c4-a95b-1197fcf88816","properties":{"id":"7e9d6f56-0946-40c4-a95b-1197fcf88816","sources":[{"dataset":"OpenStreetMap","license":"ODbL-1.0","property":"","provider":"osm","record_id":"n204100125@3","resource":"planet","update_time":"2010-11-20T17:25:47Z","version":"2026-09-09"}],"version":1},"type":"Feature"},{"geometry":{"coordinates":[-86.8781819,35.9264465],"type":"Point"},"id":"d9453728-9f40-4ada-b3ae-6c30053f0e94","properties":{"id":"d9453728-9f40-4ada-b3ae-6c30053f0e94","sources":[{"dataset":"OpenStreetMap","license":"ODbL-1.0","property":"","provider":"osm","record_id":"n205525211@4","resource":"planet","update_time":"2015-07-08T20:11:09Z","version":"2026-09-09"}],"version":1},"type":"Feature"},{"geometry":{"coordinates":[-86.8809104,35.9264833],"type":"Point"},"id":"9fb0a087-0643-4fae-82c0-d0ab2d07e248","properties":{"id":"9fb0a087-0643-4fae-82c0-d0ab2d07e248","sources":[{"dataset":"OpenStreetMap","license":"ODbL-1.0","property":"","provider":"osm","record_id":"n6694294684@1","resource":"planet","update_time":"2019-08-08T08:35:38Z","version":"2026-09-09"}],"version":1},"type":"Feature"},{"geometry":{"coordinates":[-86.8808759,35.9264178],"type":"Point"},"id":"97539c4a-f8c5-4cff-b76d-3eb7acdc3209","properties":{"id":"97539c4a-f8c5-4cff-b76d-3eb7acdc3209","sources":[{"dataset":"OpenStreetMap","license":"ODbL-1.0","property":"","provider":"osm","record_id":"n6694312385@1","resource":"planet","update_time":"2019-08-08T08:35:38Z","version":"2026-09-09"}],"version":1},"type":"Feature"},{"geometry":{"coordinates":[-86.8807607,35.9262594],"type":"Point"},"id":"2c89ca72-0572-46c7-9bc1-6314fde59302","properties":{"id":"2c89ca72-0572-46c7-9bc1-6314fde59302","sources":[{"dataset":"OpenStreetMap","license":"ODbL-1.0","property":"","provider":"osm","record_id":"n6694294672@1","resource":"planet","update_time":"2019-08-08T08:35:38Z","version":"2026-09-09"}],"version":1},"type":"Feature"},{"geometry":{"coordinates":[-86.8803783,35.9262397],"type":"Point"},"id":"020265f5-eebd-479a-98d3-7947454a3f00","properties":{"id":"020265f5-eebd-479a-98d3-7947454a3f00","sources":[{"dataset":"OpenStreetMap","license":"ODbL-1.0","property":"","provider":"osm","record_id":"n6694294670@1","resource":"planet","update_time":"2019-08-08T08:35:38Z","version":"2026-09-09"}],"version":1},"type":"Feature"},{"geometry":{"coordinates":[-86.8815151,35.9264887],"type":"Point"},"id":"7c697c5b-7211-4222-9127-a9be88fd77cd","properties":{"id":"7c697c5b-7211-4222-9127-a9be88fd77cd","sources":[{"dataset":"OpenStreetMap","license":"ODbL-1.0","property":"","provider":"osm","record_id":"n6694312386@1","resource":"planet","update_time":"2019-08-08T08:35:38Z","version":"2026-09-09"}],"version":1},"type":"Feature"},{"geometry":{"coordinates":[-86.8823363,35.9264035],"type":"Point"},"id":"9dd47c50-d852-4207-a916-c7eeae3a94c7","properties":{"id":"9dd47c50-d852-4207-a916-c7eeae3a94c7","sources":[{"dataset":"OpenStreetMap","license":"ODbL-1.0","property":"","provider":"osm","record_id":"n6694312397@1","resource":"planet","update_time":"2019-08-08T08:35:38Z","version":"2026-09-09"}],"version":1},"type":"Feature"},{"geometry":{"coordinates":[-86.8826494,35.926175],"type":"Point"},"id":"c72da97c-ce6e-4734-abd3-18079cdafc68","properties":{"id":"c72da97c-ce6e-4734-abd3-18079cdafc68","sources":[{"dataset":"OpenStreetMap","license":"ODbL-1.0","property":"","provider":"osm","record_id":"n6694312391@1","resource":"planet","update_time":"2019-08-08T08:35:38Z","version":"2026-09-09"}],"version":1},"type":"Feature"},{"geometry":{"coordinates":[-86.8842384,35.9262639],"type":"Point"},"id":"2e46340c-a1bc-4f6e-9662-8752103d3896","properties":{"id":"2e46340c-a1bc-4f6e-9662-8752103d3896","sources":[{"dataset":"OpenStreetMap","license":"ODbL-1.0","property":"","provider":"osm","record_id":"n8481836107@1","resource":"planet","update_time":"2021-03-03T07:03:07Z","version":"2026-09-09"}],"version":1},"type":"Feature"},{"geometry":{"coordinates":[-86.8842811,35.9259833],"type":"Point"},"id":"38bdbfe2-956e-4a62-a15f-6108733b9b18","properties":{"id":"38bdbfe2-956e-4a62-a15f-6108733b9b18","sources":[{"dataset":"OpenStreetMap","license":"ODbL-1.0","property":"","provider":"osm","record_id":"n204108086@3","resource":"planet","update_time":"2010-11-20T17:25:29Z","version":"2026-09-09"}],"version":1},"type":"Feature"},{"geometry":{"coordinates":[-86.8833814,35.9260033],"type":"Point"},"id":"9d26904c-65ee-41ed-a9a6-3dee4c45c86b","properties":{"id":"9d26904c-65ee-41ed-a9a6-3dee4c45c86b","sources":[{"dataset":"OpenStreetMap","license":"ODbL-1.0","property":"","provider":"osm","resource":"planet","version":"2026-09-09"}],"version":2},"type":"Feature"},{"geometry":{"coordinates":[-86.8832243,35.9259483],"type":"Point"},"id":"161fdb83-f015-4701-9dc1-3f47372de413","properties":{"id":"161fdb83-f015-4701-9dc1-3f47372de413","sources":[{"dataset":"OpenStreetMap","license":"ODbL-1.0","property":"","provider":"osm","record_id":"n6694312400@1","resource":"planet","update_time":"2019-08-08T08:35:38Z","version":"2026-09-09"}],"version":1},"type":"Feature"},{"geometry":{"coordinates":[-86.8838085,35.9257417],"type":"Point"},"id":"8dd69cf2-90a5-41d5-9efc-b3e0d7207d0b","properties":{"id":"8dd69cf2-90a5-41d5-9efc-b3e0d7207d0b","sources":[{"dataset":"OpenStreetMap","license":"ODbL-1.0","property":"","provider":"osm","record_id":"n8481836114@1","resource":"planet","update_time":"2021-03-03T07:03:07Z","version":"2026-09-09"}],"version":1},"type":"Feature"},{"geometry":{"coordinates":[-86.8833839,35.9255246],"type":"Point"},"id":"785d4afc-a2a4-4a62-8460-daa2e97a057a","properties":{"id":"785d4afc-a2a4-4a62-8460-daa2e97a057a","sources":[{"dataset":"OpenStreetMap","license":"ODbL-1.0","property":"","provider":"osm","record_id":"n6691256401@1","resource":"planet","update_time":"2019-08-07T14:45:38Z","version":"2026-09-09"}],"version":1},"type":"Feature"},{"geometry":{"coordinates":[-86.8835139,35.9253411],"type":"Point"},"id":"a982b25b-f14b-497c-9641-3e2d9387f36f","properties":{"id":"a982b25b-f14b-497c-9641-3e2d9387f36f","sources":[{"dataset":"OpenStreetMap","license":"ODbL-1.0","property":"","provider":"osm","record_id":"n6691256403@1","resource":"planet","update_time":"2019-08-07T14:45:38Z","version":"2026-09-09"}],"version":1},"type":"Feature"},{"geometry":{"coordinates":[-86.8830389,35.9250825],"type":"Point"},"id":"844a09fe-7fcf-4eca-9793-e55179eaa9e1","properties":{"id":"844a09fe-7fcf-4eca-9793-e55179eaa9e1","sources":[{"dataset":"OpenStreetMap","license":"ODbL-1.0","property":"","provider":"osm","record_id":"n6691256415@1","resource":"planet","update_time":"2019-08-07T14:45:38Z","version":"2026-09-09"}],"version":1},"type":"Feature"},{"geometry":{"coordinates":[-86.8828073,35.9249873],"type":"Point"},"id":"3d442d92-88f2-4937-9eaf-b345d3b657d8","properties":{"id":"3d442d92-88f2-4937-9eaf-b345d3b657d8","sources":[{"dataset":"OpenStreetMap","license":"ODbL-1.0","property":"","provider":"osm","record_id":"n6691256420@1","resource":"planet","update_time":"2019-08-07T14:45:38Z","version":"2026-09-09"}],"version":1},"type":"Feature"},{"geometry":{"coordinates":[-86.8833237,35.924755],"type":"Point"},"id":"0ed94b30-69aa-4b02-a39a-67cfbb7948df","properties":{"id":"0ed94b30-69aa-4b02-a39a-67cfbb7948df","sources":[{"dataset":"OpenStreetMap","license":"ODbL-1.0","property":"","provider":"osm","record_id":"n6691256412@1","resource":"planet","update_time":"2019-08-07T14:45:38Z","version":"2026-09-09"}],"version":1},"type":"Feature"},{"geometry":{"coordinates":[-86.8830485,35.9247227],"type":"Point"},"id":"2129a725-58c1-46cb-9be2-d60feadefc32","properties":{"id":"2129a725-58c1-46cb-9be2-d60feadefc32","sources":[{"dataset":"OpenStreetMap","license":"ODbL-1.0","property":"","provider":"osm","record_id":"n6691256423@0","resource":"planet","version":"2026-09-09"}],"version":2},"type":"Feature"},{"geometry":{"coordinates":[-86.8826433,35.9245212],"type":"Point"},"id":"9bb3ef59-f900-46ba-9835-04aa2b39429f","properties":{"id":"9bb3ef59-f900-46ba-9835-04aa2b39429f","sources":[{"dataset":"OpenStreetMap","license":"ODbL-1.0","property":"","provider":"osm","resource":"planet","version":"2026-09-09"}],"version":2},"type":"Feature"},{"geometry":{"coordinates":[-86.8845808,35.9240975],"type":"Point"},"id":"e42a6c03-3f48-4289-81ed-eedff972180a","properties":{"id":"e42a6c03-3f48-4289-81ed-eedff972180a","sources":[{"dataset":"OpenStreetMap","license":"ODbL-1.0","property":"","provider":"osm","record_id":"n7049788377@1","resource":"planet","update_time":"2019-12-11T16:02:26Z","version":"2026-09-09"}],"version":1},"type":"Feature"},{"geometry":{"coordinates":[-86.8847611,35.9229631],"type":"Point"},"id":"5b90cea3-d13f-470a-b033-99f291032523","properties":{"id":"5b90cea3-d13f-470a-b033-99f291032523","sources":[{"dataset":"OpenStreetMap","license":"ODbL-1.0","property":"","provider":"osm","record_id":"n204108074@3","resource":"planet","update_time":"2010-11-20T17:25:29Z","version":"2026-09-09"}],"version":1},"type":"Feature"},{"geometry":{"coordinates":[-86.8835812,35.9232601],"type":"Point"},"id":"bd44838c-3d2f-46d1-8666-6c16e10cb466","properties":{"id":"bd44838c-3d2f-46d1-8666-6c16e10cb466","sources":[{"dataset":"OpenStreetMap","license":"ODbL-1.0","property":"","provider":"osm","record_id":"n7190020349@1","resource":"planet","update_time":"2020-02-06T07:23:26Z","version":"2026-09-09"}],"version":1},"type":"Feature"},{"geometry":{"coordinates":[-86.8840409,35.9228886],"type":"Point"},"id":"9a1d2f56-98e6-4f33-bdfa-1384035ada5e","properties":{"id":"9a1d2f56-98e6-4f33-bdfa-1384035ada5e","sources":[{"dataset":"OpenStreetMap","license":"ODbL-1.0","property":"","provider":"osm","record_id":"n204139435@4","resource":"planet","update_time":"2019-08-07T11:00:49Z","version":"2026-09-09"}],"version":1},"type":"Feature"},{"geometry":{"coordinates":[-86.8836511,35.9228492],"type":"Point"},"id":"c45ff9c0-13b9-4f15-98a6-0c6d1f4f4ad1","properties":{"id":"c45ff9c0-13b9-4f15-98a6-0c6d1f4f4ad1","sources":[{"dataset":"OpenStreetMap","license":"ODbL-1.0","property":"","provider":"osm","record_id":"n7190020348@1","resource":"planet","update_time":"2020-02-06T07:23:26Z","version":"2026-09-09"}],"version":1},"type":"Feature"},{"geometry":{"coordinates":[-86.8842058,35.9218323],"type":"Point"},"id":"9f5a139f-1405-4b12-a6e0-98a837754c0b","properties":{"id":"9f5a139f-1405-4b12-a6e0-98a837754c0b","sources":[{"dataset":"OpenStreetMap","license":"ODbL-1.0","property":"","provider":"osm","record_id":"n7783394861@1","resource":"planet","update_time":"2020-08-04T08:56:36Z","version":"2026-09-09"}],"version":1},"type":"Feature"},{"geometry":{"coordinates":[-86.8846822,35.9222243],"type":"Point"},"id":"71fdc0ce-c3eb-4580-a12b-37c5a7a3e996","properties":{"id":"71fdc0ce-c3eb-4580-a12b-37c5a7a3e996","sources":[{"dataset":"OpenStreetMap","license":"ODbL-1.0","property":"","provider":"osm","record_id":"n7783394863@1","resource":"planet","update_time":"2020-08-04T08:56:36Z","version":"2026-09-09"}],"version":1},"type":"Feature"},{"geometry":{"coordinates":[-86.8841529,35.9221713],"type":"Point"},"id":"d08cacf6-59c0-4076-ae62-e8c1e6528cea","properties":{"id":"d08cacf6-59c0-4076-ae62-e8c1e6528cea","sources":[{"dataset":"OpenStreetMap","license":"ODbL-1.0","property":"","provider":"osm","record_id":"n7783394862@1","resource":"planet","update_time":"2020-08-04T08:56:36Z","version":"2026-09-09"}],"version":1},"type":"Feature"},{"geometry":{"coordinates":[-86.8841544,35.922113],"type":"Point"},"id":"a88e5950-aa5d-4e44-ad01-15f80d1a86ad","properties":{"id":"a88e5950-aa5d-4e44-ad01-15f80d1a86ad","sources":[{"dataset":"OpenStreetMap","license":"ODbL-1.0","property":"","provider":"osm","record_id":"n7783394855@2","resource":"planet","update_time":"2021-05-17T12:03:27Z","version":"2026-09-09"}],"version":1},"type":"Feature"},{"geometry":{"coordinates":[-86.8835202,35.9221592],"type":"Point"},"id":"8ee8ada1-cabc-4b09-8619-c450c1b24b4b","properties":{"id":"8ee8ada1-cabc-4b09-8619-c450c1b24b4b","sources":[{"dataset":"OpenStreetMap","license":"ODbL-1.0","property":"","provider":"osm","record_id":"n8739181840@1","resource":"planet","update_time":"2021-05-17T12:03:27Z","version":"2026-09-09"}],"version":1},"type":"Feature"},{"geometry":{"coordinates":[-86.8842346,35.9213883],"type":"Point"},"id":"15f2725c-d0aa-4483-a8ea-10a5e213ccc5","properties":{"id":"15f2725c-d0aa-4483-a8ea-10a5e213ccc5","sources":[{"dataset":"OpenStreetMap","license":"ODbL-1.0","property":"","provider":"osm","record_id":"n3596408783@1","resource":"planet","update_time":"2015-06-15T13:26:48Z","version":"2026-09-09"}],"version":1},"type":"Feature"},{"geometry":{"coordinates":[-86.8848338,35.9208854],"type":"Point"},"id":"25056fe7-c45b-497c-b822-8864138e8669","properties":{"id":"25056fe7-c45b-497c-b822-8864138e8669","sources":[{"dataset":"OpenStreetMap","license":"ODbL-1.0","property":"","provider":"osm","record_id":"n7051096724@1","resource":"planet","update_time":"2019-12-12T05:44:53Z","version":"2026-09-09"}],"version":1},"type":"Feature"},{"geometry":{"coordinates":[-86.8830341,35.9211299],"type":"Point"},"id":"e099e810-8641-456e-927f-100259e15184","properties":{"id":"e099e810-8641-456e-927f-100259e15184","sources":[{"dataset":"OpenStreetMap","license":"ODbL-1.0","property":"","provider":"osm","record_id":"n6308478055@1","resource":"planet","update_time":"2019-02-28T15:52:40Z","version":"2026-09-09"}],"version":1},"type":"Feature"},{"geometry":{"coordinates":[-86.8799193,35.9210457],"type":"Point"},"id":"2012c68d-53c0-4260-858e-21c32adcc9cd","properties":{"id":"2012c68d-53c0-4260-858e-21c32adcc9cd","sources":[{"dataset":"OpenStreetMap","license":"ODbL-1.0","property":"","provider":"osm","record_id":"n6687320502@1","resource":"planet","update_time":"2019-08-06T08:48:07Z","version":"2026-09-09"}],"version":1},"type":"Feature"},{"geometry":{"coordinates":[-86.8800159,35.9210093],"type":"Point"},"id":"516d9d34-97dc-4fc1-969e-85fee1c734d3","properties":{"id":"516d9d34-97dc-4fc1-969e-85fee1c734d3","sources":[{"dataset":"OpenStreetMap","license":"ODbL-1.0","property":"","provider":"osm","record_id":"n6687320501@1","resource":"planet","update_time":"2019-08-06T08:48:07Z","version":"2026-09-09"}],"version":1},"type":"Feature"},{"geometry":{"coordinates":[-86.8765827,35.9208955],"type":"Point"},"id":"bf05ef95-4170-48ab-91ee-524cba7a976c","properties":{"id":"bf05ef95-4170-48ab-91ee-524cba7a976c","sources":[{"dataset":"OpenStreetMap","license":"ODbL-1.0","property":"","provider":"osm","record_id":"n6690507053@1","resource":"planet","update_time":"2019-08-07T08:43:40Z","version":"2026-09-09"}],"version":1},"type":"Feature"},{"geometry":{"coordinates":[-86.8769428,35.9214156],"type":"Point"},"id":"58c7a2d1-defb-4ee1-9b45-d66fa2e87178","properties":{"id":"58c7a2d1-defb-4ee1-9b45-d66fa2e87178","sources":[{"dataset":"OpenStreetMap","license":"ODbL-1.0","property":"","provider":"osm","record_id":"n6690507051@1","resource":"planet","update_time":"2019-08-07T08:43:40Z","version":"2026-09-09"}],"version":1},"type":"Feature"},{"geometry":{"coordinates":[-86.8789364,35.9214297],"type":"Point"},"id":"e1fdd735-0157-4b09-bcc4-ebf4e60822b6","properties":{"id":"e1fdd735-0157-4b09-bcc4-ebf4e60822b6","sources":[{"dataset":"OpenStreetMap","license":"ODbL-1.0","property":"","provider":"osm","record_id":"n6687320506@1","resource":"planet","update_time":"2019-08-06T08:48:07Z","version":"2026-09-09"}],"version":1},"type":"Feature"},{"geometry":{"coordinates":[-86.8788045,35.9214448],"type":"Point"},"id":"3155c29e-8a54-45d5-bce5-b40334a17a21","properties":{"id":"3155c29e-8a54-45d5-bce5-b40334a17a21","sources":[{"dataset":"OpenStreetMap","license":"ODbL-1.0","property":"","provider":"osm","record_id":"n6687320499@1","resource":"planet","update_time":"2019-08-06T08:48:07Z","version":"2026-09-09"}],"version":1},"type":"Feature"},{"geometry":{"coordinates":[-86.878857,35.9215613],"type":"Point"},"id":"e70ad33e-6366-4bca-9572-1e7f7d2015f9","properties":{"id":"e70ad33e-6366-4bca-9572-1e7f7d2015f9","sources":[{"dataset":"OpenStreetMap","license":"ODbL-1.0","property":"","provider":"osm","record_id":"n204112931@3","resource":"planet","update_time":"2010-11-24T03:23:59Z","version":"2026-09-09"}],"version":1},"type":"Feature"},{"geometry":{"coordinates":[-86.8798356,35.9220267],"type":"Point"},"id":"b580774b-7bd4-4575-93d4-e2d6a563fe91","properties":{"id":"b580774b-7bd4-4575-93d4-e2d6a563fe91","sources":[{"dataset":"OpenStreetMap","license":"ODbL-1.0","property":"","provider":"osm","record_id":"n6687320505@1","resource":"planet","update_time":"2019-08-06T08:48:07Z","version":"2026-09-09"}],"version":1},"type":"Feature"},{"geometry":{"coordinates":[-86.8822517,35.921595],"type":"Point"},"id":"8704e5b3-0c06-4dfe-9f7c-7eee2a462d7d","properties":{"id":"8704e5b3-0c06-4dfe-9f7c-7eee2a462d7d","sources":[{"dataset":"OpenStreetMap","license":"ODbL-1.0","property":"","provider":"osm","record_id":"n13731059168@1","resource":"planet","update_time":"2026-04-14T20:59:08Z","version":"2026-09-09"}],"version":1},"type":"Feature"},{"geometry":{"coordinates":[-86.882547,35.9216231],"type":"Point"},"id":"c7f87ed2-bc49-4bcb-82a0-067b99e5ac78","properties":{"id":"c7f87ed2-bc49-4bcb-82a0-067b99e5ac78","sources":[{"dataset":"OpenStreetMap","license":"ODbL-1.0","property":"","provider":"osm","record_id":"n13731059169@1","resource":"planet","update_time":"2026-04-14T20:59:08Z","version":"2026-09-09"}],"version":1},"type":"Feature"},{"geometry":{"coordinates":[-86.88157,35.9219999],"type":"Point"},"id":"a012af81-c04d-4d34-b911-e891afda4951","properties":{"id":"a012af81-c04d-4d34-b911-e891afda4951","sources":[{"dataset":"OpenStreetMap","license":"ODbL-1.0","property":"","provider":"osm","record_id":"n6687320522@1","resource":"planet","update_time":"2019-08-06T08:48:07Z","version":"2026-09-09"}],"version":1},"type":"Feature"},{"geometry":{"coordinates":[-86.8814323,35.9220852],"type":"Point"},"id":"1399796b-5643-4ba4-bfa1-133cfd18f58d","properties":{"id":"1399796b-5643-4ba4-bfa1-133cfd18f58d","sources":[{"dataset":"OpenStreetMap","license":"ODbL-1.0","property":"","provider":"osm","record_id":"n6687320523@1","resource":"planet","update_time":"2019-08-06T08:48:07Z","version":"2026-09-09"}],"version":1},"type":"Feature"},{"geometry":{"coordinates":[-86.8812277,35.922591],"type":"Point"},"id":"46f21d84-502c-47e1-8895-d3e7ac149f4f","properties":{"id":"46f21d84-502c-47e1-8895-d3e7ac149f4f","sources":[{"dataset":"OpenStreetMap","license":"ODbL-1.0","property":"","provider":"osm","record_id":"n7016878436@1","resource":"planet","update_time":"2019-11-28T12:12:47Z","version":"2026-09-09"}],"version":1},"type":"Feature"},{"geometry":{"coordinates":[-86.8806862,35.9225372],"type":"Point"},"id":"aa4ae56f-2ff9-4f4c-8561-bf6af29762ed","properties":{"id":"aa4ae56f-2ff9-4f4c-8561-bf6af29762ed","sources":[{"dataset":"OpenStreetMap","license":"ODbL-1.0","property":"","provider":"osm","record_id":"n6687320544@1","resource":"planet","update_time":"2019-08-06T08:48:07Z","version":"2026-09-09"}],"version":1},"type":"Feature"},{"geometry":{"coordinates":[-86.8803505,35.9225038],"type":"Point"},"id":"41d83278-ee81-49b5-a7a6-aa571dc6e74b","properties":{"id":"41d83278-ee81-49b5-a7a6-aa571dc6e74b","sources":[{"dataset":"OpenStreetMap","license":"ODbL-1.0","property":"","provider":"osm","record_id":"n9748332609@1","resource":"planet","update_time":"2022-05-17T08:16:44Z","version":"2026-09-09"}],"version":1},"type":"Feature"},{"geometry":{"coordinates":[-86.8810353,35.9225719],"type":"Point"},"id":"4bd2ac8e-8bf9-440f-803f-b7b175c6f2d0","properties":{"id":"4bd2ac8e-8bf9-440f-803f-b7b175c6f2d0","sources":[{"dataset":"OpenStreetMap","license":"ODbL-1.0","property":"","provider":"osm","record_id":"n7016878433@1","resource":"planet","update_time":"2019-11-28T12:12:47Z","version":"2026-09-09"}],"version":1},"type":"Feature"},{"geometry":{"coordinates":[-86.880247,35.9226542],"type":"Point"},"id":"00d7fff7-5091-4ec6-84aa-f466c9a86222","properties":{"id":"00d7fff7-5091-4ec6-84aa-f466c9a86222","sources":[{"dataset":"OpenStreetMap","license":"ODbL-1.0","property":"","provider":"osm","record_id":"n9748332614@1","resource":"planet","update_time":"2022-05-17T08:16:44Z","version":"2026-09-09"}],"version":1},"type":"Feature"},{"geometry":{"coordinates":[-86.8806226,35.9229476],"type":"Point"},"id":"810906a6-1718-444c-a2d3-a84b65d0bcd6","properties":{"id":"810906a6-1718-444c-a2d3-a84b65d0bcd6","sources":[{"dataset":"OpenStreetMap","license":"ODbL-1.0","property":"","provider":"osm","record_id":"n9752078721@1","resource":"planet","update_time":"2022-05-18T14:52:59Z","version":"2026-09-09"}],"version":1},"type":"Feature"},{"geometry":{"coordinates":[-86.8812848,35.9225967],"type":"Point"},"id":"9da27273-18eb-4399-aecc-8ee066563fc4","properties":{"id":"9da27273-18eb-4399-aecc-8ee066563fc4","sources":[{"dataset":"OpenStreetMap","license":"ODbL-1.0","property":"","provider":"osm","record_id":"n7016878440@1","resource":"planet","update_time":"2019-11-28T12:12:47Z","version":"2026-09-09"}],"version":1},"type":"Feature"},{"geometry":{"coordinates":[-86.8813205,35.9226002],"type":"Point"},"id":"04e46f00-ef8d-4088-970b-0dce1998ad25","properties":{"id":"04e46f00-ef8d-4088-970b-0dce1998ad25","sources":[{"dataset":"OpenStreetMap","license":"ODbL-1.0","property":"","provider":"osm","record_id":"n6687320510@1","resource":"planet","update_time":"2019-08-06T08:48:07Z","version":"2026-09-09"}],"version":1},"type":"Feature"},{"geometry":{"coordinates":[-86.8817385,35.9226496],"type":"Point"},"id":"c98611ba-e404-432d-a202-6240fd5ab38e","properties":{"id":"c98611ba-e404-432d-a202-6240fd5ab38e","sources":[{"dataset":"OpenStreetMap","license":"ODbL-1.0","property":"","provider":"osm","record_id":"n6687320533@2","resource":"planet","update_time":"2019-08-07T11:00:49Z","version":"2026-09-09"}],"version":1},"type":"Feature"},{"geometry":{"coordinates":[-86.8818616,35.922667],"type":"Point"},"id":"8274ab08-7b83-40f4-a44f-6a9841bf272a","properties":{"id":"8274ab08-7b83-40f4-a44f-6a9841bf272a","sources":[{"dataset":"OpenStreetMap","license":"ODbL-1.0","property":"","provider":"osm","record_id":"n6687320530@2","resource":"planet","update_time":"2019-08-07T11:00:49Z","version":"2026-09-09"}],"version":1},"type":"Feature"},{"geometry":{"coordinates":[-86.8823508,35.9227105],"type":"Point"},"id":"895a467d-641f-4989-bbab-f0f0bf8ecec0","properties":{"id":"895a467d-641f-4989-bbab-f0f0bf8ecec0","sources":[{"dataset":"OpenStreetMap","license":"ODbL-1.0","property":"","provider":"osm","resource":"planet","version":"2026-09-09"}],"version":2},"type":"Feature"},{"geometry":{"coordinates":[-86.8824224,35.9227169],"type":"Point"},"id":"871399bb-0415-4ece-8112-a401cb9787a5","properties":{"id":"871399bb-0415-4ece-8112-a401cb9787a5","sources":[{"dataset":"OpenStreetMap","license":"ODbL-1.0","property":"","provider":"osm","record_id":"n6308478046@2","resource":"planet","update_time":"2019-08-07T11:00:49Z","version":"2026-09-09"}],"version":1},"type":"Feature"},{"geometry":{"coordinates":[-86.8817877,35.9231019],"type":"Point"},"id":"700ec76c-4c13-45af-a9cc-493ff7d8c5e3","properties":{"id":"700ec76c-4c13-45af-a9cc-493ff7d8c5e3","sources":[{"dataset":"OpenStreetMap","license":"ODbL-1.0","property":"","provider":"osm","record_id":"n6687320532@1","resource":"planet","update_time":"2019-08-06T08:48:07Z","version":"2026-09-09"}],"version":1},"type":"Feature"},{"geometry":{"coordinates":[-86.8811342,35.9231888],"type":"Point"},"id":"406befc6-a641-49c7-8543-1f15b5a575fc","properties":{"id":"406befc6-a641-49c7-8543-1f15b5a575fc","sources":[{"dataset":"OpenStreetMap","license":"ODbL-1.0","property":"","provider":"osm","record_id":"n7016878439@1","resource":"planet","update_time":"2019-11-28T12:12:47Z","version":"2026-09-09"}],"version":1},"type":"Feature"},{"geometry":{"coordinates":[-86.8813105,35.9232278],"type":"Point"},"id":"6e64168b-5cdf-4da9-8215-ac39b0f61ba9","properties":{"id":"6e64168b-5cdf-4da9-8215-ac39b0f61ba9","sources":[{"dataset":"OpenStreetMap","license":"ODbL-1.0","property":"","provider":"osm","record_id":"n7016878447@1","resource":"planet","update_time":"2019-11-28T12:12:47Z","version":"2026-09-09"}],"version":1},"type":"Feature"},{"geometry":{"coordinates":[-86.8816419,35.9232528],"type":"Point"},"id":"d38dc713-6136-4899-a160-bc71a2c7cabd","properties":{"id":"d38dc713-6136-4899-a160-bc71a2c7cabd","sources":[{"dataset":"OpenStreetMap","license":"ODbL-1.0","property":"","provider":"osm","record_id":"n6687320536@1","resource":"planet","update_time":"2019-08-06T08:48:07Z","version":"2026-09-09"}],"version":1},"type":"Feature"},{"geometry":{"coordinates":[-86.8822987,35.9231665],"type":"Point"},"id":"8744f5cb-1387-48f4-9741-cfedfcf0b447","properties":{"id":"8744f5cb-1387-48f4-9741-cfedfcf0b447","sources":[{"dataset":"OpenStreetMap","license":"ODbL-1.0","property":"","provider":"osm","resource":"planet","version":"2026-09-09"}],"version":2},"type":"Feature"},{"geometry":{"coordinates":[-86.8805477,35.9234171],"type":"Point"},"id":"f082a27a-503e-4c43-8d16-09a79b5e8855","properties":{"id":"f082a27a-503e-4c43-8d16-09a79b5e8855","sources":[{"dataset":"OpenStreetMap","license":"ODbL-1.0","property":"","provider":"osm","record_id":"n6687320542@2","resource":"planet","update_time":"2022-05-18T14:52:59Z","version":"2026-09-09"}],"version":1},"type":"Feature"},{"geometry":{"coordinates":[-86.87998,35.9236392],"type":"Point"},"id":"65bca429-9336-474c-b375-fd236e9407b2","properties":{"id":"65bca429-9336-474c-b375-fd236e9407b2","sources":[{"dataset":"OpenStreetMap","license":"ODbL-1.0","property":"","provider":"osm","record_id":"n6687320538@1","resource":"planet","update_time":"2019-08-06T08:48:07Z","version":"2026-09-09"}],"version":1},"type":"Feature"},{"geometry":{"coordinates":[-86.8795818,35.9236402],"type":"Point"},"id":"4e43077c-e832-4045-9602-3a8615b9e026","properties":{"id":"4e43077c-e832-4045-9602-3a8615b9e026","sources":[{"dataset":"OpenStreetMap","license":"ODbL-1.0","property":"","provider":"osm","record_id":"n6687320537@1","resource":"planet","update_time":"2019-08-06T08:48:07Z","version":"2026-09-09"}],"version":1},"type":"Feature"},{"geometry":{"coordinates":[-86.8809581,35.9231369],"type":"Point"},"id":"c113e1db-0730-41ac-b297-70d950ab5c62","properties":{"id":"c113e1db-0730-41ac-b297-70d950ab5c62","sources":[{"dataset":"OpenStreetMap","license":"ODbL-1.0","property":"","provider":"osm","record_id":"n7016878435@1","resource":"planet","update_time":"2019-11-28T12:12:47Z","version":"2026-09-09"}],"version":1},"type":"Feature"},{"geometry":{"coordinates":[-86.8801405,35.9229665],"type":"Point"},"id":"2a072a9e-26fd-4344-a784-c79ce6b3fbde","properties":{"id":"2a072a9e-26fd-4344-a784-c79ce6b3fbde","sources":[{"dataset":"OpenStreetMap","license":"ODbL-1.0","property":"","provider":"osm","record_id":"n6687320546@1","resource":"planet","update_time":"2019-08-06T08:48:07Z","version":"2026-09-09"}],"version":1},"type":"Feature"},{"geometry":{"coordinates":[-86.8783704,35.923152],"type":"Point"},"id":"4f4887c3-ff5c-49ec-91ba-c2d6ecf6e38d","properties":{"id":"4f4887c3-ff5c-49ec-91ba-c2d6ecf6e38d","sources":[{"dataset":"OpenStreetMap","license":"ODbL-1.0","property":"","provider":"osm","record_id":"n7282174643@1","resource":"planet","update_time":"2020-03-10T12:06:47Z","version":"2026-09-09"}],"version":1},"type":"Feature"},{"geometry":{"coordinates":[-86.877733,35.9233161],"type":"Point"},"id":"7a52051b-a417-48d5-9805-a93b685cb1e7","properties":{"id":"7a52051b-a417-48d5-9805-a93b685cb1e7","sources":[{"dataset":"OpenStreetMap","license":"ODbL-1.0","property":"","provider":"osm","record_id":"n7166856030@1","resource":"planet","update_time":"2020-01-28T14:31:18Z","version":"2026-09-09"}],"version":1},"type":"Feature"},{"geometry":{"coordinates":[-86.8774808,35.9227859],"type":"Point"},"id":"a60af13c-0160-4322-a76b-7b8df764840b","properties":{"id":"a60af13c-0160-4322-a76b-7b8df764840b","sources":[{"dataset":"OpenStreetMap","license":"ODbL-1.0","property":"","provider":"osm","record_id":"n7058995672@1","resource":"planet","update_time":"2019-12-16T02:47:19Z","version":"2026-09-09"}],"version":1},"type":"Feature"},{"geometry":{"coordinates":[-86.8793188,35.9226431],"type":"Point"},"id":"c12fa81c-5ce9-4d87-b5be-bd1ae323e739","properties":{"id":"c12fa81c-5ce9-4d87-b5be-bd1ae323e739","sources":[{"dataset":"OpenStreetMap","license":"ODbL-1.0","property":"","provider":"osm","record_id":"n7282174640@1","resource":"planet","update_time":"2020-03-10T12:06:47Z","version":"2026-09-09"}],"version":1},"type":"Feature"},{"geometry":{"coordinates":[-86.87925,35.9224068],"type":"Point"},"id":"db8cd9f8-aaea-45f3-9525-5b2256c0c86e","properties":{"id":"db8cd9f8-aaea-45f3-9525-5b2256c0c86e","sources":[{"dataset":"OpenStreetMap","license":"ODbL-1.0","property":"","provider":"osm","record_id":"n204112934@3","resource":"planet","update_time":"2010-11-20T17:25:28Z","version":"2026-09-09"}],"version":1},"type":"Feature"},{"geometry":{"coordinates":[-86.8768029,35.9224831],"type":"Point"},"id":"ba58e0d8-d519-4647-9dd6-d6558ee49096","properties":{"id":"ba58e0d8-d519-4647-9dd6-d6558ee49096","sources":[{"dataset":"OpenStreetMap","license":"ODbL-1.0","property":"","provider":"osm","record_id":"n204143371@3","resource":"planet","update_time":"2010-11-24T03:23:59Z","version":"2026-09-09"}],"version":1},"type":"Feature"},{"geometry":{"coordinates":[-86.8771357,35.9223462],"type":"Point"},"id":"044dd73c-337a-4827-ae3a-05e3baa13e85","properties":{"id":"044dd73c-337a-4827-ae3a-05e3baa13e85","sources":[{"dataset":"OpenStreetMap","license":"ODbL-1.0","property":"","provider":"osm","record_id":"n7058995670@1","resource":"planet","update_time":"2019-12-16T02:47:19Z","version":"2026-09-09"}],"version":1},"type":"Feature"},{"geometry":{"coordinates":[-86.8748339,35.9223966],"type":"Point"},"id":"779e0070-4eea-4280-bc9a-0ee39688fe8f","properties":{"id":"779e0070-4eea-4280-bc9a-0ee39688fe8f","sources":[{"dataset":"OpenStreetMap","license":"ODbL-1.0","property":"","provider":"osm","record_id":"n204119170@4","resource":"planet","update_time":"2013-12-03T00:52:37Z","version":"2026-09-09"}],"version":1},"type":"Feature"},{"geometry":{"coordinates":[-86.8740816,35.9227673],"type":"Point"},"id":"51c297e5-1a50-4442-b933-81afe7cd90d0","properties":{"id":"51c297e5-1a50-4442-b933-81afe7cd90d0","sources":[{"dataset":"OpenStreetMap","license":"ODbL-1.0","property":"","provider":"osm","record_id":"n204128811@3","resource":"planet","update_time":"2015-04-21T17:20:36Z","version":"2026-09-09"}],"version":1},"type":"Feature"},{"geometry":{"coordinates":[-86.8754003,35.9231598],"type":"Point"},"id":"adaae5a8-0e22-4a5c-b000-1ee0b95a3eaf","properties":{"id":"adaae5a8-0e22-4a5c-b000-1ee0b95a3eaf","sources":[{"dataset":"OpenStreetMap","license":"ODbL-1.0","property":"","provider":"osm","record_id":"n204119171@4","resource":"planet","update_time":"2013-12-03T00:52:37Z","version":"2026-09-09"}],"version":1},"type":"Feature"},{"geometry":{"coordinates":[-86.8750554,35.9233265],"type":"Point"},"id":"3a9a9e0e-1904-4580-acb2-c31535c992ed","properties":{"id":"3a9a9e0e-1904-4580-acb2-c31535c992ed","sources":[{"dataset":"OpenStreetMap","license":"ODbL-1.0","property":"","provider":"osm","record_id":"n204119179@3","resource":"planet","update_time":"2009-10-16T12:35:33Z","version":"2026-09-09"}],"version":1},"type":"Feature"},{"geometry":{"coordinates":[-86.8746624,35.9235247],"type":"Point"},"id":"4683b03b-7f7c-4d13-8ee1-7917c347a306","properties":{"id":"4683b03b-7f7c-4d13-8ee1-7917c347a306","sources":[{"dataset":"OpenStreetMap","license":"ODbL-1.0","property":"","provider":"osm","record_id":"n205291530@4","resource":"planet","update_time":"2015-04-21T17:20:37Z","version":"2026-09-09"}],"version":1},"type":"Feature"},{"geometry":{"coordinates":[-86.8727031,35.9229723],"type":"Point"},"id":"289557bd-556a-4192-ba02-8f2b8185583a","properties":{"id":"289557bd-556a-4192-ba02-8f2b8185583a","sources":[{"dataset":"OpenStreetMap","license":"ODbL-1.0","property":"","provider":"osm","resource":"planet","version":"2026-09-09"}],"version":2},"type":"Feature"},{"geometry":{"coordinates":[-86.8730813,35.9232292],"type":"Point"},"id":"6ceac308-0f4b-4a2c-9c39-be6385d86b47","properties":{"id":"6ceac308-0f4b-4a2c-9c39-be6385d86b47","sources":[{"dataset":"OpenStreetMap","license":"ODbL-1.0","property":"","provider":"osm","record_id":"n204112438@3","resource":"planet","update_time":"2009-10-16T12:33:39Z","version":"2026-09-09"}],"version":1},"type":"Feature"},{"geometry":{"coordinates":[-86.8730339,35.923253],"type":"Point"},"id":"8c415be4-eeff-43df-bd4e-73aae2dd52d0","properties":{"id":"8c415be4-eeff-43df-bd4e-73aae2dd52d0","sources":[{"dataset":"OpenStreetMap","license":"ODbL-1.0","property":"","provider":"osm","record_id":"n13698084213@1","resource":"planet","update_time":"2026-04-01T10:29:31Z","version":"2026-09-09"}],"version":1},"type":"Feature"},{"geometry":{"coordinates":[-86.8724243,35.9236345],"type":"Point"},"id":"dceca378-bf05-453e-911d-a869829eabee","properties":{"id":"dceca378-bf05-453e-911d-a869829eabee","sources":[{"dataset":"OpenStreetMap","license":"ODbL-1.0","property":"","provider":"osm","record_id":"n13698084214@1","resource":"planet","update_time":"2026-04-01T10:29:31Z","version":"2026-09-09"}],"version":1},"type":"Feature"},{"geometry":{"coordinates":[-86.8723828,35.9235792],"type":"Point"},"id":"4f068de6-0bf9-4458-be8d-9b36fd53ccc4","properties":{"id":"4f068de6-0bf9-4458-be8d-9b36fd53ccc4","sources":[{"dataset":"OpenStreetMap","license":"ODbL-1.0","property":"","provider":"osm","record_id":"n204128815@3","resource":"planet","update_time":"2013-12-03T00:52:37Z","version":"2026-09-09"}],"version":1},"type":"Feature"},{"geometry":{"coordinates":[-86.8726318,35.9234545],"type":"Point"},"id":"be1e6bb4-b855-4bad-aad2-7c7b4ff10c22","properties":{"id":"be1e6bb4-b855-4bad-aad2-7c7b4ff10c22","sources":[{"dataset":"OpenStreetMap","license":"ODbL-1.0","property":"","provider":"osm","record_id":"n14016621149@1","resource":"planet","update_time":"2026-07-15T04:15:00Z","version":"2026-09-09"}],"version":1},"type":"Feature"},{"geometry":{"coordinates":[-86.8725663,35.9233791],"type":"Point"},"id":"b7d36996-0a75-433b-b809-40418e4238fa","properties":{"id":"b7d36996-0a75-433b-b809-40418e4238fa","sources":[{"dataset":"OpenStreetMap","license":"ODbL-1.0","property":"","provider":"osm","record_id":"n14016621150@1","resource":"planet","update_time":"2026-07-15T04:15:00Z","version":"2026-09-09"}],"version":1},"type":"Feature"},{"geometry":{"coordinates":[-86.8707541,35.9235137],"type":"Point"},"id":"15853e9c-8608-490f-8985-a83afce0e9c3","properties":{"id":"15853e9c-8608-490f-8985-a83afce0e9c3","sources":[{"dataset":"OpenStreetMap","license":"ODbL-1.0","property":"","provider":"osm","record_id":"n3682803714@1","resource":"planet","update_time":"2015-08-05T18:32:20Z","version":"2026-09-09"}],"version":1},"type":"Feature"},{"geometry":{"coordinates":[-86.8703875,35.9236547],"type":"Point"},"id":"80a4a6f4-fdb7-4d4c-829a-9715ffc107ab","properties":{"id":"80a4a6f4-fdb7-4d4c-829a-9715ffc107ab","sources":[{"dataset":"OpenStreetMap","license":"ODbL-1.0","property":"","provider":"osm","record_id":"n3682803713@1","resource":"planet","update_time":"2015-08-05T18:32:20Z","version":"2026-09-09"}],"version":1},"type":"Feature"},{"geometry":{"coordinates":[-86.8710806,35.9231422],"type":"Point"},"id":"2e6d9717-90f1-451c-a9b4-9d36c3932521","properties":{"id":"2e6d9717-90f1-451c-a9b4-9d36c3932521","sources":[{"dataset":"OpenStreetMap","license":"ODbL-1.0","property":"","provider":"osm","record_id":"n204129986@5","resource":"planet","update_time":"2015-08-05T18:32:21Z","version":"2026-09-09"}],"version":1},"type":"Feature"},{"geometry":{"coordinates":[-86.8709848,35.923182],"type":"Point"},"id":"407782c5-7639-4f49-a67e-a626e133097e","properties":{"id":"407782c5-7639-4f49-a67e-a626e133097e","sources":[{"dataset":"OpenStreetMap","license":"ODbL-1.0","property":"","provider":"osm","record_id":"n11860306654@1","resource":"planet","update_time":"2024-04-27T17:04:10Z","version":"2026-09-09"}],"version":1},"type":"Feature"},{"geometry":{"coordinates":[-86.87173,35.9231116],"type":"Point"},"id":"ff675e36-fba0-4806-8805-1fe16bf7f9e2","properties":{"id":"ff675e36-fba0-4806-8805-1fe16bf7f9e2","sources":[{"dataset":"OpenStreetMap","license":"ODbL-1.0","property":"","provider":"osm","record_id":"n12697396099@1","resource":"planet","update_time":"2025-03-24T20:20:14Z","version":"2026-09-09"}],"version":1},"type":"Feature"},{"geometry":{"coordinates":[-86.8718081,35.9231263],"type":"Point"},"id":"56f72112-41da-4516-acff-72bc268e7044","properties":{"id":"56f72112-41da-4516-acff-72bc268e7044","sources":[{"dataset":"OpenStreetMap","license":"ODbL-1.0","property":"","provider":"osm","record_id":"n8484968903@2","resource":"planet","update_time":"2024-06-30T15:36:30Z","version":"2026-09-09"}],"version":1},"type":"Feature"},{"geometry":{"coordinates":[-86.8716165,35.9230072],"type":"Point"},"id":"db955154-279b-4cbc-b640-53aea87c7422","properties":{"id":"db955154-279b-4cbc-b640-53aea87c7422","sources":[{"dataset":"OpenStreetMap","license":"ODbL-1.0","property":"","provider":"osm","record_id":"n8484968904@1","resource":"planet","update_time":"2021-03-04T07:19:21Z","version":"2026-09-09"}],"version":1},"type":"Feature"},{"geometry":{"coordinates":[-86.8712203,35.9230286],"type":"Point"},"id":"4477612d-ef5a-40be-acac-1337109bf561","properties":{"id":"4477612d-ef5a-40be-acac-1337109bf561","sources":[{"dataset":"OpenStreetMap","license":"ODbL-1.0","property":"","provider":"osm","record_id":"n8484968906@1","resource":"planet","update_time":"2021-03-04T07:19:21Z","version":"2026-09-09"}],"version":1},"type":"Feature"},{"geometry":{"coordinates":[-86.8711076,35.9230186],"type":"Point"},"id":"281a6af2-432d-4944-9141-e4e4cff30949","properties":{"id":"281a6af2-432d-4944-9141-e4e4cff30949","sources":[{"dataset":"OpenStreetMap","license":"ODbL-1.0","property":"","provider":"osm","record_id":"n8484968897@1","resource":"planet","update_time":"2021-03-04T07:19:21Z","version":"2026-09-09"}],"version":1},"type":"Feature"},{"geometry":{"coordinates":[-86.8711005,35.9230509],"type":"Point"},"id":"1f3259ff-195d-44b4-babb-05aa90b616ea","properties":{"id":"1f3259ff-195d-44b4-babb-05aa90b616ea","sources":[{"dataset":"OpenStreetMap","license":"ODbL-1.0","property":"","provider":"osm","record_id":"n13698039668@1","resource":"planet","update_time":"2026-04-01T10:24:53Z","version":"2026-09-09"}],"version":1},"type":"Feature"},{"geometry":{"coordinates":[-86.8715458,35.9226346],"type":"Point"},"id":"f2b38766-1be9-4850-ab80-c7e0eb3ad216","properties":{"id":"f2b38766-1be9-4850-ab80-c7e0eb3ad216","sources":[{"dataset":"OpenStreetMap","license":"ODbL-1.0","property":"","provider":"osm","record_id":"n8484968898@1","resource":"planet","update_time":"2021-03-04T07:19:21Z","version":"2026-09-09"}],"version":1},"type":"Feature"},{"geometry":{"coordinates":[-86.8727258,35.9228069],"type":"Point"},"id":"62f23a52-efb2-4cc6-813f-e4cbeb52c7f7","properties":{"id":"62f23a52-efb2-4cc6-813f-e4cbeb52c7f7","sources":[{"dataset":"OpenStreetMap","license":"ODbL-1.0","property":"","provider":"osm","record_id":"n7018840490@1","resource":"planet","update_time":"2019-11-29T08:25:15Z","version":"2026-09-09"}],"version":1},"type":"Feature"},{"geometry":{"coordinates":[-86.8734012,35.9225985],"type":"Point"},"id":"c2036a48-6799-4026-ab68-e2bd882d9830","properties":{"id":"c2036a48-6799-4026-ab68-e2bd882d9830","sources":[{"dataset":"OpenStreetMap","license":"ODbL-1.0","property":"","provider":"osm","record_id":"n7018840497@1","resource":"planet","update_time":"2019-11-29T08:25:15Z","version":"2026-09-09"}],"version":1},"type":"Feature"},{"geometry":{"coordinates":[-86.8723889,35.9226431],"type":"Point"},"id":"b284fd9b-864b-48f8-85df-8c5848ea9fab","properties":{"id":"b284fd9b-864b-48f8-85df-8c5848ea9fab","sources":[{"dataset":"OpenStreetMap","license":"ODbL-1.0","property":"","provider":"osm","record_id":"n311446716@3","resource":"planet","update_time":"2024-06-30T19:28:27Z","version":"2026-09-09"}],"version":2},"type":"Feature"},{"geometry":{"coordinates":[-86.8723025,35.9226828],"type":"Point"},"id":"a0ffdcd0-d93a-4848-9e7c-d8c495ba1edc","properties":{"id":"a0ffdcd0-d93a-4848-9e7c-d8c495ba1edc","sources":[{"dataset":"OpenStreetMap","license":"ODbL-1.0","property":"","provider":"osm","record_id":"n11860306666@1","resource":"planet","update_time":"2024-04-27T17:04:10Z","version":"2026-09-09"}],"version":1},"type":"Feature"},{"geometry":{"coordinates":[-86.8726304,35.9227271],"type":"Point"},"id":"2608de88-ca4a-4499-b551-ade17d98a3c6","properties":{"id":"2608de88-ca4a-4499-b551-ade17d98a3c6","sources":[{"dataset":"OpenStreetMap","license":"ODbL-1.0","property":"","provider":"osm","record_id":"n2562311603@0","resource":"planet","version":"2026-09-09"}],"version":1},"type":"Feature"},{"geometry":{"coordinates":[-86.8720242,35.9226468],"type":"Point"},"id":"a0f9ccc1-9257-4bdc-bb6f-deb019587159","properties":{"id":"a0f9ccc1-9257-4bdc-bb6f-deb019587159","sources":[{"dataset":"OpenStreetMap","license":"ODbL-1.0","property":"","provider":"osm","record_id":"n11860306664@1","resource":"planet","update_time":"2024-04-27T17:04:10Z","version":"2026-09-09"}],"version":1},"type":"Feature"},{"geometry":{"coordinates":[-86.8719244,35.9226338],"type":"Point"},"id":"f8323933-45fd-408b-a331-f504e4c598e9","properties":{"id":"f8323933-45fd-408b-a331-f504e4c598e9","sources":[{"dataset":"OpenStreetMap","license":"ODbL-1.0","property":"","provider":"osm","record_id":"n11860336773@1","resource":"planet","update_time":"2024-04-27T17:04:10Z","version":"2026-09-09"}],"version":1},"type":"Feature"},{"geometry":{"coordinates":[-86.8720427,35.9225635],"type":"Point"},"id":"d0b89dc7-8d5f-45b7-b4bb-a304b7753bfa","properties":{"id":"d0b89dc7-8d5f-45b7-b4bb-a304b7753bfa","sources":[{"dataset":"OpenStreetMap","license":"ODbL-1.0","property":"","provider":"osm","record_id":"n11860306667@2","resource":"planet","update_time":"2024-06-30T19:28:27Z","version":"2026-09-09"}],"version":1},"type":"Feature"},{"geometry":{"coordinates":[-86.8719427,35.9225495],"type":"Point"},"id":"05d8d2b1-780e-499a-b74c-8b420977b655","properties":{"id":"05d8d2b1-780e-499a-b74c-8b420977b655","sources":[{"dataset":"OpenStreetMap","license":"ODbL-1.0","property":"","provider":"osm","record_id":"n204113346@7","resource":"planet","update_time":"2024-06-30T19:28:27Z","version":"2026-09-09"}],"version":1},"type":"Feature"},{"geometry":{"coordinates":[-86.871962,35.9224696],"type":"Point"},"id":"376c62f7-ada9-42e3-83cb-1ee5918a27d9","properties":{"id":"376c62f7-ada9-42e3-83cb-1ee5918a27d9","sources":[{"dataset":"OpenStreetMap","license":"ODbL-1.0","property":"","provider":"osm","record_id":"n11860336769@1","resource":"planet","update_time":"2024-04-27T17:04:10Z","version":"2026-09-09"}],"version":1},"type":"Feature"},{"geometry":{"coordinates":[-86.8730903,35.9224504],"type":"Point"},"id":"5e4fe60e-b208-40c7-9d45-9330d7f10b30","properties":{"id":"5e4fe60e-b208-40c7-9d45-9330d7f10b30","sources":[{"dataset":"OpenStreetMap","license":"ODbL-1.0","property":"","provider":"osm","record_id":"n7018840494@1","resource":"planet","update_time":"2019-11-29T08:25:15Z","version":"2026-09-09"}],"version":1},"type":"Feature"},{"geometry":{"coordinates":[-86.8727808,35.9224271],"type":"Point"},"id":"157c8272-c70c-4b3b-b596-1332575a3975","properties":{"id":"157c8272-c70c-4b3b-b596-1332575a3975","sources":[{"dataset":"OpenStreetMap","license":"ODbL-1.0","property":"","provider":"osm","resource":"planet","version":"2026-09-09"}],"version":1},"type":"Feature"},{"geometry":{"coordinates":[-86.872012,35.9222531],"type":"Point"},"id":"3df577e2-b914-4a90-9da3-7d7f572d0a8c","properties":{"id":"3df577e2-b914-4a90-9da3-7d7f572d0a8c","sources":[{"dataset":"OpenStreetMap","license":"ODbL-1.0","property":"","provider":"osm","record_id":"n6687210962@1","resource":"planet","update_time":"2019-08-06T08:34:52Z","version":"2026-09-09"}],"version":1},"type":"Feature"},{"geometry":{"coordinates":[-86.8715608,35.9225005],"type":"Point"},"id":"8f67a9e7-c027-469b-a908-409cd381ed6f","properties":{"id":"8f67a9e7-c027-469b-a908-409cd381ed6f","sources":[{"dataset":"OpenStreetMap","license":"ODbL-1.0","property":"","provider":"osm","record_id":"n8484968891@2","resource":"planet","update_time":"2024-06-30T19:28:27Z","version":"2026-09-09"}],"version":1},"type":"Feature"},{"geometry":{"coordinates":[-86.8718493,35.9225385],"type":"Point"},"id":"137a21a7-c5eb-464e-bbb6-927c6086a39d","properties":{"id":"137a21a7-c5eb-464e-bbb6-927c6086a39d","sources":[{"dataset":"OpenStreetMap","license":"ODbL-1.0","property":"","provider":"osm","record_id":"n11860336771@2","resource":"planet","update_time":"2024-06-30T19:28:27Z","version":"2026-09-09"}],"version":1},"type":"Feature"},{"geometry":{"coordinates":[-86.8715549,35.922553],"type":"Point"},"id":"d757983c-eee0-4014-a9d9-c8f54922c569","properties":{"id":"d757983c-eee0-4014-a9d9-c8f54922c569","sources":[{"dataset":"OpenStreetMap","license":"ODbL-1.0","property":"","provider":"osm","record_id":"n12697396100@1","resource":"planet","update_time":"2025-03-24T20:20:14Z","version":"2026-09-09"}],"version":1},"type":"Feature"},{"geometry":{"coordinates":[-86.8714922,35.922545],"type":"Point"},"id":"c8afb6b6-9e9d-41fb-a220-018c27bba60b","properties":{"id":"c8afb6b6-9e9d-41fb-a220-018c27bba60b","sources":[{"dataset":"OpenStreetMap","license":"ODbL-1.0","property":"","provider":"osm","record_id":"n12697396066@1","resource":"planet","update_time":"2025-03-24T20:20:14Z","version":"2026-09-09"}],"version":1},"type":"Feature"},{"geometry":{"coordinates":[-86.8716196,35.9225079],"type":"Point"},"id":"c2c9648b-4c6e-47f4-9475-a07489f759d2","properties":{"id":"c2c9648b-4c6e-47f4-9475-a07489f759d2","sources":[{"dataset":"OpenStreetMap","license":"ODbL-1.0","property":"","provider":"osm","record_id":"n6687210968@2","resource":"planet","update_time":"2024-06-30T19:28:27Z","version":"2026-09-09"}],"version":1},"type":"Feature"},{"geometry":{"coordinates":[-86.8712309,35.9224537],"type":"Point"},"id":"fb533fd9-150c-470e-93b1-1ebaf2d8e41f","properties":{"id":"fb533fd9-150c-470e-93b1-1ebaf2d8e41f","sources":[{"dataset":"OpenStreetMap","license":"ODbL-1.0","property":"","provider":"osm","record_id":"n204123228@4","resource":"planet","update_time":"2013-12-03T00:52:37Z","version":"2026-09-09"}],"version":1},"type":"Feature"},{"geometry":{"coordinates":[-86.8704727,35.9224703],"type":"Point"},"id":"54a784f8-568d-4daf-b5c2-b99be379805d","properties":{"id":"54a784f8-568d-4daf-b5c2-b99be379805d","sources":[{"dataset":"OpenStreetMap","license":"ODbL-1.0","property":"","provider":"osm","record_id":"n11860306656@1","resource":"planet","update_time":"2024-04-27T17:04:10Z","version":"2026-09-09"}],"version":1},"type":"Feature"},{"geometry":{"coordinates":[-86.8705397,35.9224633],"type":"Point"},"id":"835cafc1-cf3d-4756-a24e-3aec526dbff8","properties":{"id":"835cafc1-cf3d-4756-a24e-3aec526dbff8","sources":[{"dataset":"OpenStreetMap","license":"ODbL-1.0","property":"","provider":"osm","record_id":"n11860306658@2","resource":"planet","update_time":"2026-04-01T10:37:28Z","version":"2026-09-09"}],"version":1},"type":"Feature"},{"geometry":{"coordinates":[-86.8704388,35.9224265],"type":"Point"},"id":"17c95afe-cfec-44d8-a229-7845b817823f","properties":{"id":"17c95afe-cfec-44d8-a229-7845b817823f","sources":[{"dataset":"OpenStreetMap","license":"ODbL-1.0","property":"","provider":"osm","record_id":"n11860306659@2","resource":"planet","update_time":"2026-04-01T10:37:28Z","version":"2026-09-09"}],"version":1},"type":"Feature"},{"geometry":{"coordinates":[-86.8704899,35.9224009],"type":"Point"},"id":"732917ae-e576-4645-901e-ee046a6c7773","properties":{"id":"732917ae-e576-4645-901e-ee046a6c7773","sources":[{"dataset":"OpenStreetMap","license":"ODbL-1.0","property":"","provider":"osm","record_id":"n204123231@7","resource":"planet","update_time":"2024-04-27T17:04:10Z","version":"2026-09-09"}],"version":1},"type":"Feature"},{"geometry":{"coordinates":[-86.8704035,35.9223778],"type":"Point"},"id":"9fa99ceb-95d4-4dbd-9361-d9bf264c3e47","properties":{"id":"9fa99ceb-95d4-4dbd-9361-d9bf264c3e47","sources":[{"dataset":"OpenStreetMap","license":"ODbL-1.0","property":"","provider":"osm","record_id":"n11860306660@1","resource":"planet","update_time":"2024-04-27T17:04:10Z","version":"2026-09-09"}],"version":1},"type":"Feature"},{"geometry":{"coordinates":[-86.8704513,35.9223475],"type":"Point"},"id":"e8100bc2-dc16-47d2-b24c-0b62e9750b58","properties":{"id":"e8100bc2-dc16-47d2-b24c-0b62e9750b58","sources":[{"dataset":"OpenStreetMap","license":"ODbL-1.0","property":"","provider":"osm","record_id":"n11860306661@2","resource":"planet","update_time":"2026-04-01T10:37:28Z","version":"2026-09-09"}],"version":1},"type":"Feature"},{"geometry":{"coordinates":[-86.8714269,35.9216521],"type":"Point"},"id":"a1dcb491-5495-474a-9c6c-39e20a18a285","properties":{"id":"a1dcb491-5495-474a-9c6c-39e20a18a285","sources":[{"dataset":"OpenStreetMap","license":"ODbL-1.0","property":"","provider":"osm","record_id":"n7936244128@1","resource":"planet","update_time":"2020-09-24T04:05:04Z","version":"2026-09-09"}],"version":1},"type":"Feature"},{"geometry":{"coordinates":[-86.8721244,35.9217664],"type":"Point"},"id":"c1698c72-5fee-4284-b4d1-821d5165dd81","properties":{"id":"c1698c72-5fee-4284-b4d1-821d5165dd81","sources":[{"dataset":"OpenStreetMap","license":"ODbL-1.0","property":"","provider":"osm","record_id":"n7936244127@1","resource":"planet","update_time":"2020-09-24T04:05:04Z","version":"2026-09-09"}],"version":1},"type":"Feature"},{"geometry":{"coordinates":[-86.8726439,35.9219028],"type":"Point"},"id":"70bb6198-4cbc-43f8-b048-d85faca26d55","properties":{"id":"70bb6198-4cbc-43f8-b048-d85faca26d55","sources":[{"dataset":"OpenStreetMap","license":"ODbL-1.0","property":"","provider":"osm","resource":"planet","version":"2026-09-09"}],"version":1},"type":"Feature"},{"geometry":{"coordinates":[-86.8720832,35.9219449],"type":"Point"},"id":"488d8b81-bfc0-42d3-97f7-c56acbdc8fd2","properties":{"id":"488d8b81-bfc0-42d3-97f7-c56acbdc8fd2","sources":[{"dataset":"OpenStreetMap","license":"ODbL-1.0","property":"","provider":"osm","record_id":"n6687210953@1","resource":"planet","update_time":"2019-08-06T08:34:52Z","version":"2026-09-09"}],"version":1},"type":"Feature"},{"geometry":{"coordinates":[-86.8726003,35.9220925],"type":"Point"},"id":"0deb7c3b-a477-412a-a256-ffffe6156345","properties":{"id":"0deb7c3b-a477-412a-a256-ffffe6156345","sources":[{"dataset":"OpenStreetMap","license":"ODbL-1.0","property":"","provider":"osm","resource":"planet","version":"2026-09-09"}],"version":1},"type":"Feature"},{"geometry":{"coordinates":[-86.8729862,35.9221914],"type":"Point"},"id":"9e0221ce-a036-45a1-8a05-c7dea7580078","properties":{"id":"9e0221ce-a036-45a1-8a05-c7dea7580078","sources":[{"dataset":"OpenStreetMap","license":"ODbL-1.0","property":"","provider":"osm","record_id":"n7018840498@1","resource":"planet","update_time":"2019-11-29T08:25:15Z","version":"2026-09-09"}],"version":1},"type":"Feature"},{"geometry":{"coordinates":[-86.8755175,35.9220696],"type":"Point"},"id":"7a80ac3f-8543-4877-90da-ca7f65303fd4","properties":{"id":"7a80ac3f-8543-4877-90da-ca7f65303fd4","sources":[{"dataset":"OpenStreetMap","license":"ODbL-1.0","property":"","provider":"osm","record_id":"n8485896442@1","resource":"planet","update_time":"2021-03-04T12:30:01Z","version":"2026-09-09"}],"version":1},"type":"Feature"},{"geometry":{"coordinates":[-86.874995,35.9217277],"type":"Point"},"id":"c9e071d5-648e-4c78-9c94-36c7e96fe932","properties":{"id":"c9e071d5-648e-4c78-9c94-36c7e96fe932","sources":[{"dataset":"OpenStreetMap","license":"ODbL-1.0","property":"","provider":"osm","record_id":"n8485896446@1","resource":"planet","update_time":"2021-03-04T12:30:01Z","version":"2026-09-09"}],"version":1},"type":"Feature"},{"geometry":{"coordinates":[-86.8762997,35.9217238],"type":"Point"},"id":"bf4296ff-b7b4-40f9-86fa-ba390f0f6321","properties":{"id":"bf4296ff-b7b4-40f9-86fa-ba390f0f6321","sources":[{"dataset":"OpenStreetMap","license":"ODbL-1.0","property":"","provider":"osm","record_id":"n204128803@3","resource":"planet","update_time":"2010-11-24T03:23:59Z","version":"2026-09-09"}],"version":1},"type":"Feature"},{"geometry":{"coordinates":[-86.8742534,35.9215813],"type":"Point"},"id":"fb7d0e9e-acda-40fc-ae6c-33953c71358a","properties":{"id":"fb7d0e9e-acda-40fc-ae6c-33953c71358a","sources":[{"dataset":"OpenStreetMap","license":"ODbL-1.0","property":"","provider":"osm","record_id":"n8741179593@2","resource":"planet","update_time":"2025-07-22T14:35:14Z","version":"2026-09-09"}],"version":2},"type":"Feature"},{"geometry":{"coordinates":[-86.8738323,35.9218345],"type":"Point"},"id":"ffb347d9-fb0e-4876-b36e-e6a3ccac8d92","properties":{"id":"ffb347d9-fb0e-4876-b36e-e6a3ccac8d92","sources":[{"dataset":"OpenStreetMap","license":"ODbL-1.0","property":"","provider":"osm","record_id":"n8741179600@1","resource":"planet","update_time":"2021-05-18T05:24:10Z","version":"2026-09-09"}],"version":1},"type":"Feature"},{"geometry":{"coordinates":[-86.8736741,35.9216049],"type":"Point"},"id":"e952f549-9d46-44ac-b669-e130574602a8","properties":{"id":"e952f549-9d46-44ac-b669-e130574602a8","sources":[{"dataset":"OpenStreetMap","license":"ODbL-1.0","property":"","provider":"osm","record_id":"n7936244132@1","resource":"planet","update_time":"2020-09-24T04:05:04Z","version":"2026-09-09"}],"version":1},"type":"Feature"},{"geometry":{"coordinates":[-86.8741241,35.921369],"type":"Point"},"id":"fda5445f-a625-4825-a9b3-748b08f11e26","properties":{"id":"fda5445f-a625-4825-a9b3-748b08f11e26","sources":[{"dataset":"OpenStreetMap","license":"ODbL-1.0","property":"","provider":"osm","record_id":"n204101726@6","resource":"planet","update_time":"2025-07-22T14:35:14Z","version":"2026-09-09"}],"version":2},"type":"Feature"},{"geometry":{"coordinates":[-86.8735591,35.9212357],"type":"Point"},"id":"42fba82a-431b-40c6-bd37-d92b40bfecbe","properties":{"id":"42fba82a-431b-40c6-bd37-d92b40bfecbe","sources":[{"dataset":"OpenStreetMap","license":"ODbL-1.0","property":"","provider":"osm","record_id":"n7936244129@1","resource":"planet","update_time":"2020-09-24T04:05:04Z","version":"2026-09-09"}],"version":1},"type":"Feature"},{"geometry":{"coordinates":[-86.8742659,35.921439],"type":"Point"},"id":"c3fc82e7-1e6f-41c0-ad45-c635ff5a95ec","properties":{"id":"c3fc82e7-1e6f-41c0-ad45-c635ff5a95ec","sources":[{"dataset":"OpenStreetMap","license":"ODbL-1.0","property":"","provider":"osm","record_id":"n12697420339@1","resource":"planet","update_time":"2025-03-24T20:35:29Z","version":"2026-09-09"}],"version":1},"type":"Feature"},{"geometry":{"coordinates":[-86.8739911,35.9208759],"type":"Point"},"id":"186dad54-6caf-4d98-9374-58a87395771e","properties":{"id":"186dad54-6caf-4d98-9374-58a87395771e","sources":[{"dataset":"OpenStreetMap","license":"ODbL-1.0","property":"","provider":"osm","record_id":"n11805716930@1","resource":"planet","update_time":"2024-04-09T19:51:06Z","version":"2026-09-09"}],"version":1},"type":"Feature"},{"geometry":{"coordinates":[-86.873521,35.9209002],"type":"Point"},"id":"dbb52e17-d6c9-4f78-b991-4d7dcca3b69e","properties":{"id":"dbb52e17-d6c9-4f78-b991-4d7dcca3b69e","sources":[{"dataset":"OpenStreetMap","license":"ODbL-1.0","property":"","provider":"osm","record_id":"n7049449590@0","resource":"planet","version":"2026-09-09"}],"version":2},"type":"Feature"},{"geometry":{"coordinates":[-86.8733467,35.9209734],"type":"Point"},"id":"4cd51648-1a76-46df-9980-ccf80211ebc5","properties":{"id":"4cd51648-1a76-46df-9980-ccf80211ebc5","sources":[{"dataset":"OpenStreetMap","license":"ODbL-1.0","property":"","provider":"osm","resource":"planet","version":"2026-09-09"}],"version":1},"type":"Feature"},{"geometry":{"coordinates":[-86.8723104,35.920981],"type":"Point"},"id":"3394cc82-8424-428b-ba35-002d57315423","properties":{"id":"3394cc82-8424-428b-ba35-002d57315423","sources":[{"dataset":"OpenStreetMap","license":"ODbL-1.0","property":"","provider":"osm","record_id":"n12068530949@1","resource":"planet","update_time":"2024-07-22T17:25:36Z","version":"2026-09-09"}],"version":1},"type":"Feature"},{"geometry":{"coordinates":[-86.8722553,35.920973],"type":"Point"},"id":"d0b0c88c-57d5-4511-9c65-6c971f4b581f","properties":{"id":"d0b0c88c-57d5-4511-9c65-6c971f4b581f","sources":[{"dataset":"OpenStreetMap","license":"ODbL-1.0","property":"","provider":"osm","record_id":"n12068530947@1","resource":"planet","update_time":"2024-07-22T17:25:36Z","version":"2026-09-09"}],"version":1},"type":"Feature"},{"geometry":{"coordinates":[-86.8724008,35.9210598],"type":"Point"},"id":"3415caf0-e201-4181-bec1-eea07b805bf0","properties":{"id":"3415caf0-e201-4181-bec1-eea07b805bf0","sources":[{"dataset":"OpenStreetMap","license":"ODbL-1.0","property":"","provider":"osm","record_id":"n12068530951@1","resource":"planet","update_time":"2024-07-22T17:25:36Z","version":"2026-09-09"}],"version":1},"type":"Feature"},{"geometry":{"coordinates":[-86.8722963,35.9210439],"type":"Point"},"id":"511486c8-8dbe-4015-a947-4571fbcd1a76","properties":{"id":"511486c8-8dbe-4015-a947-4571fbcd1a76","sources":[{"dataset":"OpenStreetMap","license":"ODbL-1.0","property":"","provider":"osm","record_id":"n204119773@6","resource":"planet","update_time":"2023-01-17T20:39:57Z","version":"2026-09-09"}],"version":1},"type":"Feature"},{"geometry":{"coordinates":[-86.8724132,35.9209958],"type":"Point"},"id":"dd17fe00-fa6a-451a-ad52-a2bcca19ca87","properties":{"id":"dd17fe00-fa6a-451a-ad52-a2bcca19ca87","sources":[{"dataset":"OpenStreetMap","license":"ODbL-1.0","property":"","provider":"osm","record_id":"n12068530948@1","resource":"planet","update_time":"2024-07-22T17:25:36Z","version":"2026-09-09"}],"version":1},"type":"Feature"},{"geometry":{"coordinates":[-86.8723913,35.9211082],"type":"Point"},"id":"16b2447b-5323-4be9-b90b-28faed1a02df","properties":{"id":"16b2447b-5323-4be9-b90b-28faed1a02df","sources":[{"dataset":"OpenStreetMap","license":"ODbL-1.0","property":"","provider":"osm","record_id":"n12068530950@1","resource":"planet","update_time":"2024-07-22T17:25:36Z","version":"2026-09-09"}],"version":1},"type":"Feature"},{"geometry":{"coordinates":[-86.8728996,35.9211355],"type":"Point"},"id":"74e7e77c-7e56-4b93-be07-3dabfc4e1483","properties":{"id":"74e7e77c-7e56-4b93-be07-3dabfc4e1483","sources":[{"dataset":"OpenStreetMap","license":"ODbL-1.0","property":"","provider":"osm","record_id":"n6687210961@1","resource":"planet","update_time":"2019-08-06T08:34:52Z","version":"2026-09-09"}],"version":1},"type":"Feature"},{"geometry":{"coordinates":[-86.8730833,35.9211634],"type":"Point"},"id":"556f36a9-c44e-4e52-8822-84e3843acb94","properties":{"id":"556f36a9-c44e-4e52-8822-84e3843acb94","sources":[{"dataset":"OpenStreetMap","license":"ODbL-1.0","property":"","provider":"osm","resource":"planet","version":"2026-09-09"}],"version":1},"type":"Feature"},{"geometry":{"coordinates":[-86.8722837,35.9214435],"type":"Point"},"id":"222d00c7-5d27-41d3-849c-aba8e82dada5","properties":{"id":"222d00c7-5d27-41d3-849c-aba8e82dada5","sources":[{"dataset":"OpenStreetMap","license":"ODbL-1.0","property":"","provider":"osm","record_id":"n12068530952@1","resource":"planet","update_time":"2024-07-22T17:25:36Z","version":"2026-09-09"}],"version":1},"type":"Feature"},{"geometry":{"coordinates":[-86.8721241,35.9214196],"type":"Point"},"id":"d6032406-f887-4280-a990-1209ba540e51","properties":{"id":"d6032406-f887-4280-a990-1209ba540e51","sources":[{"dataset":"OpenStreetMap","license":"ODbL-1.0","property":"","provider":"osm","record_id":"n12068530953@1","resource":"planet","update_time":"2024-07-22T17:25:36Z","version":"2026-09-09"}],"version":1},"type":"Feature"},{"geometry":{"coordinates":[-86.8722018,35.9214312],"type":"Point"},"id":"525f021d-decd-4688-903e-777182304ea7","properties":{"id":"525f021d-decd-4688-903e-777182304ea7","sources":[{"dataset":"OpenStreetMap","license":"ODbL-1.0","property":"","provider":"osm","record_id":"n12068530954@1","resource":"planet","update_time":"2024-07-22T17:25:36Z","version":"2026-09-09"}],"version":1},"type":"Feature"},{"geometry":{"coordinates":[-86.872217,35.9213675],"type":"Point"},"id":"55cad036-d55c-4775-af63-cc667e451ac1","properties":{"id":"55cad036-d55c-4775-af63-cc667e451ac1","sources":[{"dataset":"OpenStreetMap","license":"ODbL-1.0","property":"","provider":"osm","record_id":"n205499752@6","resource":"planet","update_time":"2025-10-23T11:48:21Z","version":"2026-09-09"}],"version":2},"type":"Feature"},{"geometry":{"coordinates":[-86.8717522,35.9212182],"type":"Point"},"id":"3b47cf9d-31c5-4088-a4ac-09fab4694fe1","properties":{"id":"3b47cf9d-31c5-4088-a4ac-09fab4694fe1","sources":[{"dataset":"OpenStreetMap","license":"ODbL-1.0","property":"","provider":"osm","resource":"planet","version":"2026-09-09"}],"version":1},"type":"Feature"},{"geometry":{"coordinates":[-86.871174,35.9212428],"type":"Point"},"id":"7532d37f-9189-4bb2-a0b0-bb9c7df2c0f5","properties":{"id":"7532d37f-9189-4bb2-a0b0-bb9c7df2c0f5","sources":[{"dataset":"OpenStreetMap","license":"ODbL-1.0","property":"","provider":"osm","resource":"planet","version":"2026-09-09"}],"version":2},"type":"Feature"},{"geometry":{"coordinates":[-86.8715181,35.9212849],"type":"Point"},"id":"bf32d348-5d9a-4cfb-80f0-18737c5c6703","properties":{"id":"bf32d348-5d9a-4cfb-80f0-18737c5c6703","sources":[{"dataset":"OpenStreetMap","license":"ODbL-1.0","property":"","provider":"osm","record_id":"n205499689@4","resource":"planet","update_time":"2025-10-23T11:48:21Z","version":"2026-09-09"}],"version":2},"type":"Feature"},{"geometry":{"coordinates":[-86.8707936,35.9211963],"type":"Point"},"id":"8e795027-c6ff-447d-977b-43f9e31aac28","properties":{"id":"8e795027-c6ff-447d-977b-43f9e31aac28","sources":[{"dataset":"OpenStreetMap","license":"ODbL-1.0","property":"","provider":"osm","record_id":"n204137226@3","resource":"planet","update_time":"2010-11-20T17:25:53Z","version":"2026-09-09"}],"version":1},"type":"Feature"},{"geometry":{"coordinates":[-86.8712275,35.9209291],"type":"Point"},"id":"64228685-f9f9-42dd-8974-be52a731e862","properties":{"id":"64228685-f9f9-42dd-8974-be52a731e862","sources":[{"dataset":"OpenStreetMap","license":"ODbL-1.0","property":"","provider":"osm","resource":"planet","version":"2026-09-09"}],"version":2},"type":"Feature"},{"geometry":{"coordinates":[-86.8716721,35.9206359],"type":"Point"},"id":"7dbee946-723a-455e-a1c7-b39a6eddea8d","properties":{"id":"7dbee946-723a-455e-a1c7-b39a6eddea8d","sources":[{"dataset":"OpenStreetMap","license":"ODbL-1.0","property":"","provider":"osm","record_id":"n8481844752@1","resource":"planet","update_time":"2021-03-03T06:53:01Z","version":"2026-09-09"}],"version":1},"type":"Feature"},{"geometry":{"coordinates":[-86.8717968,35.9201146],"type":"Point"},"id":"5ad087aa-4cd2-4540-8d09-6b49367fc737","properties":{"id":"5ad087aa-4cd2-4540-8d09-6b49367fc737","sources":[{"dataset":"OpenStreetMap","license":"ODbL-1.0","property":"","provider":"osm","record_id":"n204150191@3","resource":"planet","update_time":"2010-11-20T17:25:48Z","version":"2026-09-09"}],"version":1},"type":"Feature"},{"geometry":{"coordinates":[-86.8717433,35.9203383],"type":"Point"},"id":"ff0e7339-df76-4f2e-96fd-fd2ce944daf5","properties":{"id":"ff0e7339-df76-4f2e-96fd-fd2ce944daf5","sources":[{"dataset":"OpenStreetMap","license":"ODbL-1.0","property":"","provider":"osm","resource":"planet","version":"2026-09-09"}],"version":2},"type":"Feature"},{"geometry":{"coordinates":[-86.8720188,35.9203902],"type":"Point"},"id":"b9ab8b9d-5c5e-4ca8-99b4-8b670295c69b","properties":{"id":"b9ab8b9d-5c5e-4ca8-99b4-8b670295c69b","sources":[{"dataset":"OpenStreetMap","license":"ODbL-1.0","property":"","provider":"osm","resource":"planet","version":"2026-09-09"}],"version":2},"type":"Feature"},{"geometry":{"coordinates":[-86.8720665,35.9202471],"type":"Point"},"id":"cc04eb80-e38f-4cdd-a35e-d83d60b3887a","properties":{"id":"cc04eb80-e38f-4cdd-a35e-d83d60b3887a","sources":[{"dataset":"OpenStreetMap","license":"ODbL-1.0","property":"","provider":"osm","resource":"planet","version":"2026-09-09"}],"version":2},"type":"Feature"},{"geometry":{"coordinates":[-86.8724788,35.9202322],"type":"Point"},"id":"7a0f54b6-e34c-40ff-8bcb-9bf1ff84c926","properties":{"id":"7a0f54b6-e34c-40ff-8bcb-9bf1ff84c926","sources":[{"dataset":"OpenStreetMap","license":"ODbL-1.0","property":"","provider":"osm","record_id":"n204150195@5","resource":"planet","update_time":"2013-09-26T22:06:48Z","version":"2026-09-09"}],"version":1},"type":"Feature"},{"geometry":{"coordinates":[-86.8726075,35.9202649],"type":"Point"},"id":"d1f0f6c9-1c35-4381-8c79-1fd8d1feb9da","properties":{"id":"d1f0f6c9-1c35-4381-8c79-1fd8d1feb9da","sources":[{"dataset":"OpenStreetMap","license":"ODbL-1.0","property":"","provider":"osm","record_id":"n12697387074@1","resource":"planet","update_time":"2025-03-24T20:31:10Z","version":"2026-09-09"}],"version":1},"type":"Feature"},{"geometry":{"coordinates":[-86.8728021,35.9203343],"type":"Point"},"id":"e0773fb1-c170-41cb-85d6-fda901cf29aa","properties":{"id":"e0773fb1-c170-41cb-85d6-fda901cf29aa","sources":[{"dataset":"OpenStreetMap","license":"ODbL-1.0","property":"","provider":"osm","record_id":"n12697387078@1","resource":"planet","update_time":"2025-03-24T20:31:10Z","version":"2026-09-09"}],"version":1},"type":"Feature"},{"geometry":{"coordinates":[-86.8727605,35.9205273],"type":"Point"},"id":"b6379cbe-948f-47d8-9869-bc5ce76a793f","properties":{"id":"b6379cbe-948f-47d8-9869-bc5ce76a793f","sources":[{"dataset":"OpenStreetMap","license":"ODbL-1.0","property":"","provider":"osm","record_id":"n12697387077@1","resource":"planet","update_time":"2025-03-24T20:31:10Z","version":"2026-09-09"}],"version":1},"type":"Feature"},{"geometry":{"coordinates":[-86.8725432,35.9205363],"type":"Point"},"id":"06d494b7-dc2b-4ae3-b0ec-4513ce7ea3ab","properties":{"id":"06d494b7-dc2b-4ae3-b0ec-4513ce7ea3ab","sources":[{"dataset":"OpenStreetMap","license":"ODbL-1.0","property":"","provider":"osm","record_id":"n12697387073@1","resource":"planet","update_time":"2025-03-24T20:31:10Z","version":"2026-09-09"}],"version":1},"type":"Feature"},{"geometry":{"coordinates":[-86.8722971,35.9204574],"type":"Point"},"id":"2b8eb4c5-b8bf-460b-b395-4480d6bce5f1","properties":{"id":"2b8eb4c5-b8bf-460b-b395-4480d6bce5f1","sources":[{"dataset":"OpenStreetMap","license":"ODbL-1.0","property":"","provider":"osm","resource":"planet","version":"2026-09-09"}],"version":2},"type":"Feature"},{"geometry":{"coordinates":[-86.872197,35.9207485],"type":"Point"},"id":"96dc6b4f-5d52-453a-8674-16edf525c97e","properties":{"id":"96dc6b4f-5d52-453a-8674-16edf525c97e","sources":[{"dataset":"OpenStreetMap","license":"ODbL-1.0","property":"","provider":"osm","resource":"planet","version":"2026-09-09"}],"version":1},"type":"Feature"},{"geometry":{"coordinates":[-86.8723593,35.9207636],"type":"Point"},"id":"9a6b65d6-76fd-4ec5-abb6-34a2ccf9a8e2","properties":{"id":"9a6b65d6-76fd-4ec5-abb6-34a2ccf9a8e2","sources":[{"dataset":"OpenStreetMap","license":"ODbL-1.0","property":"","provider":"osm","record_id":"n7936244123@1","resource":"planet","update_time":"2020-09-24T04:05:04Z","version":"2026-09-09"}],"version":1},"type":"Feature"},{"geometry":{"coordinates":[-86.8740211,35.9207734],"type":"Point"},"id":"9648b35f-dd41-4fa3-93f1-05630c844368","properties":{"id":"9648b35f-dd41-4fa3-93f1-05630c844368","sources":[{"dataset":"OpenStreetMap","license":"ODbL-1.0","property":"","provider":"osm","record_id":"n11805716967@1","resource":"planet","update_time":"2024-04-09T19:51:06Z","version":"2026-09-09"}],"version":1},"type":"Feature"},{"geometry":{"coordinates":[-86.8764729,35.9207217],"type":"Point"},"id":"e8d9d278-5726-45da-989b-ca5499de3599","properties":{"id":"e8d9d278-5726-45da-989b-ca5499de3599","sources":[{"dataset":"OpenStreetMap","license":"ODbL-1.0","property":"","provider":"osm","record_id":"n6690507056@1","resource":"planet","update_time":"2019-08-07T08:43:40Z","version":"2026-09-09"}],"version":1},"type":"Feature"},{"geometry":{"coordinates":[-86.8758896,35.9205959],"type":"Point"},"id":"00888a12-a50a-4a99-a04c-cb8803ee1cd6","properties":{"id":"00888a12-a50a-4a99-a04c-cb8803ee1cd6","sources":[{"dataset":"OpenStreetMap","license":"ODbL-1.0","property":"","provider":"osm","record_id":"n7936227523@1","resource":"planet","update_time":"2020-09-24T04:10:49Z","version":"2026-09-09"}],"version":1},"type":"Feature"},{"geometry":{"coordinates":[-86.876324,35.9205171],"type":"Point"},"id":"7153fc08-7558-48c8-ae85-4e051891dc96","properties":{"id":"7153fc08-7558-48c8-ae85-4e051891dc96","sources":[{"dataset":"OpenStreetMap","license":"ODbL-1.0","property":"","provider":"osm","record_id":"n6690507057@1","resource":"planet","update_time":"2019-08-07T08:43:40Z","version":"2026-09-09"}],"version":1},"type":"Feature"},{"geometry":{"coordinates":[-86.8762151,35.9204988],"type":"Point"},"id":"742c450f-542a-4621-aa0e-37d9323b78aa","properties":{"id":"742c450f-542a-4621-aa0e-37d9323b78aa","sources":[{"dataset":"OpenStreetMap","license":"ODbL-1.0","property":"","provider":"osm","record_id":"n6690507064@1","resource":"planet","update_time":"2019-08-07T08:43:40Z","version":"2026-09-09"}],"version":1},"type":"Feature"},{"geometry":{"coordinates":[-86.874961,35.9205827],"type":"Point"},"id":"d1347587-e735-4211-bf98-534962808793","properties":{"id":"d1347587-e735-4211-bf98-534962808793","sources":[{"dataset":"OpenStreetMap","license":"ODbL-1.0","property":"","provider":"osm","record_id":"n204101720@4","resource":"planet","update_time":"2021-12-23T05:59:32Z","version":"2026-09-09"}],"version":1},"type":"Feature"},{"geometry":{"coordinates":[-86.8735933,35.9202107],"type":"Point"},"id":"5db0b058-63ab-4d9c-801a-a6430f9370f2","properties":{"id":"5db0b058-63ab-4d9c-801a-a6430f9370f2","sources":[{"dataset":"OpenStreetMap","license":"ODbL-1.0","property":"","provider":"osm","record_id":"n7049449597@1","resource":"planet","update_time":"2019-12-11T13:35:16Z","version":"2026-09-09"}],"version":1},"type":"Feature"},{"geometry":{"coordinates":[-86.8737188,35.9202293],"type":"Point"},"id":"8268bc20-619a-4b6f-829d-2851330bf4d4","properties":{"id":"8268bc20-619a-4b6f-829d-2851330bf4d4","sources":[{"dataset":"OpenStreetMap","license":"ODbL-1.0","property":"","provider":"osm","record_id":"n7049449598@1","resource":"planet","update_time":"2019-12-11T13:35:16Z","version":"2026-09-09"}],"version":1},"type":"Feature"},{"geometry":{"coordinates":[-86.8735862,35.919808],"type":"Point"},"id":"18e7f695-2eef-4950-852f-f56547bdd65c","properties":{"id":"18e7f695-2eef-4950-852f-f56547bdd65c","sources":[{"dataset":"OpenStreetMap","license":"ODbL-1.0","property":"","provider":"osm","record_id":"n6694723814@1","resource":"planet","update_time":"2019-08-08T12:13:36Z","version":"2026-09-09"}],"version":1},"type":"Feature"},{"geometry":{"coordinates":[-86.8738086,35.9198387],"type":"Point"},"id":"1f1569e6-2e53-4df5-8b36-112a69175fa3","properties":{"id":"1f1569e6-2e53-4df5-8b36-112a69175fa3","sources":[{"dataset":"OpenStreetMap","license":"ODbL-1.0","property":"","provider":"osm","record_id":"n7049449587@2","resource":"planet","update_time":"2021-12-23T05:59:32Z","version":"2026-09-09"}],"version":1},"type":"Feature"},{"geometry":{"coordinates":[-86.8743246,35.9199168],"type":"Point"},"id":"b718d5d0-28c5-4a3e-b923-ec045f6f2164","properties":{"id":"b718d5d0-28c5-4a3e-b923-ec045f6f2164","sources":[{"dataset":"OpenStreetMap","license":"ODbL-1.0","property":"","provider":"osm","record_id":"n204106300@4","resource":"planet","update_time":"2021-12-23T05:59:32Z","version":"2026-09-09"}],"version":1},"type":"Feature"},{"geometry":{"coordinates":[-86.8755055,35.9200352],"type":"Point"},"id":"dd2dd5f0-7040-4dad-beca-d8311bf9b58c","properties":{"id":"dd2dd5f0-7040-4dad-beca-d8311bf9b58c","sources":[{"dataset":"OpenStreetMap","license":"ODbL-1.0","property":"","provider":"osm","record_id":"n7936227524@2","resource":"planet","update_time":"2021-12-23T05:59:32Z","version":"2026-09-09"}],"version":1},"type":"Feature"},{"geometry":{"coordinates":[-86.8755367,35.9200807],"type":"Point"},"id":"7193195a-f2c9-47c7-9137-e6dd7ae49727","properties":{"id":"7193195a-f2c9-47c7-9137-e6dd7ae49727","sources":[{"dataset":"OpenStreetMap","license":"ODbL-1.0","property":"","provider":"osm","record_id":"n12697420349@1","resource":"planet","update_time":"2025-03-24T20:35:29Z","version":"2026-09-09"}],"version":1},"type":"Feature"},{"geometry":{"coordinates":[-86.873658,35.9195185],"type":"Point"},"id":"1408d962-798b-4d07-9861-a9d7ad34c6fc","properties":{"id":"1408d962-798b-4d07-9861-a9d7ad34c6fc","sources":[{"dataset":"OpenStreetMap","license":"ODbL-1.0","property":"","provider":"osm","resource":"planet","version":"2026-09-09"}],"version":1},"type":"Feature"},{"geometry":{"coordinates":[-86.8732798,35.9194724],"type":"Point"},"id":"c8c5fe92-8341-4cda-b0c0-bfeeb33a9bc0","properties":{"id":"c8c5fe92-8341-4cda-b0c0-bfeeb33a9bc0","sources":[{"dataset":"OpenStreetMap","license":"ODbL-1.0","property":"","provider":"osm","resource":"planet","version":"2026-09-09"}],"version":1},"type":"Feature"},{"geometry":{"coordinates":[-86.8728733,35.9195665],"type":"Point"},"id":"eae157c2-679f-411f-9680-d179f7141489","properties":{"id":"eae157c2-679f-411f-9680-d179f7141489","sources":[{"dataset":"OpenStreetMap","license":"ODbL-1.0","property":"","provider":"osm","resource":"planet","version":"2026-09-09"}],"version":1},"type":"Feature"},{"geometry":{"coordinates":[-86.8722159,35.9193928],"type":"Point"},"id":"0290d2f3-b6ec-4aae-a570-f0a26acca91e","properties":{"id":"0290d2f3-b6ec-4aae-a570-f0a26acca91e","sources":[{"dataset":"OpenStreetMap","license":"ODbL-1.0","property":"","provider":"osm","record_id":"n8481844749@0","resource":"planet","version":"2026-09-09"}],"version":2},"type":"Feature"},{"geometry":{"coordinates":[-86.871947,35.9194994],"type":"Point"},"id":"9c5aac88-43fa-438a-961f-32c74e5ee7bb","properties":{"id":"9c5aac88-43fa-438a-961f-32c74e5ee7bb","sources":[{"dataset":"OpenStreetMap","license":"ODbL-1.0","property":"","provider":"osm","record_id":"n204050453@4","resource":"planet","update_time":"2021-12-23T05:59:32Z","version":"2026-09-09"}],"version":1},"type":"Feature"},{"geometry":{"coordinates":[-86.8719454,35.9195059],"type":"Point"},"id":"163f0407-8eb9-4e36-8ed7-c75a925a6e33","properties":{"id":"163f0407-8eb9-4e36-8ed7-c75a925a6e33","sources":[{"dataset":"OpenStreetMap","license":"ODbL-1.0","property":"","provider":"osm","record_id":"n13750316617@1","resource":"planet","update_time":"2026-04-21T19:29:40Z","version":"2026-09-09"}],"version":1},"type":"Feature"},{"geometry":{"coordinates":[-86.8725386,35.9194822],"type":"Point"},"id":"baafcda7-dc41-45a8-ac3d-c2f1bf8dd3d5","properties":{"id":"baafcda7-dc41-45a8-ac3d-c2f1bf8dd3d5","sources":[{"dataset":"OpenStreetMap","license":"ODbL-1.0","property":"","provider":"osm","resource":"planet","version":"2026-09-09"}],"version":2},"type":"Feature"},{"geometry":{"coordinates":[-86.8726219,35.919613],"type":"Point"},"id":"9a813db1-19bc-4b14-82c0-6fb52f8b949d","properties":{"id":"9a813db1-19bc-4b14-82c0-6fb52f8b949d","sources":[{"dataset":"OpenStreetMap","license":"ODbL-1.0","property":"","provider":"osm","record_id":"n204050454@4","resource":"planet","update_time":"2013-09-26T22:06:46Z","version":"2026-09-09"}],"version":1},"type":"Feature"},{"geometry":{"coordinates":[-86.8726081,35.9196728],"type":"Point"},"id":"021064a5-50ed-4721-94a0-38e760eb5bda","properties":{"id":"021064a5-50ed-4721-94a0-38e760eb5bda","sources":[{"dataset":"OpenStreetMap","license":"ODbL-1.0","property":"","provider":"osm","record_id":"n9359929564@1","resource":"planet","update_time":"2021-12-23T05:59:32Z","version":"2026-09-09"}],"version":1},"type":"Feature"},{"geometry":{"coordinates":[-86.8727143,35.9197413],"type":"Point"},"id":"ba4b649a-dc4b-4788-8c64-4668c2159dd4","properties":{"id":"ba4b649a-dc4b-4788-8c64-4668c2159dd4","sources":[{"dataset":"OpenStreetMap","license":"ODbL-1.0","property":"","provider":"osm","record_id":"n12697387076@1","resource":"planet","update_time":"2025-03-24T20:31:10Z","version":"2026-09-09"}],"version":1},"type":"Feature"},{"geometry":{"coordinates":[-86.872844,35.9197054],"type":"Point"},"id":"68e134b7-611b-4c49-89da-899d26357747","properties":{"id":"68e134b7-611b-4c49-89da-899d26357747","sources":[{"dataset":"OpenStreetMap","license":"ODbL-1.0","property":"","provider":"osm","resource":"planet","version":"2026-09-09"}],"version":1},"type":"Feature"},{"geometry":{"coordinates":[-86.8732053,35.9197554],"type":"Point"},"id":"af5a7fe7-b97a-4ecf-a835-e30c6905954d","properties":{"id":"af5a7fe7-b97a-4ecf-a835-e30c6905954d","sources":[{"dataset":"OpenStreetMap","license":"ODbL-1.0","property":"","provider":"osm","resource":"planet","version":"2026-09-09"}],"version":1},"type":"Feature"},{"geometry":{"coordinates":[-86.8729326,35.9198728],"type":"Point"},"id":"ec1caf80-7e03-423c-92d6-322e3fcda3cd","properties":{"id":"ec1caf80-7e03-423c-92d6-322e3fcda3cd","sources":[{"dataset":"OpenStreetMap","license":"ODbL-1.0","property":"","provider":"osm","record_id":"n7018840500@1","resource":"planet","update_time":"2019-11-29T08:25:15Z","version":"2026-09-09"}],"version":1},"type":"Feature"},{"geometry":{"coordinates":[-86.8709942,35.9199599],"type":"Point"},"id":"26d373e4-c74b-4a1e-bf5f-055aa65a2e07","properties":{"id":"26d373e4-c74b-4a1e-bf5f-055aa65a2e07","sources":[{"dataset":"OpenStreetMap","license":"ODbL-1.0","property":"","provider":"osm","record_id":"n13750316468@1","resource":"planet","update_time":"2026-04-21T19:29:40Z","version":"2026-09-09"}],"version":1},"type":"Feature"},{"geometry":{"coordinates":[-86.8709897,35.919995],"type":"Point"},"id":"9ad867e5-0f53-469e-ad2f-2d290981cacd","properties":{"id":"9ad867e5-0f53-469e-ad2f-2d290981cacd","sources":[{"dataset":"OpenStreetMap","license":"ODbL-1.0","property":"","provider":"osm","record_id":"n204137223@4","resource":"planet","update_time":"2022-12-28T02:32:44Z","version":"2026-09-09"}],"version":1},"type":"Feature"},{"geometry":{"coordinates":[-86.8710675,35.9200097],"type":"Point"},"id":"afa17cd9-d8bd-4794-8d7a-0797ec6e0cd0","properties":{"id":"afa17cd9-d8bd-4794-8d7a-0797ec6e0cd0","sources":[{"dataset":"OpenStreetMap","license":"ODbL-1.0","property":"","provider":"osm","record_id":"n8481844758@2","resource":"planet","update_time":"2022-12-28T02:32:44Z","version":"2026-09-09"}],"version":1},"type":"Feature"},{"geometry":{"coordinates":[-86.8709865,35.9200148],"type":"Point"},"id":"19bb647a-1437-4067-b9fc-1769831ac98d","properties":{"id":"19bb647a-1437-4067-b9fc-1769831ac98d","sources":[{"dataset":"OpenStreetMap","license":"ODbL-1.0","property":"","provider":"osm","record_id":"n13750316486@1","resource":"planet","update_time":"2026-04-21T19:29:40Z","version":"2026-09-09"}],"version":1},"type":"Feature"},{"geometry":{"coordinates":[-86.8705952,35.9200486],"type":"Point"},"id":"dc1b773a-e1b5-4154-9248-41f55c1183f6","properties":{"id":"dc1b773a-e1b5-4154-9248-41f55c1183f6","sources":[{"dataset":"OpenStreetMap","license":"ODbL-1.0","property":"","provider":"osm","record_id":"n13750316483@1","resource":"planet","update_time":"2026-04-21T19:29:40Z","version":"2026-09-09"}],"version":1},"type":"Feature"},{"geometry":{"coordinates":[-86.8705828,35.919905],"type":"Point"},"id":"b7012618-be5d-4a7c-917b-a3f1451acebe","properties":{"id":"b7012618-be5d-4a7c-917b-a3f1451acebe","sources":[{"dataset":"OpenStreetMap","license":"ODbL-1.0","property":"","provider":"osm","record_id":"n13750316467@1","resource":"planet","update_time":"2026-04-21T19:29:40Z","version":"2026-09-09"}],"version":1},"type":"Feature"},{"geometry":{"coordinates":[-86.8710128,35.9198128],"type":"Point"},"id":"9c6638c9-e9fc-4870-b438-cc187b265ffb","properties":{"id":"9c6638c9-e9fc-4870-b438-cc187b265ffb","sources":[{"dataset":"OpenStreetMap","license":"ODbL-1.0","property":"","provider":"osm","record_id":"n13750316452@1","resource":"planet","update_time":"2026-04-21T19:29:40Z","version":"2026-09-09"}],"version":1},"type":"Feature"},{"geometry":{"coordinates":[-86.8706072,35.9197457],"type":"Point"},"id":"415ca1e3-ffc5-4482-9476-91e216101410","properties":{"id":"415ca1e3-ffc5-4482-9476-91e216101410","sources":[{"dataset":"OpenStreetMap","license":"ODbL-1.0","property":"","provider":"osm","record_id":"n13750316451@1","resource":"planet","update_time":"2026-04-21T19:29:40Z","version":"2026-09-09"}],"version":1},"type":"Feature"},{"geometry":{"coordinates":[-86.8707061,35.9195899],"type":"Point"},"id":"a9114b0e-2123-4a28-9f6e-3304066c356c","properties":{"id":"a9114b0e-2123-4a28-9f6e-3304066c356c","sources":[{"dataset":"OpenStreetMap","license":"ODbL-1.0","property":"","provider":"osm","record_id":"n13750316437@1","resource":"planet","update_time":"2026-04-21T19:29:40Z","version":"2026-09-09"}],"version":1},"type":"Feature"},{"geometry":{"coordinates":[-86.8710353,35.9196352],"type":"Point"},"id":"5f0e5481-5e03-40fe-912c-099a68191313","properties":{"id":"5f0e5481-5e03-40fe-912c-099a68191313","sources":[{"dataset":"OpenStreetMap","license":"ODbL-1.0","property":"","provider":"osm","record_id":"n13750316438@1","resource":"planet","update_time":"2026-04-21T19:29:40Z","version":"2026-09-09"}],"version":1},"type":"Feature"},{"geometry":{"coordinates":[-86.8714712,35.9197168],"type":"Point"},"id":"00e47da9-9485-4f9e-aa31-68cf34676744","properties":{"id":"00e47da9-9485-4f9e-aa31-68cf34676744","sources":[{"dataset":"OpenStreetMap","license":"ODbL-1.0","property":"","provider":"osm","record_id":"n13750316607@1","resource":"planet","update_time":"2026-04-21T19:29:40Z","version":"2026-09-09"}],"version":1},"type":"Feature"},{"geometry":{"coordinates":[-86.8716645,35.9193948],"type":"Point"},"id":"aaffafdf-4e50-4c5c-a523-9fd1b7c21117","properties":{"id":"aaffafdf-4e50-4c5c-a523-9fd1b7c21117","sources":[{"dataset":"OpenStreetMap","license":"ODbL-1.0","property":"","provider":"osm","record_id":"n13750316615@1","resource":"planet","update_time":"2026-04-21T19:29:40Z","version":"2026-09-09"}],"version":1},"type":"Feature"},{"geometry":{"coordinates":[-86.8710695,35.9194492],"type":"Point"},"id":"eaaee49c-1ded-4195-a84b-87726028de40","properties":{"id":"eaaee49c-1ded-4195-a84b-87726028de40","sources":[{"dataset":"OpenStreetMap","license":"ODbL-1.0","property":"","provider":"osm","record_id":"n13750316418@1","resource":"planet","update_time":"2026-04-21T19:29:40Z","version":"2026-09-09"}],"version":1},"type":"Feature"},{"geometry":{"coordinates":[-86.8707084,35.9194038],"type":"Point"},"id":"6369148c-6238-4342-9124-92c1243d28d7","properties":{"id":"6369148c-6238-4342-9124-92c1243d28d7","sources":[{"dataset":"OpenStreetMap","license":"ODbL-1.0","property":"","provider":"osm","record_id":"n13750316417@1","resource":"planet","update_time":"2026-04-21T19:29:40Z","version":"2026-09-09"}],"version":1},"type":"Feature"},{"geometry":{"coordinates":[-86.8710915,35.9193758],"type":"Point"},"id":"0c624c8c-2907-4b3f-85cd-6ec926537f3b","properties":{"id":"0c624c8c-2907-4b3f-85cd-6ec926537f3b","sources":[{"dataset":"OpenStreetMap","license":"ODbL-1.0","property":"","provider":"osm","record_id":"n13750316614@1","resource":"planet","update_time":"2026-04-21T19:29:40Z","version":"2026-09-09"}],"version":1},"type":"Feature"},{"geometry":{"coordinates":[-86.8707063,35.919208],"type":"Point"},"id":"41c26f63-5aa7-4f27-a725-60bb4aa20d4a","properties":{"id":"41c26f63-5aa7-4f27-a725-60bb4aa20d4a","sources":[{"dataset":"OpenStreetMap","license":"ODbL-1.0","property":"","provider":"osm","record_id":"n13750316398@1","resource":"planet","update_time":"2026-04-21T19:29:40Z","version":"2026-09-09"}],"version":1},"type":"Feature"},{"geometry":{"coordinates":[-86.8707853,35.9190369],"type":"Point"},"id":"90d3bdab-df3a-47c2-b19b-99b85986fb28","properties":{"id":"90d3bdab-df3a-47c2-b19b-99b85986fb28","sources":[{"dataset":"OpenStreetMap","license":"ODbL-1.0","property":"","provider":"osm","record_id":"n13750316379@1","resource":"planet","update_time":"2026-04-21T19:29:40Z","version":"2026-09-09"}],"version":1},"type":"Feature"},{"geometry":{"coordinates":[-86.8711405,35.9190839],"type":"Point"},"id":"6134969f-cd17-4077-941e-539cda07ed08","properties":{"id":"6134969f-cd17-4077-941e-539cda07ed08","sources":[{"dataset":"OpenStreetMap","license":"ODbL-1.0","property":"","provider":"osm","record_id":"n13750316380@1","resource":"planet","update_time":"2026-04-21T19:29:40Z","version":"2026-09-09"}],"version":1},"type":"Feature"},{"geometry":{"coordinates":[-86.8711485,35.9190348],"type":"Point"},"id":"6feaf45b-a7f9-4dec-94ca-d94e15152613","properties":{"id":"6feaf45b-a7f9-4dec-94ca-d94e15152613","sources":[{"dataset":"OpenStreetMap","license":"ODbL-1.0","property":"","provider":"osm","record_id":"n13750316606@1","resource":"planet","update_time":"2026-04-21T19:29:40Z","version":"2026-09-09"}],"version":1},"type":"Feature"},{"geometry":{"coordinates":[-86.8712707,35.9190543],"type":"Point"},"id":"a253f6b1-a572-45e8-9e9d-9406ea70ed5f","properties":{"id":"a253f6b1-a572-45e8-9e9d-9406ea70ed5f","sources":[{"dataset":"OpenStreetMap","license":"ODbL-1.0","property":"","provider":"osm","record_id":"n13750316605@1","resource":"planet","update_time":"2026-04-21T19:29:40Z","version":"2026-09-09"}],"version":1},"type":"Feature"},{"geometry":{"coordinates":[-86.871111,35.9192635],"type":"Point"},"id":"eb47dd7b-3cd6-4cd4-bb52-a0b35d69ec59","properties":{"id":"eb47dd7b-3cd6-4cd4-bb52-a0b35d69ec59","sources":[{"dataset":"OpenStreetMap","license":"ODbL-1.0","property":"","provider":"osm","record_id":"n13750316401@1","resource":"planet","update_time":"2026-04-21T19:29:40Z","version":"2026-09-09"}],"version":1},"type":"Feature"},{"geometry":{"coordinates":[-86.8719701,35.9193737],"type":"Point"},"id":"25f1161a-f7e8-4e42-81ba-ea020eaa51ca","properties":{"id":"25f1161a-f7e8-4e42-81ba-ea020eaa51ca","sources":[{"dataset":"OpenStreetMap","license":"ODbL-1.0","property":"","provider":"osm","record_id":"n8481844751@1","resource":"planet","update_time":"2021-03-03T06:53:01Z","version":"2026-09-09"}],"version":1},"type":"Feature"},{"geometry":{"coordinates":[-86.8729968,35.9192559],"type":"Point"},"id":"0e652eb0-18eb-4e1c-aa50-7ea94f2fe1af","properties":{"id":"0e652eb0-18eb-4e1c-aa50-7ea94f2fe1af","sources":[{"dataset":"OpenStreetMap","license":"ODbL-1.0","property":"","provider":"osm","record_id":"n6694723809@0","resource":"planet","version":"2026-09-09"}],"version":1},"type":"Feature"},{"geometry":{"coordinates":[-86.8730329,35.9190711],"type":"Point"},"id":"c809430c-67ff-421d-9bb8-d1d3adc59b14","properties":{"id":"c809430c-67ff-421d-9bb8-d1d3adc59b14","sources":[{"dataset":"OpenStreetMap","license":"ODbL-1.0","property":"","provider":"osm","record_id":"n6694723813@2","resource":"planet","update_time":"2026-04-21T19:29:40Z","version":"2026-09-09"}],"version":2},"type":"Feature"},{"geometry":{"coordinates":[-86.8720811,35.9189242],"type":"Point"},"id":"b3519555-209b-4d08-8988-7436e9968886","properties":{"id":"b3519555-209b-4d08-8988-7436e9968886","sources":[{"dataset":"OpenStreetMap","license":"ODbL-1.0","property":"","provider":"osm","record_id":"n205499688@3","resource":"planet","update_time":"2010-11-20T17:25:52Z","version":"2026-09-09"}],"version":1},"type":"Feature"},{"geometry":{"coordinates":[-86.8722568,35.9189435],"type":"Point"},"id":"6094aaab-24e9-4799-8576-a8e8e40c454e","properties":{"id":"6094aaab-24e9-4799-8576-a8e8e40c454e","sources":[{"dataset":"OpenStreetMap","license":"ODbL-1.0","property":"","provider":"osm","record_id":"n8481844745@2","resource":"planet","update_time":"2026-04-21T19:29:40Z","version":"2026-09-09"}],"version":2},"type":"Feature"},{"geometry":{"coordinates":[-86.8727725,35.9190143],"type":"Point"},"id":"27e4a96a-ce78-4824-959b-3e06341fa207","properties":{"id":"27e4a96a-ce78-4824-959b-3e06341fa207","sources":[{"dataset":"OpenStreetMap","license":"ODbL-1.0","property":"","provider":"osm","record_id":"n205499750@5","resource":"planet","update_time":"2026-04-21T19:29:40Z","version":"2026-09-09"}],"version":2},"type":"Feature"},{"geometry":{"coordinates":[-86.8721069,35.9187786],"type":"Point"},"id":"99a2b902-7250-4d1c-b7df-e4753789ca55","properties":{"id":"99a2b902-7250-4d1c-b7df-e4753789ca55","sources":[{"dataset":"OpenStreetMap","license":"ODbL-1.0","property":"","provider":"osm","record_id":"n7936244117@1","resource":"planet","update_time":"2020-09-24T04:05:04Z","version":"2026-09-09"}],"version":1},"type":"Feature"},{"geometry":{"coordinates":[-86.8711852,35.9188113],"type":"Point"},"id":"620dc8f8-0b53-4ca7-88da-b32d7d9de13f","properties":{"id":"620dc8f8-0b53-4ca7-88da-b32d7d9de13f","sources":[{"dataset":"OpenStreetMap","license":"ODbL-1.0","property":"","provider":"osm","record_id":"n204137212@3","resource":"planet","update_time":"2010-11-20T17:25:53Z","version":"2026-09-09"}],"version":1},"type":"Feature"},{"geometry":{"coordinates":[-86.8713713,35.9188347],"type":"Point"},"id":"7fd1ff6a-697b-4723-8c7e-200758d83f52","properties":{"id":"7fd1ff6a-697b-4723-8c7e-200758d83f52","sources":[{"dataset":"OpenStreetMap","license":"ODbL-1.0","property":"","provider":"osm","record_id":"n13750316643@1","resource":"planet","update_time":"2026-04-21T19:29:40Z","version":"2026-09-09"}],"version":1},"type":"Feature"},{"geometry":{"coordinates":[-86.8713598,35.9188928],"type":"Point"},"id":"22576950-2872-4f6b-b556-439def786b11","properties":{"id":"22576950-2872-4f6b-b556-439def786b11","sources":[{"dataset":"OpenStreetMap","license":"ODbL-1.0","property":"","provider":"osm","record_id":"n13750316642@1","resource":"planet","update_time":"2026-04-21T19:29:40Z","version":"2026-09-09"}],"version":1},"type":"Feature"},{"geometry":{"coordinates":[-86.8711717,35.9188938],"type":"Point"},"id":"ae8eb0ad-6cc1-4e12-970c-79e3dcb4f107","properties":{"id":"ae8eb0ad-6cc1-4e12-970c-79e3dcb4f107","sources":[{"dataset":"OpenStreetMap","license":"ODbL-1.0","property":"","provider":"osm","record_id":"n13750316364@1","resource":"planet","update_time":"2026-04-21T19:29:40Z","version":"2026-09-09"}],"version":1},"type":"Feature"},{"geometry":{"coordinates":[-86.8707343,35.9188331],"type":"Point"},"id":"b279b510-d894-4bf6-a33e-0d62c88d4118","properties":{"id":"b279b510-d894-4bf6-a33e-0d62c88d4118","sources":[{"dataset":"OpenStreetMap","license":"ODbL-1.0","property":"","provider":"osm","record_id":"n13750316363@1","resource":"planet","update_time":"2026-04-21T19:29:40Z","version":"2026-09-09"}],"version":1},"type":"Feature"},{"geometry":{"coordinates":[-86.8704676,35.9187329],"type":"Point"},"id":"98c7b799-a926-467e-b531-f38bbf66209b","properties":{"id":"98c7b799-a926-467e-b531-f38bbf66209b","sources":[{"dataset":"OpenStreetMap","license":"ODbL-1.0","property":"","provider":"osm","record_id":"n13746020534@1","resource":"planet","update_time":"2026-04-20T16:04:46Z","version":"2026-09-09"}],"version":1},"type":"Feature"},{"geometry":{"coordinates":[-86.8710334,35.9185232],"type":"Point"},"id":"0314492d-df7d-4269-b2cf-72b5846ed925","properties":{"id":"0314492d-df7d-4269-b2cf-72b5846ed925","sources":[{"dataset":"OpenStreetMap","license":"ODbL-1.0","property":"","provider":"osm","record_id":"n13750316355@1","resource":"planet","update_time":"2026-04-21T19:29:40Z","version":"2026-09-09"}],"version":1},"type":"Feature"},{"geometry":{"coordinates":[-86.8712235,35.918536],"type":"Point"},"id":"5ec192ae-e2a9-4c41-800c-1d6759a8b325","properties":{"id":"5ec192ae-e2a9-4c41-800c-1d6759a8b325","sources":[{"dataset":"OpenStreetMap","license":"ODbL-1.0","property":"","provider":"osm","record_id":"n13750316356@1","resource":"planet","update_time":"2026-04-21T19:29:40Z","version":"2026-09-09"}],"version":1},"type":"Feature"},{"geometry":{"coordinates":[-86.8712502,35.9183442],"type":"Point"},"id":"d20f87af-4390-4064-8dd7-2af9bafdaa1d","properties":{"id":"d20f87af-4390-4064-8dd7-2af9bafdaa1d","sources":[{"dataset":"OpenStreetMap","license":"ODbL-1.0","property":"","provider":"osm","record_id":"n13750316342@1","resource":"planet","update_time":"2026-04-21T19:29:40Z","version":"2026-09-09"}],"version":1},"type":"Feature"},{"geometry":{"coordinates":[-86.8703535,35.9183544],"type":"Point"},"id":"5b1aff88-5734-417d-b8c9-68c046fab5ca","properties":{"id":"5b1aff88-5734-417d-b8c9-68c046fab5ca","sources":[{"dataset":"OpenStreetMap","license":"ODbL-1.0","property":"","provider":"osm","record_id":"n13750316670@1","resource":"planet","update_time":"2026-04-21T19:29:40Z","version":"2026-09-09"}],"version":1},"type":"Feature"},{"geometry":{"coordinates":[-86.870917,35.9183148],"type":"Point"},"id":"b6467f34-b3a6-4a11-865d-106093fe96b9","properties":{"id":"b6467f34-b3a6-4a11-865d-106093fe96b9","sources":[{"dataset":"OpenStreetMap","license":"ODbL-1.0","property":"","provider":"osm","record_id":"n13750316341@1","resource":"planet","update_time":"2026-04-21T19:29:40Z","version":"2026-09-09"}],"version":1},"type":"Feature"},{"geometry":{"coordinates":[-86.8718036,35.9179734],"type":"Point"},"id":"11513798-7238-49ce-a940-3b6afaaec212","properties":{"id":"11513798-7238-49ce-a940-3b6afaaec212","sources":[{"dataset":"OpenStreetMap","license":"ODbL-1.0","property":"","provider":"osm","record_id":"n13750316330@1","resource":"planet","update_time":"2026-04-21T19:29:40Z","version":"2026-09-09"}],"version":1},"type":"Feature"},{"geometry":{"coordinates":[-86.8716673,35.9182092],"type":"Point"},"id":"c97bf186-ef3c-4b64-a1b4-7c52421cc058","properties":{"id":"c97bf186-ef3c-4b64-a1b4-7c52421cc058","sources":[{"dataset":"OpenStreetMap","license":"ODbL-1.0","property":"","provider":"osm","record_id":"n13750316328@1","resource":"planet","update_time":"2026-04-21T19:29:40Z","version":"2026-09-09"}],"version":1},"type":"Feature"},{"geometry":{"coordinates":[-86.8722016,35.9182441],"type":"Point"},"id":"f788bbac-2893-4d74-8620-1157cb4c2fb5","properties":{"id":"f788bbac-2893-4d74-8620-1157cb4c2fb5","sources":[{"dataset":"OpenStreetMap","license":"ODbL-1.0","property":"","provider":"osm","record_id":"n13750316315@1","resource":"planet","update_time":"2026-04-21T19:29:40Z","version":"2026-09-09"}],"version":1},"type":"Feature"},{"geometry":{"coordinates":[-86.8719462,35.9182181],"type":"Point"},"id":"3d3e15f4-48d4-4eb9-9b73-7772818afac7","properties":{"id":"3d3e15f4-48d4-4eb9-9b73-7772818afac7","sources":[{"dataset":"OpenStreetMap","license":"ODbL-1.0","property":"","provider":"osm","record_id":"n13750316314@1","resource":"planet","update_time":"2026-04-21T19:29:40Z","version":"2026-09-09"}],"version":1},"type":"Feature"},{"geometry":{"coordinates":[-86.8720511,35.9179976],"type":"Point"},"id":"d8908d9b-6bc9-466a-a601-51cd55087221","properties":{"id":"d8908d9b-6bc9-466a-a601-51cd55087221","sources":[{"dataset":"OpenStreetMap","license":"ODbL-1.0","property":"","provider":"osm","resource":"planet","version":"2026-09-09"}],"version":1},"type":"Feature"},{"geometry":{"coordinates":[-86.8721878,35.9180109],"type":"Point"},"id":"09e66a45-5ed7-43dc-b15b-36e49046cf66","properties":{"id":"09e66a45-5ed7-43dc-b15b-36e49046cf66","sources":[{"dataset":"OpenStreetMap","license":"ODbL-1.0","property":"","provider":"osm","record_id":"n7018840501@1","resource":"planet","update_time":"2019-11-29T08:25:15Z","version":"2026-09-09"}],"version":1},"type":"Feature"},{"geometry":{"coordinates":[-86.872242,35.9180162],"type":"Point"},"id":"83f9938d-f524-48b0-ae19-4bd9baff5a76","properties":{"id":"83f9938d-f524-48b0-ae19-4bd9baff5a76","sources":[{"dataset":"OpenStreetMap","license":"ODbL-1.0","property":"","provider":"osm","record_id":"n205499687@3","resource":"planet","update_time":"2010-11-20T17:25:49Z","version":"2026-09-09"}],"version":1},"type":"Feature"},{"geometry":{"coordinates":[-86.8729741,35.9181263],"type":"Point"},"id":"37401d7c-dd63-42c1-acad-f1f43eb24ac5","properties":{"id":"37401d7c-dd63-42c1-acad-f1f43eb24ac5","sources":[{"dataset":"OpenStreetMap","license":"ODbL-1.0","property":"","provider":"osm","record_id":"n205499748@7","resource":"planet","update_time":"2023-01-17T20:39:57Z","version":"2026-09-09"}],"version":1},"type":"Feature"},{"geometry":{"coordinates":[-86.8728976,35.9181148],"type":"Point"},"id":"226c0777-f05f-4006-8bb1-a0155d49c804","properties":{"id":"226c0777-f05f-4006-8bb1-a0155d49c804","sources":[{"dataset":"OpenStreetMap","license":"ODbL-1.0","property":"","provider":"osm","record_id":"n12089438313@2","resource":"planet","update_time":"2024-08-02T18:43:49Z","version":"2026-09-09"}],"version":1},"type":"Feature"},{"geometry":{"coordinates":[-86.8729129,35.918032],"type":"Point"},"id":"f0de82e6-aa02-47a2-bf59-1d9a05aafef5","properties":{"id":"f0de82e6-aa02-47a2-bf59-1d9a05aafef5","sources":[{"dataset":"OpenStreetMap","license":"ODbL-1.0","property":"","provider":"osm","record_id":"n12089438312@1","resource":"planet","update_time":"2024-08-02T18:40:52Z","version":"2026-09-09"}],"version":1},"type":"Feature"},{"geometry":{"coordinates":[-86.8729906,35.9180504],"type":"Point"},"id":"ba89a730-04b5-4845-b46c-a1a05003930f","properties":{"id":"ba89a730-04b5-4845-b46c-a1a05003930f","sources":[{"dataset":"OpenStreetMap","license":"ODbL-1.0","property":"","provider":"osm","record_id":"n12089438316@2","resource":"planet","update_time":"2024-08-02T18:43:49Z","version":"2026-09-09"}],"version":1},"type":"Feature"},{"geometry":{"coordinates":[-86.8730994,35.918076],"type":"Point"},"id":"c99e969e-d83b-4852-804c-3c12ac789e0d","properties":{"id":"c99e969e-d83b-4852-804c-3c12ac789e0d","sources":[{"dataset":"OpenStreetMap","license":"ODbL-1.0","property":"","provider":"osm","record_id":"n12089438309@1","resource":"planet","update_time":"2024-08-02T18:40:52Z","version":"2026-09-09"}],"version":1},"type":"Feature"},{"geometry":{"coordinates":[-86.8730856,35.9181442],"type":"Point"},"id":"8867fd0c-6afd-443d-a659-1f236f36c591","properties":{"id":"8867fd0c-6afd-443d-a659-1f236f36c591","sources":[{"dataset":"OpenStreetMap","license":"ODbL-1.0","property":"","provider":"osm","record_id":"n12089438315@2","resource":"planet","update_time":"2024-08-02T18:43:49Z","version":"2026-09-09"}],"version":1},"type":"Feature"},{"geometry":{"coordinates":[-86.8729518,35.9182146],"type":"Point"},"id":"536b558d-fa0d-4191-a423-bb976b781c9e","properties":{"id":"536b558d-fa0d-4191-a423-bb976b781c9e","sources":[{"dataset":"OpenStreetMap","license":"ODbL-1.0","property":"","provider":"osm","record_id":"n12089438314@1","resource":"planet","update_time":"2024-08-02T18:40:52Z","version":"2026-09-09"}],"version":1},"type":"Feature"},{"geometry":{"coordinates":[-86.8721372,35.9186074],"type":"Point"},"id":"8ba6dce8-f78c-477d-90e9-a052075f7c65","properties":{"id":"8ba6dce8-f78c-477d-90e9-a052075f7c65","sources":[{"dataset":"OpenStreetMap","license":"ODbL-1.0","property":"","provider":"osm","record_id":"n7936244122@1","resource":"planet","update_time":"2020-09-24T04:05:04Z","version":"2026-09-09"}],"version":1},"type":"Feature"},{"geometry":{"coordinates":[-86.8728954,35.9185262],"type":"Point"},"id":"c690a8cb-b48b-435c-bcfa-44d8eb893bf9","properties":{"id":"c690a8cb-b48b-435c-bcfa-44d8eb893bf9","sources":[{"dataset":"OpenStreetMap","license":"ODbL-1.0","property":"","provider":"osm","record_id":"n6694723812@2","resource":"planet","update_time":"2026-04-21T19:29:40Z","version":"2026-09-09"}],"version":2},"type":"Feature"},{"geometry":{"coordinates":[-86.8731476,35.9185862],"type":"Point"},"id":"7ba1e354-307c-48be-9552-b37c51bcf31a","properties":{"id":"7ba1e354-307c-48be-9552-b37c51bcf31a","sources":[{"dataset":"OpenStreetMap","license":"ODbL-1.0","property":"","provider":"osm","record_id":"n6694723810@1","resource":"planet","update_time":"2019-08-08T12:13:36Z","version":"2026-09-09"}],"version":1},"type":"Feature"},{"geometry":{"coordinates":[-86.8743469,35.9185111],"type":"Point"},"id":"444d4ada-cc5a-41e9-b096-276177cb1c04","properties":{"id":"444d4ada-cc5a-41e9-b096-276177cb1c04","sources":[{"dataset":"OpenStreetMap","license":"ODbL-1.0","property":"","provider":"osm","record_id":"n7936227533@1","resource":"planet","update_time":"2020-09-24T04:10:49Z","version":"2026-09-09"}],"version":1},"type":"Feature"},{"geometry":{"coordinates":[-86.8739593,35.9184475],"type":"Point"},"id":"6b3cb1e2-d46f-45d3-b8e2-e171f541c90a","properties":{"id":"6b3cb1e2-d46f-45d3-b8e2-e171f541c90a","sources":[{"dataset":"OpenStreetMap","license":"ODbL-1.0","property":"","provider":"osm","record_id":"n7936227534@1","resource":"planet","update_time":"2020-09-24T04:10:49Z","version":"2026-09-09"}],"version":1},"type":"Feature"},{"geometry":{"coordinates":[-86.8740027,35.918296],"type":"Point"},"id":"d5e292b6-1526-42a7-b595-76a211400a2d","properties":{"id":"d5e292b6-1526-42a7-b595-76a211400a2d","sources":[{"dataset":"OpenStreetMap","license":"ODbL-1.0","property":"","provider":"osm","record_id":"n6694723807@1","resource":"planet","update_time":"2019-08-08T12:13:36Z","version":"2026-09-09"}],"version":1},"type":"Feature"},{"geometry":{"coordinates":[-86.8746161,35.9182223],"type":"Point"},"id":"b16b31ba-a5da-4aa0-8f76-668084c23d03","properties":{"id":"b16b31ba-a5da-4aa0-8f76-668084c23d03","sources":[{"dataset":"OpenStreetMap","license":"ODbL-1.0","property":"","provider":"osm","record_id":"n205514569@4","resource":"planet","update_time":"2021-12-23T05:59:32Z","version":"2026-09-09"}],"version":1},"type":"Feature"},{"geometry":{"coordinates":[-86.8753926,35.9183196],"type":"Point"},"id":"da20745f-ab71-41a7-ae1c-ca4c014454b0","properties":{"id":"da20745f-ab71-41a7-ae1c-ca4c014454b0","sources":[{"dataset":"OpenStreetMap","license":"ODbL-1.0","property":"","provider":"osm","record_id":"n6694723800@1","resource":"planet","update_time":"2019-08-08T12:13:36Z","version":"2026-09-09"}],"version":1},"type":"Feature"},{"geometry":{"coordinates":[-86.8761884,35.9184508],"type":"Point"},"id":"b9bd8222-b516-4ce3-a87c-270a6d6ca0af","properties":{"id":"b9bd8222-b516-4ce3-a87c-270a6d6ca0af","sources":[{"dataset":"OpenStreetMap","license":"ODbL-1.0","property":"","provider":"osm","record_id":"n7936227528@2","resource":"planet","update_time":"2021-12-23T05:59:32Z","version":"2026-09-09"}],"version":1},"type":"Feature"},{"geometry":{"coordinates":[-86.8759617,35.9184107],"type":"Point"},"id":"d585f739-7e79-4b24-a640-998167349f6d","properties":{"id":"d585f739-7e79-4b24-a640-998167349f6d","sources":[{"dataset":"OpenStreetMap","license":"ODbL-1.0","property":"","provider":"osm","record_id":"n7936227527@2","resource":"planet","update_time":"2021-12-23T05:59:32Z","version":"2026-09-09"}],"version":1},"type":"Feature"},{"geometry":{"coordinates":[-86.8759174,35.9186756],"type":"Point"},"id":"145d0055-d1f3-4631-bd5c-2678ff8bc0fd","properties":{"id":"145d0055-d1f3-4631-bd5c-2678ff8bc0fd","sources":[{"dataset":"OpenStreetMap","license":"ODbL-1.0","property":"","provider":"osm","record_id":"n7936227526@1","resource":"planet","update_time":"2020-09-24T04:10:49Z","version":"2026-09-09"}],"version":1},"type":"Feature"},{"geometry":{"coordinates":[-86.8758503,35.9190305],"type":"Point"},"id":"66847b1d-3dc8-4b7c-8917-97ead30b1e92","properties":{"id":"66847b1d-3dc8-4b7c-8917-97ead30b1e92","sources":[{"dataset":"OpenStreetMap","license":"ODbL-1.0","property":"","provider":"osm","record_id":"n12697408121@1","resource":"planet","update_time":"2025-03-24T20:19:21Z","version":"2026-09-09"}],"version":1},"type":"Feature"},{"geometry":{"coordinates":[-86.8758466,35.9190166],"type":"Point"},"id":"02be8f39-eefa-4221-a792-0b8192b2b355","properties":{"id":"02be8f39-eefa-4221-a792-0b8192b2b355","sources":[{"dataset":"OpenStreetMap","license":"ODbL-1.0","property":"","provider":"osm","record_id":"n7936227525@1","resource":"planet","update_time":"2020-09-24T04:10:49Z","version":"2026-09-09"}],"version":1},"type":"Feature"},{"geometry":{"coordinates":[-86.8756369,35.9189217],"type":"Point"},"id":"d096c6f2-9f73-44de-8dc9-7c0e083e3da4","properties":{"id":"d096c6f2-9f73-44de-8dc9-7c0e083e3da4","sources":[{"dataset":"OpenStreetMap","license":"ODbL-1.0","property":"","provider":"osm","record_id":"n12697408104@1","resource":"planet","update_time":"2025-03-24T20:19:21Z","version":"2026-09-09"}],"version":1},"type":"Feature"},{"geometry":{"coordinates":[-86.8756234,35.9189637],"type":"Point"},"id":"bca6437d-c152-4537-a1ba-44523b72ec0b","properties":{"id":"bca6437d-c152-4537-a1ba-44523b72ec0b","sources":[{"dataset":"OpenStreetMap","license":"ODbL-1.0","property":"","provider":"osm","record_id":"n12697408120@1","resource":"planet","update_time":"2025-03-24T20:19:21Z","version":"2026-09-09"}],"version":1},"type":"Feature"},{"geometry":{"coordinates":[-86.875615,35.9189895],"type":"Point"},"id":"5c7e9cd6-54d2-4d61-b590-31c30b97ab96","properties":{"id":"5c7e9cd6-54d2-4d61-b590-31c30b97ab96","sources":[{"dataset":"OpenStreetMap","license":"ODbL-1.0","property":"","provider":"osm","record_id":"n12697408105@1","resource":"planet","update_time":"2025-03-24T20:19:21Z","version":"2026-09-09"}],"version":1},"type":"Feature"},{"geometry":{"coordinates":[-86.8751263,35.9189044],"type":"Point"},"id":"c6fed21d-ffa6-47bb-8d26-9f24dd6b457c","properties":{"id":"c6fed21d-ffa6-47bb-8d26-9f24dd6b457c","sources":[{"dataset":"OpenStreetMap","license":"ODbL-1.0","property":"","provider":"osm","record_id":"n12697408107@1","resource":"planet","update_time":"2025-03-24T20:19:21Z","version":"2026-09-09"}],"version":1},"type":"Feature"},{"geometry":{"coordinates":[-86.8750087,35.918877],"type":"Point"},"id":"09413665-d1f6-4c87-9073-b0ba068d438f","properties":{"id":"09413665-d1f6-4c87-9073-b0ba068d438f","sources":[{"dataset":"OpenStreetMap","license":"ODbL-1.0","property":"","provider":"osm","record_id":"n12697408127@1","resource":"planet","update_time":"2025-03-24T20:19:21Z","version":"2026-09-09"}],"version":1},"type":"Feature"},{"geometry":{"coordinates":[-86.8750197,35.918843],"type":"Point"},"id":"d999b158-43aa-4c74-a59d-4278585857cb","properties":{"id":"d999b158-43aa-4c74-a59d-4278585857cb","sources":[{"dataset":"OpenStreetMap","license":"ODbL-1.0","property":"","provider":"osm","record_id":"n205277662@4","resource":"planet","update_time":"2025-07-20T07:40:44Z","version":"2026-09-09"}],"version":2},"type":"Feature"},{"geometry":{"coordinates":[-86.873888,35.9186968],"type":"Point"},"id":"726e54ee-0cdb-4b98-95db-83f996e0ea4f","properties":{"id":"726e54ee-0cdb-4b98-95db-83f996e0ea4f","sources":[{"dataset":"OpenStreetMap","license":"ODbL-1.0","property":"","provider":"osm","record_id":"n6694723811@1","resource":"planet","update_time":"2019-08-08T12:13:36Z","version":"2026-09-09"}],"version":1},"type":"Feature"},{"geometry":{"coordinates":[-86.8749465,35.9188626],"type":"Point"},"id":"f8e039f1-455c-4938-afc5-02c8eb09df5a","properties":{"id":"f8e039f1-455c-4938-afc5-02c8eb09df5a","sources":[{"dataset":"OpenStreetMap","license":"ODbL-1.0","property":"","provider":"osm","record_id":"n12697408126@1","resource":"planet","update_time":"2025-03-24T20:19:21Z","version":"2026-09-09"}],"version":1},"type":"Feature"},{"geometry":{"coordinates":[-86.874944,35.918907],"type":"Point"},"id":"4f04bab2-2b48-4cfe-a4a6-65c3c1307cfa","properties":{"id":"4f04bab2-2b48-4cfe-a4a6-65c3c1307cfa","sources":[{"dataset":"OpenStreetMap","license":"ODbL-1.0","property":"","provider":"osm","record_id":"n12697408143@1","resource":"planet","update_time":"2025-03-24T20:19:21Z","version":"2026-09-09"}],"version":1},"type":"Feature"},{"geometry":{"coordinates":[-86.8737447,35.9191976],"type":"Point"},"id":"8bc48841-de06-409c-a922-57fdfe070a2b","properties":{"id":"8bc48841-de06-409c-a922-57fdfe070a2b","sources":[{"dataset":"OpenStreetMap","license":"ODbL-1.0","property":"","provider":"osm","resource":"planet","version":"2026-09-09"}],"version":1},"type":"Feature"},{"geometry":{"coordinates":[-86.8736918,35.9193824],"type":"Point"},"id":"c0bdef5c-2757-43e2-a114-0310f9503e4b","properties":{"id":"c0bdef5c-2757-43e2-a114-0310f9503e4b","sources":[{"dataset":"OpenStreetMap","license":"ODbL-1.0","property":"","provider":"osm","record_id":"n6694723808@1","resource":"planet","update_time":"2019-08-08T12:13:36Z","version":"2026-09-09"}],"version":1},"type":"Feature"},{"geometry":{"coordinates":[-86.8763942,35.9191465],"type":"Point"},"id":"42fd7a86-5ba3-4df2-ac22-93f561249a38","properties":{"id":"42fd7a86-5ba3-4df2-ac22-93f561249a38","sources":[{"dataset":"OpenStreetMap","license":"ODbL-1.0","property":"","provider":"osm","record_id":"n204101709@3","resource":"planet","update_time":"2009-11-10T01:59:39Z","version":"2026-09-09"}],"version":1},"type":"Feature"},{"geometry":{"coordinates":[-86.8777547,35.9191069],"type":"Point"},"id":"30da915b-90f2-416a-9e98-433017943941","properties":{"id":"30da915b-90f2-416a-9e98-433017943941","sources":[{"dataset":"OpenStreetMap","license":"ODbL-1.0","property":"","provider":"osm","record_id":"n204114397@4","resource":"planet","update_time":"2021-12-23T05:59:32Z","version":"2026-09-09"}],"version":1},"type":"Feature"},{"geometry":{"coordinates":[-86.8777045,35.9190486],"type":"Point"},"id":"9d0e7c1f-2b69-497f-8d59-57ff56d6ad3e","properties":{"id":"9d0e7c1f-2b69-497f-8d59-57ff56d6ad3e","sources":[{"dataset":"OpenStreetMap","license":"ODbL-1.0","property":"","provider":"osm","record_id":"n7135256495@2","resource":"planet","update_time":"2021-12-23T05:59:32Z","version":"2026-09-09"}],"version":1},"type":"Feature"},{"geometry":{"coordinates":[-86.8784912,35.9193537],"type":"Point"},"id":"c349da62-0b78-4c94-89e0-e0941042853b","properties":{"id":"c349da62-0b78-4c94-89e0-e0941042853b","sources":[{"dataset":"OpenStreetMap","license":"ODbL-1.0","property":"","provider":"osm","record_id":"n2472815277@1","resource":"planet","update_time":"2013-09-26T22:06:36Z","version":"2026-09-09"}],"version":1},"type":"Feature"},{"geometry":{"coordinates":[-86.8769867,35.9185817],"type":"Point"},"id":"bf6b707e-cefc-49f0-9e11-f233ad8d6759","properties":{"id":"bf6b707e-cefc-49f0-9e11-f233ad8d6759","sources":[{"dataset":"OpenStreetMap","license":"ODbL-1.0","property":"","provider":"osm","record_id":"n204101706@4","resource":"planet","update_time":"2021-12-23T05:59:32Z","version":"2026-09-09"}],"version":1},"type":"Feature"},{"geometry":{"coordinates":[-86.877245,35.9184784],"type":"Point"},"id":"047ea49a-a944-4d0c-a98d-7cd598121b19","properties":{"id":"047ea49a-a944-4d0c-a98d-7cd598121b19","sources":[{"dataset":"OpenStreetMap","license":"ODbL-1.0","property":"","provider":"osm","record_id":"n12697420346@1","resource":"planet","update_time":"2025-03-24T20:35:29Z","version":"2026-09-09"}],"version":1},"type":"Feature"},{"geometry":{"coordinates":[-86.8772886,35.9184359],"type":"Point"},"id":"2a1b6e81-fdcb-4830-84e6-4e25ada7a98d","properties":{"id":"2a1b6e81-fdcb-4830-84e6-4e25ada7a98d","sources":[{"dataset":"OpenStreetMap","license":"ODbL-1.0","property":"","provider":"osm","record_id":"n12697420348@1","resource":"planet","update_time":"2025-03-24T20:35:29Z","version":"2026-09-09"}],"version":1},"type":"Feature"},{"geometry":{"coordinates":[-86.8773304,35.9183952],"type":"Point"},"id":"19d95b8a-d1f5-4883-82c0-094c86691d4b","properties":{"id":"19d95b8a-d1f5-4883-82c0-094c86691d4b","sources":[{"dataset":"OpenStreetMap","license":"ODbL-1.0","property":"","provider":"osm","record_id":"n12697420347@1","resource":"planet","update_time":"2025-03-24T20:35:29Z","version":"2026-09-09"}],"version":1},"type":"Feature"},{"geometry":{"coordinates":[-86.8772503,35.9183795],"type":"Point"},"id":"3683bf9f-7b43-4649-b55a-0bfb1d2f8564","properties":{"id":"3683bf9f-7b43-4649-b55a-0bfb1d2f8564","sources":[{"dataset":"OpenStreetMap","license":"ODbL-1.0","property":"","provider":"osm","record_id":"n204101703@4","resource":"planet","update_time":"2013-09-26T22:06:46Z","version":"2026-09-09"}],"version":1},"type":"Feature"},{"geometry":{"coordinates":[-86.8809042,35.9181186],"type":"Point"},"id":"c0231823-eb99-4869-90a3-dd5a2e4a0ac4","properties":{"id":"c0231823-eb99-4869-90a3-dd5a2e4a0ac4","sources":[{"dataset":"OpenStreetMap","license":"ODbL-1.0","property":"","provider":"osm","record_id":"n6690507050@1","resource":"planet","update_time":"2019-08-07T08:43:40Z","version":"2026-09-09"}],"version":1},"type":"Feature"},{"geometry":{"coordinates":[-86.8817508,35.9182234],"type":"Point"},"id":"dcbcc708-7fa4-4617-85a7-42c6669fa112","properties":{"id":"dcbcc708-7fa4-4617-85a7-42c6669fa112","sources":[{"dataset":"OpenStreetMap","license":"ODbL-1.0","property":"","provider":"osm","resource":"planet","version":"2026-09-09"}],"version":2},"type":"Feature"},{"geometry":{"coordinates":[-86.8814463,35.9181903],"type":"Point"},"id":"fe028a61-6929-4bac-a7de-59e45175f034","properties":{"id":"fe028a61-6929-4bac-a7de-59e45175f034","sources":[{"dataset":"OpenStreetMap","license":"ODbL-1.0","property":"","provider":"osm","resource":"planet","version":"2026-09-09"}],"version":2},"type":"Feature"},{"geometry":{"coordinates":[-86.8813996,35.9183976],"type":"Point"},"id":"3e410b24-4cfc-410f-b673-5459ec226252","properties":{"id":"3e410b24-4cfc-410f-b673-5459ec226252","sources":[{"dataset":"OpenStreetMap","license":"ODbL-1.0","property":"","provider":"osm","record_id":"n6690507048@1","resource":"planet","update_time":"2019-08-07T08:43:40Z","version":"2026-09-09"}],"version":1},"type":"Feature"},{"geometry":{"coordinates":[-86.8803207,35.918784],"type":"Point"},"id":"10dac843-87b7-4e4c-acba-b13e32a2e1f6","properties":{"id":"10dac843-87b7-4e4c-acba-b13e32a2e1f6","sources":[{"dataset":"OpenStreetMap","license":"ODbL-1.0","property":"","provider":"osm","record_id":"n7030897025@1","resource":"planet","update_time":"2019-12-04T08:13:32Z","version":"2026-09-09"}],"version":1},"type":"Feature"},{"geometry":{"coordinates":[-86.8804492,35.918924],"type":"Point"},"id":"7364cc35-cba9-47b7-8ac3-e13b5c7dbed9","properties":{"id":"7364cc35-cba9-47b7-8ac3-e13b5c7dbed9","sources":[{"dataset":"OpenStreetMap","license":"ODbL-1.0","property":"","provider":"osm","record_id":"n7030897019@1","resource":"planet","update_time":"2019-12-04T08:13:32Z","version":"2026-09-09"}],"version":1},"type":"Feature"},{"geometry":{"coordinates":[-86.8798941,35.9192995],"type":"Point"},"id":"c0438190-78dc-46c4-8f5b-7f63384450aa","properties":{"id":"c0438190-78dc-46c4-8f5b-7f63384450aa","sources":[{"dataset":"OpenStreetMap","license":"ODbL-1.0","property":"","provider":"osm","record_id":"n2472815275@1","resource":"planet","update_time":"2013-09-26T22:06:36Z","version":"2026-09-09"}],"version":1},"type":"Feature"},{"geometry":{"coordinates":[-86.8799375,35.919341],"type":"Point"},"id":"a47d3dec-34dc-49f8-b73c-b6da17d54d01","properties":{"id":"a47d3dec-34dc-49f8-b73c-b6da17d54d01","sources":[{"dataset":"OpenStreetMap","license":"ODbL-1.0","property":"","provider":"osm","record_id":"n2472815276@1","resource":"planet","update_time":"2013-09-26T22:06:36Z","version":"2026-09-09"}],"version":1},"type":"Feature"},{"geometry":{"coordinates":[-86.8810603,35.919362],"type":"Point"},"id":"15a533c2-050b-4fd5-8e2d-3fc0fa9e2374","properties":{"id":"15a533c2-050b-4fd5-8e2d-3fc0fa9e2374","sources":[{"dataset":"OpenStreetMap","license":"ODbL-1.0","property":"","provider":"osm","record_id":"n204097829@5","resource":"planet","update_time":"2023-06-29T10:25:05Z","version":"2026-09-09"}],"version":1},"type":"Feature"},{"geometry":{"coordinates":[-86.8812503,35.9190602],"type":"Point"},"id":"b7359e28-e28d-4244-a954-0cd04010f5b0","properties":{"id":"b7359e28-e28d-4244-a954-0cd04010f5b0","sources":[{"dataset":"OpenStreetMap","license":"ODbL-1.0","property":"","provider":"osm","record_id":"n204097856@4","resource":"planet","update_time":"2015-06-15T13:26:50Z","version":"2026-09-09"}],"version":1},"type":"Feature"},{"geometry":{"coordinates":[-86.8816854,35.9190976],"type":"Point"},"id":"6fe54b7b-5809-4fb0-aa06-02847428fc0e","properties":{"id":"6fe54b7b-5809-4fb0-aa06-02847428fc0e","sources":[{"dataset":"OpenStreetMap","license":"ODbL-1.0","property":"","provider":"osm","record_id":"n204097835@3","resource":"planet","update_time":"2015-06-15T13:26:50Z","version":"2026-09-09"}],"version":1},"type":"Feature"},{"geometry":{"coordinates":[-86.8799553,35.9199502],"type":"Point"},"id":"5421a943-b347-44d9-8934-993b23288c08","properties":{"id":"5421a943-b347-44d9-8934-993b23288c08","sources":[{"dataset":"OpenStreetMap","license":"ODbL-1.0","property":"","provider":"osm","record_id":"n7698443928@1","resource":"planet","update_time":"2020-07-09T07:03:25Z","version":"2026-09-09"}],"version":1},"type":"Feature"},{"geometry":{"coordinates":[-86.8802705,35.9197994],"type":"Point"},"id":"8c4df59a-d2d2-46cb-a392-13ab313f4d17","properties":{"id":"8c4df59a-d2d2-46cb-a392-13ab313f4d17","sources":[{"dataset":"OpenStreetMap","license":"ODbL-1.0","property":"","provider":"osm","record_id":"n2472815283@1","resource":"planet","update_time":"2013-09-26T22:06:36Z","version":"2026-09-09"}],"version":1},"type":"Feature"},{"geometry":{"coordinates":[-86.8804349,35.9197208],"type":"Point"},"id":"8a9a2534-4bbd-421e-864f-32376cf3c3e8","properties":{"id":"8a9a2534-4bbd-421e-864f-32376cf3c3e8","sources":[{"dataset":"OpenStreetMap","license":"ODbL-1.0","property":"","provider":"osm","record_id":"n7030897015@1","resource":"planet","update_time":"2019-12-04T08:13:32Z","version":"2026-09-09"}],"version":1},"type":"Feature"},{"geometry":{"coordinates":[-86.8805636,35.9196593],"type":"Point"},"id":"d4263c40-7e76-4373-9b91-60e171555727","properties":{"id":"d4263c40-7e76-4373-9b91-60e171555727","sources":[{"dataset":"OpenStreetMap","license":"ODbL-1.0","property":"","provider":"osm","record_id":"n204128797@5","resource":"planet","update_time":"2015-06-15T13:26:50Z","version":"2026-09-09"}],"version":1},"type":"Feature"},{"geometry":{"coordinates":[-86.8807475,35.9195472],"type":"Point"},"id":"665ca057-1156-42bd-a482-fdbec41f2d0d","properties":{"id":"665ca057-1156-42bd-a482-fdbec41f2d0d","sources":[{"dataset":"OpenStreetMap","license":"ODbL-1.0","property":"","provider":"osm","record_id":"n7221807198@1","resource":"planet","update_time":"2020-02-18T06:15:57Z","version":"2026-09-09"}],"version":1},"type":"Feature"},{"geometry":{"coordinates":[-86.8807905,35.9194478],"type":"Point"},"id":"8383c341-6f44-4562-a6c4-426b15cdac09","properties":{"id":"8383c341-6f44-4562-a6c4-426b15cdac09","sources":[{"dataset":"OpenStreetMap","license":"ODbL-1.0","property":"","provider":"osm","record_id":"n7221807206@1","resource":"planet","update_time":"2020-02-18T06:15:57Z","version":"2026-09-09"}],"version":1},"type":"Feature"},{"geometry":{"coordinates":[-86.8806495,35.9194327],"type":"Point"},"id":"1b4fef58-6a87-4c4b-89e9-50d8f3fe4312","properties":{"id":"1b4fef58-6a87-4c4b-89e9-50d8f3fe4312","sources":[{"dataset":"OpenStreetMap","license":"ODbL-1.0","property":"","provider":"osm","record_id":"n7221807205@1","resource":"planet","update_time":"2020-02-18T06:15:57Z","version":"2026-09-09"}],"version":1},"type":"Feature"},{"geometry":{"coordinates":[-86.8793735,35.91944],"type":"Point"},"id":"98469132-8013-4dd6-b486-44d002d06df0","properties":{"id":"98469132-8013-4dd6-b486-44d002d06df0","sources":[{"dataset":"OpenStreetMap","license":"ODbL-1.0","property":"","provider":"osm","record_id":"n7698443931@1","resource":"planet","update_time":"2020-07-09T07:03:25Z","version":"2026-09-09"}],"version":1},"type":"Feature"},{"geometry":{"coordinates":[-86.8780522,35.9195873],"type":"Point"},"id":"0059507e-6d8b-44dc-ad94-e99339ef1d74","properties":{"id":"0059507e-6d8b-44dc-ad94-e99339ef1d74","sources":[{"dataset":"OpenStreetMap","license":"ODbL-1.0","property":"","provider":"osm","record_id":"n2472815282@1","resource":"planet","update_time":"2013-09-26T22:06:36Z","version":"2026-09-09"}],"version":1},"type":"Feature"},{"geometry":{"coordinates":[-86.8786252,35.9194686],"type":"Point"},"id":"d4a59786-71ef-44fb-a266-523f49410d9f","properties":{"id":"d4a59786-71ef-44fb-a266-523f49410d9f","sources":[{"dataset":"OpenStreetMap","license":"ODbL-1.0","property":"","provider":"osm","record_id":"n2472815278@1","resource":"planet","update_time":"2013-09-26T22:06:36Z","version":"2026-09-09"}],"version":1},"type":"Feature"},{"geometry":{"coordinates":[-86.8770811,35.9194057],"type":"Point"},"id":"feeaee42-c9eb-4eab-b668-2defd9112cc6","properties":{"id":"feeaee42-c9eb-4eab-b668-2defd9112cc6","sources":[{"dataset":"OpenStreetMap","license":"ODbL-1.0","property":"","provider":"osm","record_id":"n7135256497@2","resource":"planet","update_time":"2021-12-23T05:59:32Z","version":"2026-09-09"}],"version":1},"type":"Feature"},{"geometry":{"coordinates":[-86.8790808,35.9198034],"type":"Point"},"id":"20c2a4a9-b323-4301-8974-ad4cae60963b","properties":{"id":"20c2a4a9-b323-4301-8974-ad4cae60963b","sources":[{"dataset":"OpenStreetMap","license":"ODbL-1.0","property":"","provider":"osm","record_id":"n8482423960@1","resource":"planet","update_time":"2021-03-03T10:23:15Z","version":"2026-09-09"}],"version":1},"type":"Feature"},{"geometry":{"coordinates":[-86.8793076,35.92026],"type":"Point"},"id":"72f5ef83-b475-45fd-a421-bf4114295610","properties":{"id":"72f5ef83-b475-45fd-a421-bf4114295610","sources":[{"dataset":"OpenStreetMap","license":"ODbL-1.0","property":"","provider":"osm","record_id":"n12511760867@1","resource":"planet","update_time":"2025-01-18T06:03:07Z","version":"2026-09-09"}],"version":1},"type":"Feature"},{"geometry":{"coordinates":[-86.8793879,35.9202216],"type":"Point"},"id":"93c0aef3-9aaf-41ef-9b59-98faccddd14d","properties":{"id":"93c0aef3-9aaf-41ef-9b59-98faccddd14d","sources":[{"dataset":"OpenStreetMap","license":"ODbL-1.0","property":"","provider":"osm","record_id":"n8482423959@1","resource":"planet","update_time":"2021-03-03T10:23:15Z","version":"2026-09-09"}],"version":1},"type":"Feature"},{"geometry":{"coordinates":[-86.8787545,35.9207525],"type":"Point"},"id":"0a00be35-a78a-405c-b812-e7f35ad051c9","properties":{"id":"0a00be35-a78a-405c-b812-e7f35ad051c9","sources":[{"dataset":"OpenStreetMap","license":"ODbL-1.0","property":"","provider":"osm","record_id":"n6687320509@1","resource":"planet","update_time":"2019-08-06T08:48:07Z","version":"2026-09-09"}],"version":1},"type":"Feature"},{"geometry":{"coordinates":[-86.8784201,35.9207022],"type":"Point"},"id":"4cd4d216-bd0e-48c6-9f07-24482a9879cd","properties":{"id":"4cd4d216-bd0e-48c6-9f07-24482a9879cd","sources":[{"dataset":"OpenStreetMap","license":"ODbL-1.0","property":"","provider":"osm","record_id":"n204112928@3","resource":"planet","update_time":"2023-06-29T10:25:05Z","version":"2026-09-09"}],"version":1},"type":"Feature"},{"geometry":{"coordinates":[-86.8786946,35.9205532],"type":"Point"},"id":"abd0ac47-9d1c-457b-9148-74d0603eec46","properties":{"id":"abd0ac47-9d1c-457b-9148-74d0603eec46","sources":[{"dataset":"OpenStreetMap","license":"ODbL-1.0","property":"","provider":"osm","record_id":"n204114406@3","resource":"planet","update_time":"2009-10-16T12:34:09Z","version":"2026-09-09"}],"version":1},"type":"Feature"},{"geometry":{"coordinates":[-86.8796482,35.9206996],"type":"Point"},"id":"7be4c70b-3283-482a-8f18-7eae584038b7","properties":{"id":"7be4c70b-3283-482a-8f18-7eae584038b7","sources":[{"dataset":"OpenStreetMap","license":"ODbL-1.0","property":"","provider":"osm","record_id":"n12511760874@1","resource":"planet","update_time":"2025-01-18T06:03:07Z","version":"2026-09-09"}],"version":1},"type":"Feature"},{"geometry":{"coordinates":[-86.8797087,35.9202436],"type":"Point"},"id":"32e82ebb-9b1b-4b44-9cff-4353eab33998","properties":{"id":"32e82ebb-9b1b-4b44-9cff-4353eab33998","sources":[{"dataset":"OpenStreetMap","license":"ODbL-1.0","property":"","provider":"osm","record_id":"n12511760869@1","resource":"planet","update_time":"2025-01-18T06:03:07Z","version":"2026-09-09"}],"version":1},"type":"Feature"},{"geometry":{"coordinates":[-86.8796158,35.9201126],"type":"Point"},"id":"a20e1f80-d70f-46df-a541-5fb22baacbf8","properties":{"id":"a20e1f80-d70f-46df-a541-5fb22baacbf8","sources":[{"dataset":"OpenStreetMap","license":"ODbL-1.0","property":"","provider":"osm","record_id":"n12511760870@1","resource":"planet","update_time":"2025-01-18T06:03:07Z","version":"2026-09-09"}],"version":1},"type":"Feature"},{"geometry":{"coordinates":[-86.884292,35.919338],"type":"Point"},"id":"f1fed062-144e-4104-a416-8532d9309c7e","properties":{"id":"f1fed062-144e-4104-a416-8532d9309c7e","sources":[{"dataset":"OpenStreetMap","license":"ODbL-1.0","property":"","provider":"osm","record_id":"n204097844@2","resource":"planet","update_time":"2009-10-16T12:30:59Z","version":"2026-09-09"}],"version":1},"type":"Feature"},{"geometry":{"coordinates":[-86.8841125,35.9193254],"type":"Point"},"id":"c29c0171-413d-4758-8dc5-8f1e78e61d7e","properties":{"id":"c29c0171-413d-4758-8dc5-8f1e78e61d7e","sources":[{"dataset":"OpenStreetMap","license":"ODbL-1.0","property":"","provider":"osm","record_id":"n204097839@3","resource":"planet","update_time":"2015-06-15T13:26:50Z","version":"2026-09-09"}],"version":1},"type":"Feature"},{"geometry":{"coordinates":[-86.8845769,35.9181171],"type":"Point"},"id":"42811062-4132-4d3a-8f22-672e5a7b4a0e","properties":{"id":"42811062-4132-4d3a-8f22-672e5a7b4a0e","sources":[{"dataset":"OpenStreetMap","license":"ODbL-1.0","property":"","provider":"osm","record_id":"n204129975@3","resource":"planet","update_time":"2015-06-15T13:26:51Z","version":"2026-09-09"}],"version":1},"type":"Feature"},{"geometry":{"coordinates":[-86.883654,35.9166801],"type":"Point"},"id":"1471e8d9-1f4b-4803-a51e-a2296c092bc9","properties":{"id":"1471e8d9-1f4b-4803-a51e-a2296c092bc9","sources":[{"dataset":"OpenStreetMap","license":"ODbL-1.0","property":"","provider":"osm","record_id":"n6688056144@1","resource":"planet","update_time":"2019-08-06T13:38:14Z","version":"2026-09-09"}],"version":1},"type":"Feature"},{"geometry":{"coordinates":[-86.883853,35.9165729],"type":"Point"},"id":"5d5f9e0a-601c-44fe-b745-80eeef2cdf09","properties":{"id":"5d5f9e0a-601c-44fe-b745-80eeef2cdf09","sources":[{"dataset":"OpenStreetMap","license":"ODbL-1.0","property":"","provider":"osm","record_id":"n7690761488@1","resource":"planet","update_time":"2020-07-07T07:33:46Z","version":"2026-09-09"}],"version":1},"type":"Feature"},{"geometry":{"coordinates":[-86.8836435,35.9167836],"type":"Point"},"id":"04fd5c47-11f5-4c1a-bde0-9cf181ad3e30","properties":{"id":"04fd5c47-11f5-4c1a-bde0-9cf181ad3e30","sources":[{"dataset":"OpenStreetMap","license":"ODbL-1.0","property":"","provider":"osm","record_id":"n6688056138@1","resource":"planet","update_time":"2019-08-06T13:38:14Z","version":"2026-09-09"}],"version":1},"type":"Feature"},{"geometry":{"coordinates":[-86.8843586,35.9168726],"type":"Point"},"id":"4959d225-e046-42fc-a310-f6e6f9bb5e92","properties":{"id":"4959d225-e046-42fc-a310-f6e6f9bb5e92","sources":[{"dataset":"OpenStreetMap","license":"ODbL-1.0","property":"","provider":"osm","record_id":"n6688056141@1","resource":"planet","update_time":"2019-08-06T13:38:14Z","version":"2026-09-09"}],"version":1},"type":"Feature"},{"geometry":{"coordinates":[-86.8843624,35.9167028],"type":"Point"},"id":"36f62751-d67a-4046-9137-9b9f8e687fde","properties":{"id":"36f62751-d67a-4046-9137-9b9f8e687fde","sources":[{"dataset":"OpenStreetMap","license":"ODbL-1.0","property":"","provider":"osm","record_id":"n6688056148@1","resource":"planet","update_time":"2019-08-06T13:38:14Z","version":"2026-09-09"}],"version":1},"type":"Feature"},{"geometry":{"coordinates":[-86.8848505,35.9169072],"type":"Point"},"id":"04bc077f-e557-47ff-b973-8c7f0fff40bb","properties":{"id":"04bc077f-e557-47ff-b973-8c7f0fff40bb","sources":[{"dataset":"OpenStreetMap","license":"ODbL-1.0","property":"","provider":"osm","record_id":"n204117312@3","resource":"planet","update_time":"2015-06-15T13:26:50Z","version":"2026-09-09"}],"version":1},"type":"Feature"},{"geometry":{"coordinates":[-86.8846202,35.9159251],"type":"Point"},"id":"a179b3dc-db1f-4dc1-9cd7-653d31a522ad","properties":{"id":"a179b3dc-db1f-4dc1-9cd7-653d31a522ad","sources":[{"dataset":"OpenStreetMap","license":"ODbL-1.0","property":"","provider":"osm","record_id":"n6688056140@1","resource":"planet","update_time":"2019-08-06T13:38:14Z","version":"2026-09-09"}],"version":1},"type":"Feature"},{"geometry":{"coordinates":[-86.8844452,35.916081],"type":"Point"},"id":"a75a34f0-1195-4120-8295-964f79872b81","properties":{"id":"a75a34f0-1195-4120-8295-964f79872b81","sources":[{"dataset":"OpenStreetMap","license":"ODbL-1.0","property":"","provider":"osm","resource":"planet","version":"2026-09-09"}],"version":2},"type":"Feature"},{"geometry":{"coordinates":[-86.8848132,35.9161492],"type":"Point"},"id":"229078d1-0a50-41f1-8d56-c1e81f5db97b","properties":{"id":"229078d1-0a50-41f1-8d56-c1e81f5db97b","sources":[{"dataset":"OpenStreetMap","license":"ODbL-1.0","property":"","provider":"osm","resource":"planet","version":"2026-09-09"}],"version":2},"type":"Feature"},{"geometry":{"coordinates":[-86.88495,35.916308],"type":"Point"},"id":"367f683a-24fe-4a0d-9e9a-364177583183","properties":{"id":"367f683a-24fe-4a0d-9e9a-364177583183","sources":[{"dataset":"OpenStreetMap","license":"ODbL-1.0","property":"","provider":"osm","record_id":"n6688056145@1","resource":"planet","update_time":"2019-08-06T13:38:14Z","version":"2026-09-09"}],"version":1},"type":"Feature"},{"geometry":{"coordinates":[-86.883306,35.9158996],"type":"Point"},"id":"70763cf5-f10f-45e5-9798-3de58de19ba4","properties":{"id":"70763cf5-f10f-45e5-9798-3de58de19ba4","sources":[{"dataset":"OpenStreetMap","license":"ODbL-1.0","property":"","provider":"osm","record_id":"n6688056152@2","resource":"planet","update_time":"2020-07-07T07:33:46Z","version":"2026-09-09"}],"version":1},"type":"Feature"},{"geometry":{"coordinates":[-86.8831551,35.9159789],"type":"Point"},"id":"e2d4ea44-b8f8-4476-a55c-3868b9b25ebe","properties":{"id":"e2d4ea44-b8f8-4476-a55c-3868b9b25ebe","sources":[{"dataset":"OpenStreetMap","license":"ODbL-1.0","property":"","provider":"osm","record_id":"n6688056151@1","resource":"planet","update_time":"2019-08-06T13:38:14Z","version":"2026-09-09"}],"version":1},"type":"Feature"},{"geometry":{"coordinates":[-86.8839387,35.915522],"type":"Point"},"id":"91efef19-e716-44cf-bc2c-faeb25f7b52e","properties":{"id":"91efef19-e716-44cf-bc2c-faeb25f7b52e","sources":[{"dataset":"OpenStreetMap","license":"ODbL-1.0","property":"","provider":"osm","resource":"planet","version":"2026-09-09"}],"version":1},"type":"Feature"},{"geometry":{"coordinates":[-86.8835861,35.9157337],"type":"Point"},"id":"3d14b80f-f647-44d8-ba02-0f29acd76ac7","properties":{"id":"3d14b80f-f647-44d8-ba02-0f29acd76ac7","sources":[{"dataset":"OpenStreetMap","license":"ODbL-1.0","property":"","provider":"osm","resource":"planet","version":"2026-09-09"}],"version":1},"type":"Feature"},{"geometry":{"coordinates":[-86.8846669,35.9154236],"type":"Point"},"id":"d84d97a6-1e3d-472a-960a-8e6093286a65","properties":{"id":"d84d97a6-1e3d-472a-960a-8e6093286a65","sources":[{"dataset":"OpenStreetMap","license":"ODbL-1.0","property":"","provider":"osm","record_id":"n6688056123@1","resource":"planet","update_time":"2019-08-06T13:38:14Z","version":"2026-09-09"}],"version":1},"type":"Feature"},{"geometry":{"coordinates":[-86.8845152,35.9152637],"type":"Point"},"id":"a163a9ad-e308-4f63-999e-6d0b5a7b4867","properties":{"id":"a163a9ad-e308-4f63-999e-6d0b5a7b4867","sources":[{"dataset":"OpenStreetMap","license":"ODbL-1.0","property":"","provider":"osm","record_id":"n6688056115@1","resource":"planet","update_time":"2019-08-06T13:38:14Z","version":"2026-09-09"}],"version":1},"type":"Feature"},{"geometry":{"coordinates":[-86.8838338,35.9151452],"type":"Point"},"id":"33666ad7-336d-4369-8789-69357f3bc922","properties":{"id":"33666ad7-336d-4369-8789-69357f3bc922","sources":[{"dataset":"OpenStreetMap","license":"ODbL-1.0","property":"","provider":"osm","record_id":"n7937517415@0","resource":"planet","version":"2026-09-09"}],"version":2},"type":"Feature"},{"geometry":{"coordinates":[-86.8836574,35.9151707],"type":"Point"},"id":"162baad9-1c57-4735-9c0a-e29c08680a87","properties":{"id":"162baad9-1c57-4735-9c0a-e29c08680a87","sources":[{"dataset":"OpenStreetMap","license":"ODbL-1.0","property":"","provider":"osm","resource":"planet","version":"2026-09-09"}],"version":2},"type":"Feature"},{"geometry":{"coordinates":[-86.8839665,35.9153037],"type":"Point"},"id":"04522002-fa2c-4060-b6a8-8c5c3151a802","properties":{"id":"04522002-fa2c-4060-b6a8-8c5c3151a802","sources":[{"dataset":"OpenStreetMap","license":"ODbL-1.0","property":"","provider":"osm","record_id":"n7937517416@1","resource":"planet","update_time":"2020-09-24T11:26:23Z","version":"2026-09-09"}],"version":1},"type":"Feature"},{"geometry":{"coordinates":[-86.8838261,35.9153789],"type":"Point"},"id":"902e33fc-d892-480d-8529-7a376d56aabf","properties":{"id":"902e33fc-d892-480d-8529-7a376d56aabf","sources":[{"dataset":"OpenStreetMap","license":"ODbL-1.0","property":"","provider":"osm","record_id":"n6688056150@1","resource":"planet","update_time":"2019-08-06T13:38:14Z","version":"2026-09-09"}],"version":1},"type":"Feature"},{"geometry":{"coordinates":[-86.8832887,35.915366],"type":"Point"},"id":"28b9e532-a1f5-4252-a09f-940bb3150dba","properties":{"id":"28b9e532-a1f5-4252-a09f-940bb3150dba","sources":[{"dataset":"OpenStreetMap","license":"ODbL-1.0","property":"","provider":"osm","record_id":"n6688056156@1","resource":"planet","update_time":"2019-08-06T13:38:14Z","version":"2026-09-09"}],"version":1},"type":"Feature"},{"geometry":{"coordinates":[-86.8831769,35.9154315],"type":"Point"},"id":"9edb6a91-e6d4-4238-b46c-87d8c2a4171d","properties":{"id":"9edb6a91-e6d4-4238-b46c-87d8c2a4171d","sources":[{"dataset":"OpenStreetMap","license":"ODbL-1.0","property":"","provider":"osm","resource":"planet","version":"2026-09-09"}],"version":1},"type":"Feature"},{"geometry":{"coordinates":[-86.8827206,35.9154379],"type":"Point"},"id":"0b75f3a3-74b7-4b0a-9d9c-0c737f11e85b","properties":{"id":"0b75f3a3-74b7-4b0a-9d9c-0c737f11e85b","sources":[{"dataset":"OpenStreetMap","license":"ODbL-1.0","property":"","provider":"osm","record_id":"n6688056136@3","resource":"planet","update_time":"2023-06-29T10:25:05Z","version":"2026-09-09"}],"version":1},"type":"Feature"},{"geometry":{"coordinates":[-86.8829606,35.915313],"type":"Point"},"id":"4166195d-6a6a-4e02-88ad-2152ec6a3d45","properties":{"id":"4166195d-6a6a-4e02-88ad-2152ec6a3d45","sources":[{"dataset":"OpenStreetMap","license":"ODbL-1.0","property":"","provider":"osm","record_id":"n6995739344@2","resource":"planet","update_time":"2023-06-29T10:25:05Z","version":"2026-09-09"}],"version":1},"type":"Feature"},{"geometry":{"coordinates":[-86.8831404,35.915212],"type":"Point"},"id":"b34e8ba7-ca1a-4044-90bc-331c737d2502","properties":{"id":"b34e8ba7-ca1a-4044-90bc-331c737d2502","sources":[{"dataset":"OpenStreetMap","license":"ODbL-1.0","property":"","provider":"osm","record_id":"n6688056135@3","resource":"planet","update_time":"2023-06-29T10:25:05Z","version":"2026-09-09"}],"version":1},"type":"Feature"},{"geometry":{"coordinates":[-86.8833201,35.9151251],"type":"Point"},"id":"d53168aa-6f8b-4d14-8f35-d5e72906729a","properties":{"id":"d53168aa-6f8b-4d14-8f35-d5e72906729a","sources":[{"dataset":"OpenStreetMap","license":"ODbL-1.0","property":"","provider":"osm","record_id":"n6995739349@2","resource":"planet","update_time":"2023-06-29T10:25:05Z","version":"2026-09-09"}],"version":1},"type":"Feature"},{"geometry":{"coordinates":[-86.8822981,35.9156746],"type":"Point"},"id":"83d99cf1-a3b9-4805-a201-a4f5c5f81457","properties":{"id":"83d99cf1-a3b9-4805-a201-a4f5c5f81457","sources":[{"dataset":"OpenStreetMap","license":"ODbL-1.0","property":"","provider":"osm","record_id":"n6995739362@2","resource":"planet","update_time":"2023-06-29T10:25:05Z","version":"2026-09-09"}],"version":1},"type":"Feature"},{"geometry":{"coordinates":[-86.8807566,35.9158074],"type":"Point"},"id":"9835b08a-7032-42c6-9fa6-9df854c45917","properties":{"id":"9835b08a-7032-42c6-9fa6-9df854c45917","sources":[{"dataset":"OpenStreetMap","license":"ODbL-1.0","property":"","provider":"osm","record_id":"n7860186528@2","resource":"planet","update_time":"2024-04-10T04:28:02Z","version":"2026-09-09"}],"version":1},"type":"Feature"},{"geometry":{"coordinates":[-86.880565,35.9152724],"type":"Point"},"id":"589334d9-7c74-46dd-b6cb-4c69ecd82bea","properties":{"id":"589334d9-7c74-46dd-b6cb-4c69ecd82bea","sources":[{"dataset":"OpenStreetMap","license":"ODbL-1.0","property":"","provider":"osm","record_id":"n7860186524@1","resource":"planet","update_time":"2020-08-31T05:30:54Z","version":"2026-09-09"}],"version":1},"type":"Feature"},{"geometry":{"coordinates":[-86.8790339,35.9156316],"type":"Point"},"id":"551413f2-ea88-41a4-a4ee-8e6a8e1b04bd","properties":{"id":"551413f2-ea88-41a4-a4ee-8e6a8e1b04bd","sources":[{"dataset":"OpenStreetMap","license":"ODbL-1.0","property":"","provider":"osm","record_id":"n204110018@3","resource":"planet","update_time":"2013-09-26T22:06:47Z","version":"2026-09-09"}],"version":1},"type":"Feature"},{"geometry":{"coordinates":[-86.877847,35.9161946],"type":"Point"},"id":"c91a7ca5-9538-4282-9029-08797a4b6062","properties":{"id":"c91a7ca5-9538-4282-9029-08797a4b6062","sources":[{"dataset":"OpenStreetMap","license":"ODbL-1.0","property":"","provider":"osm","record_id":"n204125403@3","resource":"planet","update_time":"2013-09-26T22:06:47Z","version":"2026-09-09"}],"version":1},"type":"Feature"},{"geometry":{"coordinates":[-86.877966,35.9162963],"type":"Point"},"id":"2354b93b-e015-46d9-a7fd-1bd042cb8d14","properties":{"id":"2354b93b-e015-46d9-a7fd-1bd042cb8d14","sources":[{"dataset":"OpenStreetMap","license":"ODbL-1.0","property":"","provider":"osm","record_id":"n6694723798@1","resource":"planet","update_time":"2019-08-08T12:13:36Z","version":"2026-09-09"}],"version":1},"type":"Feature"},{"geometry":{"coordinates":[-86.8776924,35.9164493],"type":"Point"},"id":"0bd840c3-6a4c-41d8-b6fc-76131f0f6631","properties":{"id":"0bd840c3-6a4c-41d8-b6fc-76131f0f6631","sources":[{"dataset":"OpenStreetMap","license":"ODbL-1.0","property":"","provider":"osm","record_id":"n11921688704@1","resource":"planet","update_time":"2024-05-21T08:32:48Z","version":"2026-09-09"}],"version":1},"type":"Feature"},{"geometry":{"coordinates":[-86.8794546,35.9162734],"type":"Point"},"id":"4c01e651-20ed-4e86-b6e1-bbf795355b0d","properties":{"id":"4c01e651-20ed-4e86-b6e1-bbf795355b0d","sources":[{"dataset":"OpenStreetMap","license":"ODbL-1.0","property":"","provider":"osm","record_id":"n6691257719@1","resource":"planet","update_time":"2019-08-07T14:46:19Z","version":"2026-09-09"}],"version":1},"type":"Feature"},{"geometry":{"coordinates":[-86.8795144,35.9163646],"type":"Point"},"id":"8f2aa1f7-a608-4bad-8e33-19e7e3389afc","properties":{"id":"8f2aa1f7-a608-4bad-8e33-19e7e3389afc","sources":[{"dataset":"OpenStreetMap","license":"ODbL-1.0","property":"","provider":"osm","record_id":"n6691257713@1","resource":"planet","update_time":"2019-08-07T14:46:19Z","version":"2026-09-09"}],"version":1},"type":"Feature"},{"geometry":{"coordinates":[-86.8801898,35.9165422],"type":"Point"},"id":"c83f654b-92c3-485b-b356-40f165a0e3e5","properties":{"id":"c83f654b-92c3-485b-b356-40f165a0e3e5","sources":[{"dataset":"OpenStreetMap","license":"ODbL-1.0","property":"","provider":"osm","record_id":"n6691257722@1","resource":"planet","update_time":"2019-08-07T14:46:19Z","version":"2026-09-09"}],"version":1},"type":"Feature"},{"geometry":{"coordinates":[-86.8804457,35.9164409],"type":"Point"},"id":"42601f3c-295b-421c-8dc4-7dee223e546f","properties":{"id":"42601f3c-295b-421c-8dc4-7dee223e546f","sources":[{"dataset":"OpenStreetMap","license":"ODbL-1.0","property":"","provider":"osm","record_id":"n204095235@4","resource":"planet","update_time":"2013-09-26T22:06:46Z","version":"2026-09-09"}],"version":1},"type":"Feature"},{"geometry":{"coordinates":[-86.880585,35.9161915],"type":"Point"},"id":"256f0d21-86a8-475f-9666-6bb712676a90","properties":{"id":"256f0d21-86a8-475f-9666-6bb712676a90","sources":[{"dataset":"OpenStreetMap","license":"ODbL-1.0","property":"","provider":"osm","resource":"planet","version":"2026-09-09"}],"version":2},"type":"Feature"},{"geometry":{"coordinates":[-86.880342,35.9162586],"type":"Point"},"id":"95c1b830-2331-418e-a95f-1fcc95d6d853","properties":{"id":"95c1b830-2331-418e-a95f-1fcc95d6d853","sources":[{"dataset":"OpenStreetMap","license":"ODbL-1.0","property":"","provider":"osm","record_id":"n204095232@0","resource":"planet","version":"2026-09-09"}],"version":2},"type":"Feature"},{"geometry":{"coordinates":[-86.881527,35.9160874],"type":"Point"},"id":"1db10d26-7ed9-415c-ba13-42348133f643","properties":{"id":"1db10d26-7ed9-415c-ba13-42348133f643","sources":[{"dataset":"OpenStreetMap","license":"ODbL-1.0","property":"","provider":"osm","record_id":"n2472815221@2","resource":"planet","update_time":"2023-06-29T10:25:05Z","version":"2026-09-09"}],"version":1},"type":"Feature"},{"geometry":{"coordinates":[-86.8819669,35.9159733],"type":"Point"},"id":"f886e124-1206-435a-b5d9-a53602baf597","properties":{"id":"f886e124-1206-435a-b5d9-a53602baf597","sources":[{"dataset":"OpenStreetMap","license":"ODbL-1.0","property":"","provider":"osm","record_id":"n204101671@4","resource":"planet","update_time":"2023-06-29T10:25:05Z","version":"2026-09-09"}],"version":1},"type":"Feature"},{"geometry":{"coordinates":[-86.8818744,35.9162492],"type":"Point"},"id":"91fabdf3-3e37-43b5-91de-50fbe6b5ff5e","properties":{"id":"91fabdf3-3e37-43b5-91de-50fbe6b5ff5e","sources":[{"dataset":"OpenStreetMap","license":"ODbL-1.0","property":"","provider":"osm","record_id":"n204128785@3","resource":"planet","update_time":"2023-06-29T10:25:05Z","version":"2026-09-09"}],"version":1},"type":"Feature"},{"geometry":{"coordinates":[-86.8824267,35.916655],"type":"Point"},"id":"4d60001b-3e49-4c08-8da0-df036c6282bd","properties":{"id":"4d60001b-3e49-4c08-8da0-df036c6282bd","sources":[{"dataset":"OpenStreetMap","license":"ODbL-1.0","property":"","provider":"osm","record_id":"n7937579343@1","resource":"planet","update_time":"2020-09-24T11:47:23Z","version":"2026-09-09"}],"version":1},"type":"Feature"},{"geometry":{"coordinates":[-86.8817899,35.9166044],"type":"Point"},"id":"1a075715-e36d-4a04-8810-d3cc3acbd86f","properties":{"id":"1a075715-e36d-4a04-8810-d3cc3acbd86f","sources":[{"dataset":"OpenStreetMap","license":"ODbL-1.0","property":"","provider":"osm","record_id":"n204117307@4","resource":"planet","update_time":"2023-06-29T10:25:05Z","version":"2026-09-09"}],"version":1},"type":"Feature"},{"geometry":{"coordinates":[-86.879746,35.916718],"type":"Point"},"id":"62cf1ced-36be-43ec-8b21-f8e9b188abe9","properties":{"id":"62cf1ced-36be-43ec-8b21-f8e9b188abe9","sources":[{"dataset":"OpenStreetMap","license":"ODbL-1.0","property":"","provider":"osm","record_id":"n204101683@3","resource":"planet","update_time":"2013-09-26T22:06:46Z","version":"2026-09-09"}],"version":1},"type":"Feature"},{"geometry":{"coordinates":[-86.8796723,35.9167493],"type":"Point"},"id":"40eeae0d-caba-479d-852a-3a8e2d986b8f","properties":{"id":"40eeae0d-caba-479d-852a-3a8e2d986b8f","sources":[{"dataset":"OpenStreetMap","license":"ODbL-1.0","property":"","provider":"osm","record_id":"n7281728306@1","resource":"planet","update_time":"2020-03-10T07:15:47Z","version":"2026-09-09"}],"version":1},"type":"Feature"},{"geometry":{"coordinates":[-86.8804691,35.9170237],"type":"Point"},"id":"0b2ee4a0-67d7-4c79-bf7b-17d3c40ad5fd","properties":{"id":"0b2ee4a0-67d7-4c79-bf7b-17d3c40ad5fd","sources":[{"dataset":"OpenStreetMap","license":"ODbL-1.0","property":"","provider":"osm","record_id":"n6691257724@1","resource":"planet","update_time":"2019-08-07T14:46:19Z","version":"2026-09-09"}],"version":1},"type":"Feature"},{"geometry":{"coordinates":[-86.8823261,35.9171471],"type":"Point"},"id":"d0137ef2-7f6b-4a90-a8e0-e2f0bbe4ba3a","properties":{"id":"d0137ef2-7f6b-4a90-a8e0-e2f0bbe4ba3a","sources":[{"dataset":"OpenStreetMap","license":"ODbL-1.0","property":"","provider":"osm","record_id":"n7937579342@1","resource":"planet","update_time":"2020-09-24T11:47:23Z","version":"2026-09-09"}],"version":1},"type":"Feature"},{"geometry":{"coordinates":[-86.8815356,35.9177937],"type":"Point"},"id":"202a5cff-1d19-45da-b0f4-7d5dc666b904","properties":{"id":"202a5cff-1d19-45da-b0f4-7d5dc666b904","sources":[{"dataset":"OpenStreetMap","license":"ODbL-1.0","property":"","provider":"osm","record_id":"n204128793@3","resource":"planet","update_time":"2009-10-16T12:37:53Z","version":"2026-09-09"}],"version":1},"type":"Feature"},{"geometry":{"coordinates":[-86.8800422,35.9175444],"type":"Point"},"id":"219c941c-5729-405e-9ce9-b15c53176fc1","properties":{"id":"219c941c-5729-405e-9ce9-b15c53176fc1","sources":[{"dataset":"OpenStreetMap","license":"ODbL-1.0","property":"","provider":"osm","record_id":"n3637950156@1","resource":"planet","update_time":"2015-07-06T21:23:40Z","version":"2026-09-09"}],"version":1},"type":"Feature"},{"geometry":{"coordinates":[-86.8794528,35.9178735],"type":"Point"},"id":"095a23d1-56c8-427d-82cf-82af4bda6ad0","properties":{"id":"095a23d1-56c8-427d-82cf-82af4bda6ad0","sources":[{"dataset":"OpenStreetMap","license":"ODbL-1.0","property":"","provider":"osm","record_id":"n204147933@4","resource":"planet","update_time":"2015-07-06T21:23:40Z","version":"2026-09-09"}],"version":1},"type":"Feature"},{"geometry":{"coordinates":[-86.8780078,35.9177911],"type":"Point"},"id":"a08e44d6-9bd9-4b1e-b675-44d418ba7064","properties":{"id":"a08e44d6-9bd9-4b1e-b675-44d418ba7064","sources":[{"dataset":"OpenStreetMap","license":"ODbL-1.0","property":"","provider":"osm","record_id":"n204101695@3","resource":"planet","update_time":"2009-11-10T01:59:38Z","version":"2026-09-09"}],"version":1},"type":"Feature"},{"geometry":{"coordinates":[-86.8768884,35.9175016],"type":"Point"},"id":"fc1c9950-ca4a-4eb9-9d4c-a2ed6dd5fbd4","properties":{"id":"fc1c9950-ca4a-4eb9-9d4c-a2ed6dd5fbd4","sources":[{"dataset":"OpenStreetMap","license":"ODbL-1.0","property":"","provider":"osm","record_id":"n6694723805@1","resource":"planet","update_time":"2019-08-08T12:13:36Z","version":"2026-09-09"}],"version":1},"type":"Feature"},{"geometry":{"coordinates":[-86.8789047,35.9171259],"type":"Point"},"id":"a5bf5f13-5963-41c8-b0b2-1c6e2b68d907","properties":{"id":"a5bf5f13-5963-41c8-b0b2-1c6e2b68d907","sources":[{"dataset":"OpenStreetMap","license":"ODbL-1.0","property":"","provider":"osm","record_id":"n204101688@3","resource":"planet","update_time":"2013-09-26T22:06:46Z","version":"2026-09-09"}],"version":1},"type":"Feature"},{"geometry":{"coordinates":[-86.8784976,35.9168545],"type":"Point"},"id":"e5cbb2f5-9d7c-4403-a952-1079a9651140","properties":{"id":"e5cbb2f5-9d7c-4403-a952-1079a9651140","sources":[{"dataset":"OpenStreetMap","license":"ODbL-1.0","property":"","provider":"osm","record_id":"n6694723796@1","resource":"planet","update_time":"2019-08-08T12:13:36Z","version":"2026-09-09"}],"version":1},"type":"Feature"},{"geometry":{"coordinates":[-86.8795046,35.9168204],"type":"Point"},"id":"9153d836-3760-44e3-a357-dce14e3d8837","properties":{"id":"9153d836-3760-44e3-a357-dce14e3d8837","sources":[{"dataset":"OpenStreetMap","license":"ODbL-1.0","property":"","provider":"osm","record_id":"n7281728311@1","resource":"planet","update_time":"2020-03-10T07:15:47Z","version":"2026-09-09"}],"version":1},"type":"Feature"},{"geometry":{"coordinates":[-86.8778187,35.9166074],"type":"Point"},"id":"28398521-b93e-42b5-8631-c5df800a178b","properties":{"id":"28398521-b93e-42b5-8631-c5df800a178b","sources":[{"dataset":"OpenStreetMap","license":"ODbL-1.0","property":"","provider":"osm","record_id":"n11921688706@1","resource":"planet","update_time":"2024-05-21T08:32:48Z","version":"2026-09-09"}],"version":1},"type":"Feature"},{"geometry":{"coordinates":[-86.8773271,35.9166535],"type":"Point"},"id":"a85aaa9c-575e-4899-9298-f7d386a36f0c","properties":{"id":"a85aaa9c-575e-4899-9298-f7d386a36f0c","sources":[{"dataset":"OpenStreetMap","license":"ODbL-1.0","property":"","provider":"osm","record_id":"n11921688701@1","resource":"planet","update_time":"2024-05-21T08:32:48Z","version":"2026-09-09"}],"version":1},"type":"Feature"},{"geometry":{"coordinates":[-86.8774386,35.9167979],"type":"Point"},"id":"6f25e55b-dea0-455c-8344-9b4dc939811b","properties":{"id":"6f25e55b-dea0-455c-8344-9b4dc939811b","sources":[{"dataset":"OpenStreetMap","license":"ODbL-1.0","property":"","provider":"osm","record_id":"n11921688705@1","resource":"planet","update_time":"2024-05-21T08:32:48Z","version":"2026-09-09"}],"version":1},"type":"Feature"},{"geometry":{"coordinates":[-86.8772301,35.9167077],"type":"Point"},"id":"06676d89-37c0-4784-81b1-bb75bd9c1ec9","properties":{"id":"06676d89-37c0-4784-81b1-bb75bd9c1ec9","sources":[{"dataset":"OpenStreetMap","license":"ODbL-1.0","property":"","provider":"osm","record_id":"n6694723797@1","resource":"planet","update_time":"2019-08-08T12:13:36Z","version":"2026-09-09"}],"version":1},"type":"Feature"},{"geometry":{"coordinates":[-86.8771355,35.9165759],"type":"Point"},"id":"0b798fcb-5d29-491b-9c49-db75bca14a12","properties":{"id":"0b798fcb-5d29-491b-9c49-db75bca14a12","sources":[{"dataset":"OpenStreetMap","license":"ODbL-1.0","property":"","provider":"osm","record_id":"n204125401@4","resource":"planet","update_time":"2013-09-26T22:06:47Z","version":"2026-09-09"}],"version":1},"type":"Feature"},{"geometry":{"coordinates":[-86.8763355,35.9171555],"type":"Point"},"id":"4de1d54d-d619-4447-9152-d390d24e5726","properties":{"id":"4de1d54d-d619-4447-9152-d390d24e5726","sources":[{"dataset":"OpenStreetMap","license":"ODbL-1.0","property":"","provider":"osm","record_id":"n7936227538@1","resource":"planet","update_time":"2020-09-24T04:10:49Z","version":"2026-09-09"}],"version":1},"type":"Feature"},{"geometry":{"coordinates":[-86.876093,35.9177151],"type":"Point"},"id":"ba22beca-2a81-424c-8105-599d34c0d040","properties":{"id":"ba22beca-2a81-424c-8105-599d34c0d040","sources":[{"dataset":"OpenStreetMap","license":"ODbL-1.0","property":"","provider":"osm","record_id":"n6694723802@1","resource":"planet","update_time":"2019-08-08T12:13:36Z","version":"2026-09-09"}],"version":1},"type":"Feature"},{"geometry":{"coordinates":[-86.8762237,35.9178353],"type":"Point"},"id":"a8679eae-54ed-401f-b60d-ee2a50486824","properties":{"id":"a8679eae-54ed-401f-b60d-ee2a50486824","sources":[{"dataset":"OpenStreetMap","license":"ODbL-1.0","property":"","provider":"osm","record_id":"n6694723806@1","resource":"planet","update_time":"2019-08-08T12:13:36Z","version":"2026-09-09"}],"version":1},"type":"Feature"},{"geometry":{"coordinates":[-86.8751531,35.9178659],"type":"Point"},"id":"471fe47e-5778-40f7-8f2b-d9dd7ce3660e","properties":{"id":"471fe47e-5778-40f7-8f2b-d9dd7ce3660e","sources":[{"dataset":"OpenStreetMap","license":"ODbL-1.0","property":"","provider":"osm","record_id":"n7672332372@1","resource":"planet","update_time":"2020-07-01T03:27:30Z","version":"2026-09-09"}],"version":1},"type":"Feature"},{"geometry":{"coordinates":[-86.8749245,35.917927],"type":"Point"},"id":"9cebfb66-cd42-40dc-8c2d-b05e25bd0e74","properties":{"id":"9cebfb66-cd42-40dc-8c2d-b05e25bd0e74","sources":[{"dataset":"OpenStreetMap","license":"ODbL-1.0","property":"","provider":"osm","record_id":"n7672332361@1","resource":"planet","update_time":"2020-07-01T03:27:30Z","version":"2026-09-09"}],"version":1},"type":"Feature"},{"geometry":{"coordinates":[-86.873153,35.9173113],"type":"Point"},"id":"dc060a3e-fb2f-4ade-8f4a-82edbb190b02","properties":{"id":"dc060a3e-fb2f-4ade-8f4a-82edbb190b02","sources":[{"dataset":"OpenStreetMap","license":"ODbL-1.0","property":"","provider":"osm","resource":"planet","version":"2026-09-09"}],"version":1},"type":"Feature"},{"geometry":{"coordinates":[-86.8726815,35.9174217],"type":"Point"},"id":"3e1b272f-b25c-4659-8ba4-87e4f2c6bf30","properties":{"id":"3e1b272f-b25c-4659-8ba4-87e4f2c6bf30","sources":[{"dataset":"OpenStreetMap","license":"ODbL-1.0","property":"","provider":"osm","resource":"planet","version":"2026-09-09"}],"version":1},"type":"Feature"},{"geometry":{"coordinates":[-86.8719935,35.9173306],"type":"Point"},"id":"10ffbbdd-5465-4df6-bb2f-fbce2fa26a59","properties":{"id":"10ffbbdd-5465-4df6-bb2f-fbce2fa26a59","sources":[{"dataset":"OpenStreetMap","license":"ODbL-1.0","property":"","provider":"osm","record_id":"n6694723794@1","resource":"planet","update_time":"2019-08-08T12:13:36Z","version":"2026-09-09"}],"version":1},"type":"Feature"},{"geometry":{"coordinates":[-86.8721263,35.91758],"type":"Point"},"id":"c67c6432-0344-4b9f-a68f-5d2297dcac67","properties":{"id":"c67c6432-0344-4b9f-a68f-5d2297dcac67","sources":[{"dataset":"OpenStreetMap","license":"ODbL-1.0","property":"","provider":"osm","resource":"planet","version":"2026-09-09"}],"version":2},"type":"Feature"},{"geometry":{"coordinates":[-86.8722704,35.9176029],"type":"Point"},"id":"ecdae55b-4d26-4690-80fa-2959cddec402","properties":{"id":"ecdae55b-4d26-4690-80fa-2959cddec402","sources":[{"dataset":"OpenStreetMap","license":"ODbL-1.0","property":"","provider":"osm","record_id":"n7018840504@1","resource":"planet","update_time":"2019-11-29T08:25:15Z","version":"2026-09-09"}],"version":1},"type":"Feature"},{"geometry":{"coordinates":[-86.8728835,35.9175962],"type":"Point"},"id":"778e7d77-ea54-4116-a6c2-f5de5f828590","properties":{"id":"778e7d77-ea54-4116-a6c2-f5de5f828590","sources":[{"dataset":"OpenStreetMap","license":"ODbL-1.0","property":"","provider":"osm","resource":"planet","version":"2026-09-09"}],"version":2},"type":"Feature"},{"geometry":{"coordinates":[-86.8731148,35.917479],"type":"Point"},"id":"800b2d65-11c4-4b25-b625-0a2892388274","properties":{"id":"800b2d65-11c4-4b25-b625-0a2892388274","sources":[{"dataset":"OpenStreetMap","license":"ODbL-1.0","property":"","provider":"osm","record_id":"n6694723793@1","resource":"planet","update_time":"2019-08-08T12:13:36Z","version":"2026-09-09"}],"version":1},"type":"Feature"},{"geometry":{"coordinates":[-86.8730831,35.9176247],"type":"Point"},"id":"a5db18ab-87c8-421c-9960-aa755a8d5014","properties":{"id":"a5db18ab-87c8-421c-9960-aa755a8d5014","sources":[{"dataset":"OpenStreetMap","license":"ODbL-1.0","property":"","provider":"osm","resource":"planet","version":"2026-09-09"}],"version":2},"type":"Feature"},{"geometry":{"coordinates":[-86.8713256,35.9177278],"type":"Point"},"id":"6c46b4b7-332c-4837-a7a2-c2327d072cb2","properties":{"id":"6c46b4b7-332c-4837-a7a2-c2327d072cb2","sources":[{"dataset":"OpenStreetMap","license":"ODbL-1.0","property":"","provider":"osm","record_id":"n13750420510@1","resource":"planet","update_time":"2026-04-21T20:03:46Z","version":"2026-09-09"}],"version":1},"type":"Feature"},{"geometry":{"coordinates":[-86.8713278,35.9177031],"type":"Point"},"id":"be261cae-61f2-4b3e-a3d6-d8c2422185a9","properties":{"id":"be261cae-61f2-4b3e-a3d6-d8c2422185a9","sources":[{"dataset":"OpenStreetMap","license":"ODbL-1.0","property":"","provider":"osm","record_id":"n13750420851@1","resource":"planet","update_time":"2026-04-21T20:03:46Z","version":"2026-09-09"}],"version":1},"type":"Feature"},{"geometry":{"coordinates":[-86.8715762,35.9177264],"type":"Point"},"id":"8613446c-1925-40b7-90c7-d9f1ec39624c","properties":{"id":"8613446c-1925-40b7-90c7-d9f1ec39624c","sources":[{"dataset":"OpenStreetMap","license":"ODbL-1.0","property":"","provider":"osm","record_id":"n13750420850@1","resource":"planet","update_time":"2026-04-21T20:03:46Z","version":"2026-09-09"}],"version":1},"type":"Feature"},{"geometry":{"coordinates":[-86.8713086,35.917925],"type":"Point"},"id":"2939bcad-60f0-45d9-9c78-3c1dc9eb1cc8","properties":{"id":"2939bcad-60f0-45d9-9c78-3c1dc9eb1cc8","sources":[{"dataset":"OpenStreetMap","license":"ODbL-1.0","property":"","provider":"osm","record_id":"n204137208@3","resource":"planet","update_time":"2010-11-20T17:25:49Z","version":"2026-09-09"}],"version":1},"type":"Feature"},{"geometry":{"coordinates":[-86.8709324,35.9178079],"type":"Point"},"id":"bca9373d-2730-48d5-88f8-bda26a8e6218","properties":{"id":"bca9373d-2730-48d5-88f8-bda26a8e6218","sources":[{"dataset":"OpenStreetMap","license":"ODbL-1.0","property":"","provider":"osm","record_id":"n13750356591@1","resource":"planet","update_time":"2026-04-21T20:03:46Z","version":"2026-09-09"}],"version":1},"type":"Feature"},{"geometry":{"coordinates":[-86.8709179,35.9178812],"type":"Point"},"id":"47c4579c-8607-4b86-8cc8-7c45537a04dd","properties":{"id":"47c4579c-8607-4b86-8cc8-7c45537a04dd","sources":[{"dataset":"OpenStreetMap","license":"ODbL-1.0","property":"","provider":"osm","record_id":"n13750356592@1","resource":"planet","update_time":"2026-04-21T20:03:46Z","version":"2026-09-09"}],"version":1},"type":"Feature"},{"geometry":{"coordinates":[-86.8709148,35.917697],"type":"Point"},"id":"2ef1e7bd-ca70-4991-b09a-be59e5b35f14","properties":{"id":"2ef1e7bd-ca70-4991-b09a-be59e5b35f14","sources":[{"dataset":"OpenStreetMap","license":"ODbL-1.0","property":"","provider":"osm","record_id":"n13750420508@1","resource":"planet","update_time":"2026-04-21T20:03:46Z","version":"2026-09-09"}],"version":1},"type":"Feature"},{"geometry":{"coordinates":[-86.8703548,35.9174563],"type":"Point"},"id":"18f26c7b-d1f1-4de9-b2fc-a7e5dd42c73e","properties":{"id":"18f26c7b-d1f1-4de9-b2fc-a7e5dd42c73e","sources":[{"dataset":"OpenStreetMap","license":"ODbL-1.0","property":"","provider":"osm","record_id":"n13750420539@1","resource":"planet","update_time":"2026-04-21T20:03:46Z","version":"2026-09-09"}],"version":1},"type":"Feature"},{"geometry":{"coordinates":[-86.8709557,35.9175696],"type":"Point"},"id":"6e88ab48-06be-483a-8d46-aff54520043a","properties":{"id":"6e88ab48-06be-483a-8d46-aff54520043a","sources":[{"dataset":"OpenStreetMap","license":"ODbL-1.0","property":"","provider":"osm","record_id":"n13750420505@1","resource":"planet","update_time":"2026-04-21T20:03:46Z","version":"2026-09-09"}],"version":1},"type":"Feature"},{"geometry":{"coordinates":[-86.8713395,35.9175671],"type":"Point"},"id":"a1d30940-1321-4fd7-b419-b8b63e377f5c","properties":{"id":"a1d30940-1321-4fd7-b419-b8b63e377f5c","sources":[{"dataset":"OpenStreetMap","license":"ODbL-1.0","property":"","provider":"osm","record_id":"n13750420507@1","resource":"planet","update_time":"2026-04-21T20:03:46Z","version":"2026-09-09"}],"version":1},"type":"Feature"},{"geometry":{"coordinates":[-86.8713427,35.9175307],"type":"Point"},"id":"87a39bd8-5d1f-42c2-b494-e39afa5070c8","properties":{"id":"87a39bd8-5d1f-42c2-b494-e39afa5070c8","sources":[{"dataset":"OpenStreetMap","license":"ODbL-1.0","property":"","provider":"osm","record_id":"n13750420837@1","resource":"planet","update_time":"2026-04-21T20:03:46Z","version":"2026-09-09"}],"version":1},"type":"Feature"},{"geometry":{"coordinates":[-86.8716522,35.9175667],"type":"Point"},"id":"1f0b1f9f-66f6-49a9-b2e0-611800124953","properties":{"id":"1f0b1f9f-66f6-49a9-b2e0-611800124953","sources":[{"dataset":"OpenStreetMap","license":"ODbL-1.0","property":"","provider":"osm","record_id":"n13750420836@1","resource":"planet","update_time":"2026-04-21T20:03:46Z","version":"2026-09-09"}],"version":1},"type":"Feature"},{"geometry":{"coordinates":[-86.8713567,35.9173689],"type":"Point"},"id":"043ee706-cb37-440d-a4f0-48f1aa077b94","properties":{"id":"043ee706-cb37-440d-a4f0-48f1aa077b94","sources":[{"dataset":"OpenStreetMap","license":"ODbL-1.0","property":"","provider":"osm","record_id":"n13750420817@1","resource":"planet","update_time":"2026-04-21T20:03:46Z","version":"2026-09-09"}],"version":1},"type":"Feature"},{"geometry":{"coordinates":[-86.8717231,35.9174085],"type":"Point"},"id":"0129165e-7ba9-4ec5-bd37-601a4c8b6852","properties":{"id":"0129165e-7ba9-4ec5-bd37-601a4c8b6852","sources":[{"dataset":"OpenStreetMap","license":"ODbL-1.0","property":"","provider":"osm","record_id":"n13750420816@1","resource":"planet","update_time":"2026-04-21T20:03:46Z","version":"2026-09-09"}],"version":1},"type":"Feature"},{"geometry":{"coordinates":[-86.8710505,35.9171572],"type":"Point"},"id":"4b149eb2-b440-4728-8cfa-53a25a89eedb","properties":{"id":"4b149eb2-b440-4728-8cfa-53a25a89eedb","sources":[{"dataset":"OpenStreetMap","license":"ODbL-1.0","property":"","provider":"osm","record_id":"n13750420531@1","resource":"planet","update_time":"2026-04-21T20:03:46Z","version":"2026-09-09"}],"version":1},"type":"Feature"},{"geometry":{"coordinates":[-86.871021,35.9170312],"type":"Point"},"id":"6643eb74-4779-477c-b26d-41d61521318b","properties":{"id":"6643eb74-4779-477c-b26d-41d61521318b","sources":[{"dataset":"OpenStreetMap","license":"ODbL-1.0","property":"","provider":"osm","record_id":"n13750420532@1","resource":"planet","update_time":"2026-04-21T20:03:46Z","version":"2026-09-09"}],"version":1},"type":"Feature"},{"geometry":{"coordinates":[-86.8708456,35.9170192],"type":"Point"},"id":"9a2ccd72-f563-437a-aacd-125db4d65d10","properties":{"id":"9a2ccd72-f563-437a-aacd-125db4d65d10","sources":[{"dataset":"OpenStreetMap","license":"ODbL-1.0","property":"","provider":"osm","record_id":"n13750420573@1","resource":"planet","update_time":"2026-04-21T20:03:46Z","version":"2026-09-09"}],"version":1},"type":"Feature"},{"geometry":{"coordinates":[-86.871387,35.917045],"type":"Point"},"id":"61b12ab5-567c-436c-a57c-0fe086307390","properties":{"id":"61b12ab5-567c-436c-a57c-0fe086307390","sources":[{"dataset":"OpenStreetMap","license":"ODbL-1.0","property":"","provider":"osm","record_id":"n13750420793@1","resource":"planet","update_time":"2026-04-21T20:03:46Z","version":"2026-09-09"}],"version":1},"type":"Feature"},{"geometry":{"coordinates":[-86.8713837,35.9170561],"type":"Point"},"id":"e61439ea-89a0-467f-8a46-3d973b6ca1fd","properties":{"id":"e61439ea-89a0-467f-8a46-3d973b6ca1fd","sources":[{"dataset":"OpenStreetMap","license":"ODbL-1.0","property":"","provider":"osm","record_id":"n205518347@3","resource":"planet","update_time":"2010-11-20T17:25:45Z","version":"2026-09-09"}],"version":1},"type":"Feature"},{"geometry":{"coordinates":[-86.8716868,35.9170757],"type":"Point"},"id":"2bb7efd6-51f6-4982-a54b-ebd88925e9c9","properties":{"id":"2bb7efd6-51f6-4982-a54b-ebd88925e9c9","sources":[{"dataset":"OpenStreetMap","license":"ODbL-1.0","property":"","provider":"osm","record_id":"n13750420792@1","resource":"planet","update_time":"2026-04-21T20:03:46Z","version":"2026-09-09"}],"version":1},"type":"Feature"},{"geometry":{"coordinates":[-86.8717087,35.9171184],"type":"Point"},"id":"a3461d69-3ef0-4a66-ae7d-39a9d6d0af27","properties":{"id":"a3461d69-3ef0-4a66-ae7d-39a9d6d0af27","sources":[{"dataset":"OpenStreetMap","license":"ODbL-1.0","property":"","provider":"osm","record_id":"n13750420804@1","resource":"planet","update_time":"2026-04-21T20:03:46Z","version":"2026-09-09"}],"version":1},"type":"Feature"},{"geometry":{"coordinates":[-86.8713812,35.9170852],"type":"Point"},"id":"5771aed2-eb2b-46db-8f36-bf5e89c3300e","properties":{"id":"5771aed2-eb2b-46db-8f36-bf5e89c3300e","sources":[{"dataset":"OpenStreetMap","license":"ODbL-1.0","property":"","provider":"osm","record_id":"n13750420805@1","resource":"planet","update_time":"2026-04-21T20:03:46Z","version":"2026-09-09"}],"version":1},"type":"Feature"},{"geometry":{"coordinates":[-86.8718785,35.9165778],"type":"Point"},"id":"c9950722-8e16-4259-b862-4360c8ec82de","properties":{"id":"c9950722-8e16-4259-b862-4360c8ec82de","sources":[{"dataset":"OpenStreetMap","license":"ODbL-1.0","property":"","provider":"osm","record_id":"n13750420779@1","resource":"planet","update_time":"2026-04-21T20:03:46Z","version":"2026-09-09"}],"version":1},"type":"Feature"},{"geometry":{"coordinates":[-86.8715214,35.9165956],"type":"Point"},"id":"9acfcc5e-29d4-4233-86d4-b847827fa253","properties":{"id":"9acfcc5e-29d4-4233-86d4-b847827fa253","sources":[{"dataset":"OpenStreetMap","license":"ODbL-1.0","property":"","provider":"osm","record_id":"n13750420709@1","resource":"planet","update_time":"2026-04-21T20:03:46Z","version":"2026-09-09"}],"version":1},"type":"Feature"},{"geometry":{"coordinates":[-86.8707838,35.9167269],"type":"Point"},"id":"b65838e7-6e14-452c-8f58-4e495031568d","properties":{"id":"b65838e7-6e14-452c-8f58-4e495031568d","sources":[{"dataset":"OpenStreetMap","license":"ODbL-1.0","property":"","provider":"osm","record_id":"n13750420598@1","resource":"planet","update_time":"2026-04-21T20:03:46Z","version":"2026-09-09"}],"version":1},"type":"Feature"},{"geometry":{"coordinates":[-86.8708173,35.9168505],"type":"Point"},"id":"432f649e-2d3d-49a9-a70e-b1ebc77248a9","properties":{"id":"432f649e-2d3d-49a9-a70e-b1ebc77248a9","sources":[{"dataset":"OpenStreetMap","license":"ODbL-1.0","property":"","provider":"osm","record_id":"n13750420571@1","resource":"planet","update_time":"2026-04-21T20:03:46Z","version":"2026-09-09"}],"version":1},"type":"Feature"},{"geometry":{"coordinates":[-86.8711045,35.9165584],"type":"Point"},"id":"7d6d7f15-858c-4d6a-8a25-22aba37d35a8","properties":{"id":"7d6d7f15-858c-4d6a-8a25-22aba37d35a8","sources":[{"dataset":"OpenStreetMap","license":"ODbL-1.0","property":"","provider":"osm","record_id":"n13750420706@1","resource":"planet","update_time":"2026-04-21T20:03:46Z","version":"2026-09-09"}],"version":1},"type":"Feature"},{"geometry":{"coordinates":[-86.8708166,35.9164793],"type":"Point"},"id":"2df8587e-803a-461a-913f-74031a1d69eb","properties":{"id":"2df8587e-803a-461a-913f-74031a1d69eb","sources":[{"dataset":"OpenStreetMap","license":"ODbL-1.0","property":"","provider":"osm","record_id":"n13750420626@1","resource":"planet","update_time":"2026-04-21T20:03:46Z","version":"2026-09-09"}],"version":1},"type":"Feature"},{"geometry":{"coordinates":[-86.8715404,35.9165323],"type":"Point"},"id":"3db325b6-44ab-4dc8-a2a9-e5a7dede88b3","properties":{"id":"3db325b6-44ab-4dc8-a2a9-e5a7dede88b3","sources":[{"dataset":"OpenStreetMap","license":"ODbL-1.0","property":"","provider":"osm","record_id":"n13750420780@1","resource":"planet","update_time":"2026-04-21T20:03:46Z","version":"2026-09-09"}],"version":1},"type":"Feature"},{"geometry":{"coordinates":[-86.8716109,35.9162965],"type":"Point"},"id":"168b2b8e-4981-4702-92f5-ab8c002458db","properties":{"id":"168b2b8e-4981-4702-92f5-ab8c002458db","sources":[{"dataset":"OpenStreetMap","license":"ODbL-1.0","property":"","provider":"osm","record_id":"n13750420783@1","resource":"planet","update_time":"2026-04-21T20:03:46Z","version":"2026-09-09"}],"version":1},"type":"Feature"},{"geometry":{"coordinates":[-86.8716078,35.916307],"type":"Point"},"id":"f36ec430-322a-4d1a-b796-c9cb54b7f184","properties":{"id":"f36ec430-322a-4d1a-b796-c9cb54b7f184","sources":[{"dataset":"OpenStreetMap","license":"ODbL-1.0","property":"","provider":"osm","record_id":"n13750420732@1","resource":"planet","update_time":"2026-04-21T20:03:46Z","version":"2026-09-09"}],"version":1},"type":"Feature"},{"geometry":{"coordinates":[-86.8712504,35.9162596],"type":"Point"},"id":"04623c76-47e2-407a-a718-f16b9a01ff93","properties":{"id":"04623c76-47e2-407a-a718-f16b9a01ff93","sources":[{"dataset":"OpenStreetMap","license":"ODbL-1.0","property":"","provider":"osm","record_id":"n13750420730@1","resource":"planet","update_time":"2026-04-21T20:03:46Z","version":"2026-09-09"}],"version":1},"type":"Feature"},{"geometry":{"coordinates":[-86.8708546,35.9163535],"type":"Point"},"id":"10289a3f-eb2f-455c-86f8-18d0a31e897b","properties":{"id":"10289a3f-eb2f-455c-86f8-18d0a31e897b","sources":[{"dataset":"OpenStreetMap","license":"ODbL-1.0","property":"","provider":"osm","record_id":"n13750420633@1","resource":"planet","update_time":"2026-04-21T20:03:46Z","version":"2026-09-09"}],"version":1},"type":"Feature"},{"geometry":{"coordinates":[-86.8703487,35.9161519],"type":"Point"},"id":"703e4006-88f6-46e0-b067-15ab0bcbf420","properties":{"id":"703e4006-88f6-46e0-b067-15ab0bcbf420","sources":[{"dataset":"OpenStreetMap","license":"ODbL-1.0","property":"","provider":"osm","record_id":"n13750420646@1","resource":"planet","update_time":"2026-04-21T20:03:46Z","version":"2026-09-09"}],"version":1},"type":"Feature"},{"geometry":{"coordinates":[-86.8707613,35.9161454],"type":"Point"},"id":"a1a0db72-9b26-426d-99bf-b79a44bbda55","properties":{"id":"a1a0db72-9b26-426d-99bf-b79a44bbda55","sources":[{"dataset":"OpenStreetMap","license":"ODbL-1.0","property":"","provider":"osm","record_id":"n13750420644@1","resource":"planet","update_time":"2026-04-21T20:03:46Z","version":"2026-09-09"}],"version":1},"type":"Feature"},{"geometry":{"coordinates":[-86.8704117,35.9158414],"type":"Point"},"id":"44b73eea-ba8d-4bf7-947a-df501a09c22e","properties":{"id":"44b73eea-ba8d-4bf7-947a-df501a09c22e","sources":[{"dataset":"OpenStreetMap","license":"ODbL-1.0","property":"","provider":"osm","record_id":"n13750316245@1","resource":"planet","update_time":"2026-04-21T19:29:40Z","version":"2026-09-09"}],"version":1},"type":"Feature"},{"geometry":{"coordinates":[-86.8708958,35.9158435],"type":"Point"},"id":"888c639d-8c08-4d41-8d21-7ca7eee323c5","properties":{"id":"888c639d-8c08-4d41-8d21-7ca7eee323c5","sources":[{"dataset":"OpenStreetMap","license":"ODbL-1.0","property":"","provider":"osm","record_id":"n13750420687@1","resource":"planet","update_time":"2026-04-21T20:03:46Z","version":"2026-09-09"}],"version":1},"type":"Feature"},{"geometry":{"coordinates":[-86.8716787,35.9160699],"type":"Point"},"id":"55b1c44a-5fd9-42c4-81fe-9991c7ab2fe1","properties":{"id":"55b1c44a-5fd9-42c4-81fe-9991c7ab2fe1","sources":[{"dataset":"OpenStreetMap","license":"ODbL-1.0","property":"","provider":"osm","record_id":"n205518348@3","resource":"planet","update_time":"2010-11-20T17:25:50Z","version":"2026-09-09"}],"version":1},"type":"Feature"},{"geometry":{"coordinates":[-86.8733994,35.9162299],"type":"Point"},"id":"559e9bec-9708-4ed7-867c-0b6aada95366","properties":{"id":"559e9bec-9708-4ed7-867c-0b6aada95366","sources":[{"dataset":"OpenStreetMap","license":"ODbL-1.0","property":"","provider":"osm","record_id":"n204125388@5","resource":"planet","update_time":"2025-03-24T20:23:49Z","version":"2026-09-09"}],"version":1},"type":"Feature"},{"geometry":{"coordinates":[-86.8719049,35.9163794],"type":"Point"},"id":"eb82b668-07aa-4446-89be-08cf08f73697","properties":{"id":"eb82b668-07aa-4446-89be-08cf08f73697","sources":[{"dataset":"OpenStreetMap","license":"ODbL-1.0","property":"","provider":"osm","record_id":"n13750420781@1","resource":"planet","update_time":"2026-04-21T20:03:46Z","version":"2026-09-09"}],"version":1},"type":"Feature"},{"geometry":{"coordinates":[-86.8734693,35.9162371],"type":"Point"},"id":"273a07c4-5ca4-4623-ac6b-ea9b6a38ff24","properties":{"id":"273a07c4-5ca4-4623-ac6b-ea9b6a38ff24","sources":[{"dataset":"OpenStreetMap","license":"ODbL-1.0","property":"","provider":"osm","record_id":"n12697396963@1","resource":"planet","update_time":"2025-03-24T20:23:49Z","version":"2026-09-09"}],"version":1},"type":"Feature"},{"geometry":{"coordinates":[-86.8734801,35.9162049],"type":"Point"},"id":"3cc6f4d8-2850-49d8-a025-befe534afc02","properties":{"id":"3cc6f4d8-2850-49d8-a025-befe534afc02","sources":[{"dataset":"OpenStreetMap","license":"ODbL-1.0","property":"","provider":"osm","record_id":"n12697396964@1","resource":"planet","update_time":"2025-03-24T20:23:49Z","version":"2026-09-09"}],"version":1},"type":"Feature"},{"geometry":{"coordinates":[-86.8743941,35.9163335],"type":"Point"},"id":"4d88c6d1-935d-4315-bd86-0f56d55ab6f5","properties":{"id":"4d88c6d1-935d-4315-bd86-0f56d55ab6f5","sources":[{"dataset":"OpenStreetMap","license":"ODbL-1.0","property":"","provider":"osm","record_id":"n7936227539@1","resource":"planet","update_time":"2020-09-24T04:10:49Z","version":"2026-09-09"}],"version":1},"type":"Feature"},{"geometry":{"coordinates":[-86.8746359,35.9163472],"type":"Point"},"id":"d635d856-0d84-4b5c-9774-44f7f13a9c21","properties":{"id":"d635d856-0d84-4b5c-9774-44f7f13a9c21","sources":[{"dataset":"OpenStreetMap","license":"ODbL-1.0","property":"","provider":"osm","record_id":"n6687143489@1","resource":"planet","update_time":"2019-08-06T07:07:07Z","version":"2026-09-09"}],"version":1},"type":"Feature"},{"geometry":{"coordinates":[-86.8753253,35.9163908],"type":"Point"},"id":"cef4e429-773c-423c-9b51-6113cc04a296","properties":{"id":"cef4e429-773c-423c-9b51-6113cc04a296","sources":[{"dataset":"OpenStreetMap","license":"ODbL-1.0","property":"","provider":"osm","record_id":"n204125396@4","resource":"planet","update_time":"2019-11-28T06:59:11Z","version":"2026-09-09"}],"version":1},"type":"Feature"},{"geometry":{"coordinates":[-86.876317,35.9165172],"type":"Point"},"id":"6916821c-f980-408d-8e09-cc4e01efe724","properties":{"id":"6916821c-f980-408d-8e09-cc4e01efe724","sources":[{"dataset":"OpenStreetMap","license":"ODbL-1.0","property":"","provider":"osm","record_id":"n7016235874@1","resource":"planet","update_time":"2019-11-28T06:59:11Z","version":"2026-09-09"}],"version":1},"type":"Feature"},{"geometry":{"coordinates":[-86.8753678,35.9160463],"type":"Point"},"id":"3d70c66f-a659-4a0e-a8a9-c5eb051f7186","properties":{"id":"3d70c66f-a659-4a0e-a8a9-c5eb051f7186","sources":[{"dataset":"OpenStreetMap","license":"ODbL-1.0","property":"","provider":"osm","record_id":"n7016235876@1","resource":"planet","update_time":"2019-11-28T06:59:11Z","version":"2026-09-09"}],"version":1},"type":"Feature"},{"geometry":{"coordinates":[-86.8763716,35.9161565],"type":"Point"},"id":"72bb5b85-7457-4b45-9fba-7096e8b926f9","properties":{"id":"72bb5b85-7457-4b45-9fba-7096e8b926f9","sources":[{"dataset":"OpenStreetMap","license":"ODbL-1.0","property":"","provider":"osm","record_id":"n7016235875@1","resource":"planet","update_time":"2019-11-28T06:59:11Z","version":"2026-09-09"}],"version":1},"type":"Feature"},{"geometry":{"coordinates":[-86.8746586,35.9161332],"type":"Point"},"id":"e37f91da-4fc1-4486-b2f7-4b4edd79d424","properties":{"id":"e37f91da-4fc1-4486-b2f7-4b4edd79d424","sources":[{"dataset":"OpenStreetMap","license":"ODbL-1.0","property":"","provider":"osm","record_id":"n8738560166@1","resource":"planet","update_time":"2021-05-17T08:28:38Z","version":"2026-09-09"}],"version":1},"type":"Feature"},{"geometry":{"coordinates":[-86.8734418,35.9160115],"type":"Point"},"id":"e88552b8-eca1-45d7-b45d-1cf36ae462b4","properties":{"id":"e88552b8-eca1-45d7-b45d-1cf36ae462b4","sources":[{"dataset":"OpenStreetMap","license":"ODbL-1.0","property":"","provider":"osm","record_id":"n7936227544@1","resource":"planet","update_time":"2020-09-24T04:10:49Z","version":"2026-09-09"}],"version":1},"type":"Feature"},{"geometry":{"coordinates":[-86.8734681,35.9155408],"type":"Point"},"id":"820d20b2-7a92-4552-810c-a4f4dd1dc60c","properties":{"id":"820d20b2-7a92-4552-810c-a4f4dd1dc60c","sources":[{"dataset":"OpenStreetMap","license":"ODbL-1.0","property":"","provider":"osm","record_id":"n12082017213@1","resource":"planet","update_time":"2024-07-30T00:41:39Z","version":"2026-09-09"}],"version":1},"type":"Feature"},{"geometry":{"coordinates":[-86.8746963,35.9157787],"type":"Point"},"id":"a5dde1a4-6022-4353-9fcf-f0bba22b3430","properties":{"id":"a5dde1a4-6022-4353-9fcf-f0bba22b3430","sources":[{"dataset":"OpenStreetMap","license":"ODbL-1.0","property":"","provider":"osm","record_id":"n8738560161@1","resource":"planet","update_time":"2021-05-17T08:28:38Z","version":"2026-09-09"}],"version":1},"type":"Feature"},{"geometry":{"coordinates":[-86.8752671,35.9152281],"type":"Point"},"id":"8f76a7e0-3dc5-4ca7-8b05-c462aee77fe2","properties":{"id":"8f76a7e0-3dc5-4ca7-8b05-c462aee77fe2","sources":[{"dataset":"OpenStreetMap","license":"ODbL-1.0","property":"","provider":"osm","record_id":"n3531787095@1","resource":"planet","update_time":"2015-05-20T22:25:02Z","version":"2026-09-09"}],"version":1},"type":"Feature"},{"geometry":{"coordinates":[-86.874745,35.915321],"type":"Point"},"id":"3d8335ca-4534-49eb-a44d-e5c4038ee5b5","properties":{"id":"3d8335ca-4534-49eb-a44d-e5c4038ee5b5","sources":[{"dataset":"OpenStreetMap","license":"ODbL-1.0","property":"","provider":"osm","record_id":"n6687143490@1","resource":"planet","update_time":"2019-08-06T07:07:07Z","version":"2026-09-09"}],"version":1},"type":"Feature"},{"geometry":{"coordinates":[-86.8742994,35.9153065],"type":"Point"},"id":"583d998d-fac7-4df8-98ed-d6bc91f8a56c","properties":{"id":"583d998d-fac7-4df8-98ed-d6bc91f8a56c","sources":[{"dataset":"OpenStreetMap","license":"ODbL-1.0","property":"","provider":"osm","record_id":"n7676948079@1","resource":"planet","update_time":"2020-07-02T12:07:48Z","version":"2026-09-09"}],"version":1},"type":"Feature"},{"geometry":{"coordinates":[-86.8737435,35.9154231],"type":"Point"},"id":"8e4c71e8-4026-43aa-bbf7-d94eadc7811e","properties":{"id":"8e4c71e8-4026-43aa-bbf7-d94eadc7811e","sources":[{"dataset":"OpenStreetMap","license":"ODbL-1.0","property":"","provider":"osm","record_id":"n7676996186@1","resource":"planet","update_time":"2020-07-02T12:07:48Z","version":"2026-09-09"}],"version":1},"type":"Feature"},{"geometry":{"coordinates":[-86.8735418,35.9154722],"type":"Point"},"id":"bb143023-bf2b-4f4f-9999-251c90e87f92","properties":{"id":"bb143023-bf2b-4f4f-9999-251c90e87f92","sources":[{"dataset":"OpenStreetMap","license":"ODbL-1.0","property":"","provider":"osm","record_id":"n205499744@6","resource":"planet","update_time":"2024-07-22T17:52:00Z","version":"2026-09-09"}],"version":1},"type":"Feature"},{"geometry":{"coordinates":[-86.8734799,35.9154663],"type":"Point"},"id":"cfba6894-05a2-43ad-80f5-1c517aea7a73","properties":{"id":"cfba6894-05a2-43ad-80f5-1c517aea7a73","sources":[{"dataset":"OpenStreetMap","license":"ODbL-1.0","property":"","provider":"osm","record_id":"n12082017214@1","resource":"planet","update_time":"2024-07-30T00:41:39Z","version":"2026-09-09"}],"version":1},"type":"Feature"},{"geometry":{"coordinates":[-86.8734877,35.9154173],"type":"Point"},"id":"d97afb4a-6d77-46aa-9d09-81f00ea7fa9c","properties":{"id":"d97afb4a-6d77-46aa-9d09-81f00ea7fa9c","sources":[{"dataset":"OpenStreetMap","license":"ODbL-1.0","property":"","provider":"osm","record_id":"n12082017212@1","resource":"planet","update_time":"2024-07-30T00:41:39Z","version":"2026-09-09"}],"version":1},"type":"Feature"},{"geometry":{"coordinates":[-86.8736485,35.91533],"type":"Point"},"id":"558cfdcd-ddf9-43a5-966f-5e6af2533b7a","properties":{"id":"558cfdcd-ddf9-43a5-966f-5e6af2533b7a","sources":[{"dataset":"OpenStreetMap","license":"ODbL-1.0","property":"","provider":"osm","record_id":"n12082017210@1","resource":"planet","update_time":"2024-07-30T00:41:39Z","version":"2026-09-09"}],"version":1},"type":"Feature"},{"geometry":{"coordinates":[-86.8735844,35.9152467],"type":"Point"},"id":"8f1a257c-f0fd-4e9a-8ef4-789eff0a2786","properties":{"id":"8f1a257c-f0fd-4e9a-8ef4-789eff0a2786","sources":[{"dataset":"OpenStreetMap","license":"ODbL-1.0","property":"","provider":"osm","record_id":"n311094455@6","resource":"planet","update_time":"2013-09-26T22:06:49Z","version":"2026-09-09"}],"version":1},"type":"Feature"},{"geometry":{"coordinates":[-86.8736598,35.9152533],"type":"Point"},"id":"096ca37c-8ccd-4fe2-97bc-d2023db20e3e","properties":{"id":"096ca37c-8ccd-4fe2-97bc-d2023db20e3e","sources":[{"dataset":"OpenStreetMap","license":"ODbL-1.0","property":"","provider":"osm","record_id":"n12082017211@1","resource":"planet","update_time":"2024-07-30T00:41:39Z","version":"2026-09-09"}],"version":1},"type":"Feature"},{"geometry":{"coordinates":[-86.8736706,35.9151794],"type":"Point"},"id":"86ddae3d-71bb-496f-b12a-5d1b328fcaa9","properties":{"id":"86ddae3d-71bb-496f-b12a-5d1b328fcaa9","sources":[{"dataset":"OpenStreetMap","license":"ODbL-1.0","property":"","provider":"osm","record_id":"n12082017209@1","resource":"planet","update_time":"2024-07-30T00:41:39Z","version":"2026-09-09"}],"version":1},"type":"Feature"},{"geometry":{"coordinates":[-86.8725166,35.9153741],"type":"Point"},"id":"d31add3e-fe25-42a5-b638-98b08d9d750f","properties":{"id":"d31add3e-fe25-42a5-b638-98b08d9d750f","sources":[{"dataset":"OpenStreetMap","license":"ODbL-1.0","property":"","provider":"osm","record_id":"n205268229@3","resource":"planet","update_time":"2013-09-26T22:06:48Z","version":"2026-09-09"}],"version":1},"type":"Feature"},{"geometry":{"coordinates":[-86.8704272,35.9157649],"type":"Point"},"id":"e9d56f42-fa67-4acf-95d0-3f964eee4c45","properties":{"id":"e9d56f42-fa67-4acf-95d0-3f964eee4c45","sources":[{"dataset":"OpenStreetMap","license":"ODbL-1.0","property":"","provider":"osm","record_id":"n13750420690@1","resource":"planet","update_time":"2026-04-21T20:03:46Z","version":"2026-09-09"}],"version":1},"type":"Feature"},{"geometry":{"coordinates":[-86.8705577,35.9151218],"type":"Point"},"id":"6ec25a58-30e1-4cfa-bbea-788e4f053c5c","properties":{"id":"6ec25a58-30e1-4cfa-bbea-788e4f053c5c","sources":[{"dataset":"OpenStreetMap","license":"ODbL-1.0","property":"","provider":"osm","record_id":"n204128506@3","resource":"planet","update_time":"2009-10-16T12:37:49Z","version":"2026-09-09"}],"version":1},"type":"Feature"},{"geometry":{"coordinates":[-86.8695884,35.9152242],"type":"Point"},"id":"f4d38c7f-c469-45ff-8351-660f095eaf33","properties":{"id":"f4d38c7f-c469-45ff-8351-660f095eaf33","sources":[{"dataset":"OpenStreetMap","license":"ODbL-1.0","property":"","provider":"osm","record_id":"n6690835595@1","resource":"planet","update_time":"2019-08-07T11:13:22Z","version":"2026-09-09"}],"version":1},"type":"Feature"},{"geometry":{"coordinates":[-86.8691633,35.9152691],"type":"Point"},"id":"e7508e3f-ee03-4c5b-8f37-ad832d8c836b","properties":{"id":"e7508e3f-ee03-4c5b-8f37-ad832d8c836b","sources":[{"dataset":"OpenStreetMap","license":"ODbL-1.0","property":"","provider":"osm","record_id":"n6971261176@1","resource":"planet","update_time":"2019-11-13T09:47:01Z","version":"2026-09-09"}],"version":1},"type":"Feature"},{"geometry":{"coordinates":[-86.8682501,35.9151499],"type":"Point"},"id":"b9217e3f-b6c1-43fa-a66a-db04c3942885","properties":{"id":"b9217e3f-b6c1-43fa-a66a-db04c3942885","sources":[{"dataset":"OpenStreetMap","license":"ODbL-1.0","property":"","provider":"osm","record_id":"n6690835601@1","resource":"planet","update_time":"2019-08-07T11:13:22Z","version":"2026-09-09"}],"version":1},"type":"Feature"},{"geometry":{"coordinates":[-86.8684607,35.9153434],"type":"Point"},"id":"f640b35e-4af1-4797-9774-1b81da812b89","properties":{"id":"f640b35e-4af1-4797-9774-1b81da812b89","sources":[{"dataset":"OpenStreetMap","license":"ODbL-1.0","property":"","provider":"osm","record_id":"n205263850@4","resource":"planet","update_time":"2013-12-03T00:52:37Z","version":"2026-09-09"}],"version":1},"type":"Feature"},{"geometry":{"coordinates":[-86.8701848,35.9158241],"type":"Point"},"id":"94184bdd-1f0d-47ea-9734-6504026137bd","properties":{"id":"94184bdd-1f0d-47ea-9734-6504026137bd","sources":[{"dataset":"OpenStreetMap","license":"ODbL-1.0","property":"","provider":"osm","record_id":"n13750316244@1","resource":"planet","update_time":"2026-04-21T19:29:40Z","version":"2026-09-09"}],"version":1},"type":"Feature"},{"geometry":{"coordinates":[-86.8694247,35.9160704],"type":"Point"},"id":"87216df3-7611-4093-bf81-c81d60df61e3","properties":{"id":"87216df3-7611-4093-bf81-c81d60df61e3","sources":[{"dataset":"OpenStreetMap","license":"ODbL-1.0","property":"","provider":"osm","record_id":"n13750316239@1","resource":"planet","update_time":"2026-04-21T19:29:40Z","version":"2026-09-09"}],"version":1},"type":"Feature"},{"geometry":{"coordinates":[-86.8689518,35.9161262],"type":"Point"},"id":"19733f98-0fa9-467d-b065-e68a7bb78c08","properties":{"id":"19733f98-0fa9-467d-b065-e68a7bb78c08","sources":[{"dataset":"OpenStreetMap","license":"ODbL-1.0","property":"","provider":"osm","record_id":"n13750316243@1","resource":"planet","update_time":"2026-04-21T19:29:40Z","version":"2026-09-09"}],"version":1},"type":"Feature"},{"geometry":{"coordinates":[-86.8700014,35.9162536],"type":"Point"},"id":"0c1d8d01-df57-41a1-b8c3-01f9014ee8a8","properties":{"id":"0c1d8d01-df57-41a1-b8c3-01f9014ee8a8","sources":[{"dataset":"OpenStreetMap","license":"ODbL-1.0","property":"","provider":"osm","record_id":"n13750316115@1","resource":"planet","update_time":"2026-04-21T19:29:40Z","version":"2026-09-09"}],"version":1},"type":"Feature"},{"geometry":{"coordinates":[-86.8695793,35.9162971],"type":"Point"},"id":"04fb895f-9a06-42f9-834d-c0854e01982c","properties":{"id":"04fb895f-9a06-42f9-834d-c0854e01982c","sources":[{"dataset":"OpenStreetMap","license":"ODbL-1.0","property":"","provider":"osm","record_id":"n13750316204@1","resource":"planet","update_time":"2026-04-21T19:29:40Z","version":"2026-09-09"}],"version":1},"type":"Feature"},{"geometry":{"coordinates":[-86.8703219,35.9162843],"type":"Point"},"id":"850be4f5-aa59-4336-96dc-d278047a128c","properties":{"id":"850be4f5-aa59-4336-96dc-d278047a128c","sources":[{"dataset":"OpenStreetMap","license":"ODbL-1.0","property":"","provider":"osm","record_id":"n13750316116@1","resource":"planet","update_time":"2026-04-21T19:29:40Z","version":"2026-09-09"}],"version":1},"type":"Feature"},{"geometry":{"coordinates":[-86.8702986,35.9163991],"type":"Point"},"id":"09e50af2-b98f-4285-bab1-66d6e19f37da","properties":{"id":"09e50af2-b98f-4285-bab1-66d6e19f37da","sources":[{"dataset":"OpenStreetMap","license":"ODbL-1.0","property":"","provider":"osm","record_id":"n13750420635@1","resource":"planet","update_time":"2026-04-21T20:03:46Z","version":"2026-09-09"}],"version":1},"type":"Feature"},{"geometry":{"coordinates":[-86.8702892,35.9164453],"type":"Point"},"id":"19ad8d77-ee6a-471e-bafd-916931c40486","properties":{"id":"19ad8d77-ee6a-471e-bafd-916931c40486","sources":[{"dataset":"OpenStreetMap","license":"ODbL-1.0","property":"","provider":"osm","record_id":"n13750420628@1","resource":"planet","update_time":"2026-04-21T20:03:46Z","version":"2026-09-09"}],"version":1},"type":"Feature"},{"geometry":{"coordinates":[-86.870276,35.9165106],"type":"Point"},"id":"61de2df9-1ebd-4f65-bab4-18631a96c4a1","properties":{"id":"61de2df9-1ebd-4f65-bab4-18631a96c4a1","sources":[{"dataset":"OpenStreetMap","license":"ODbL-1.0","property":"","provider":"osm","record_id":"n13750316118@1","resource":"planet","update_time":"2026-04-21T19:29:40Z","version":"2026-09-09"}],"version":1},"type":"Feature"},{"geometry":{"coordinates":[-86.8699524,35.9165263],"type":"Point"},"id":"ba506b0b-a306-4913-9aab-77ed975e71fd","properties":{"id":"ba506b0b-a306-4913-9aab-77ed975e71fd","sources":[{"dataset":"OpenStreetMap","license":"ODbL-1.0","property":"","provider":"osm","record_id":"n13750316117@1","resource":"planet","update_time":"2026-04-21T19:29:40Z","version":"2026-09-09"}],"version":1},"type":"Feature"},{"geometry":{"coordinates":[-86.8691237,35.9163978],"type":"Point"},"id":"41aff0b2-9d43-4654-9c3d-3ef54f4fad9b","properties":{"id":"41aff0b2-9d43-4654-9c3d-3ef54f4fad9b","sources":[{"dataset":"OpenStreetMap","license":"ODbL-1.0","property":"","provider":"osm","record_id":"n13750316208@1","resource":"planet","update_time":"2026-04-21T19:29:40Z","version":"2026-09-09"}],"version":1},"type":"Feature"},{"geometry":{"coordinates":[-86.8690414,35.916269],"type":"Point"},"id":"80c3eaf5-84bf-4095-b5fc-0b7b6e067e4b","properties":{"id":"80c3eaf5-84bf-4095-b5fc-0b7b6e067e4b","sources":[{"dataset":"OpenStreetMap","license":"ODbL-1.0","property":"","provider":"osm","record_id":"n7865581908@1","resource":"planet","update_time":"2020-09-01T14:50:47Z","version":"2026-09-09"}],"version":1},"type":"Feature"},{"geometry":{"coordinates":[-86.8685525,35.9163709],"type":"Point"},"id":"a075bf0b-3583-4fee-bfe5-ec606f08d179","properties":{"id":"a075bf0b-3583-4fee-bfe5-ec606f08d179","sources":[{"dataset":"OpenStreetMap","license":"ODbL-1.0","property":"","provider":"osm","record_id":"n7865581911@1","resource":"planet","update_time":"2020-09-01T14:50:47Z","version":"2026-09-09"}],"version":1},"type":"Feature"},{"geometry":{"coordinates":[-86.8667202,35.9157393],"type":"Point"},"id":"e24429ae-5f14-4266-b860-a41ea546cfc7","properties":{"id":"e24429ae-5f14-4266-b860-a41ea546cfc7","sources":[{"dataset":"OpenStreetMap","license":"ODbL-1.0","property":"","provider":"osm","record_id":"n205506720@4","resource":"planet","update_time":"2019-11-28T12:31:37Z","version":"2026-09-09"}],"version":1},"type":"Feature"},{"geometry":{"coordinates":[-86.8596355,35.9154616],"type":"Point"},"id":"126b8857-67ce-4560-be24-d7acf7bc321b","properties":{"id":"126b8857-67ce-4560-be24-d7acf7bc321b","sources":[{"dataset":"OpenStreetMap","license":"ODbL-1.0","property":"","provider":"osm","record_id":"n3720459859@1","resource":"planet","update_time":"2015-08-29T20:43:33Z","version":"2026-09-09"}],"version":1},"type":"Feature"},{"geometry":{"coordinates":[-86.8596164,35.9152429],"type":"Point"},"id":"89ef2c30-1f7b-4667-b503-e498812b1083","properties":{"id":"89ef2c30-1f7b-4667-b503-e498812b1083","sources":[{"dataset":"OpenStreetMap","license":"ODbL-1.0","property":"","provider":"osm","record_id":"n8486241576@1","resource":"planet","update_time":"2021-03-04T14:40:14Z","version":"2026-09-09"}],"version":1},"type":"Feature"},{"geometry":{"coordinates":[-86.8597187,35.915252],"type":"Point"},"id":"8b933a1e-a0a3-4e8e-9249-1cc88917eeec","properties":{"id":"8b933a1e-a0a3-4e8e-9249-1cc88917eeec","sources":[{"dataset":"OpenStreetMap","license":"ODbL-1.0","property":"","provider":"osm","record_id":"n3720459863@1","resource":"planet","update_time":"2015-08-29T20:43:33Z","version":"2026-09-09"}],"version":1},"type":"Feature"},{"geometry":{"coordinates":[-86.8595769,35.9153793],"type":"Point"},"id":"c717c192-ad75-42e2-b08f-667a60096df9","properties":{"id":"c717c192-ad75-42e2-b08f-667a60096df9","sources":[{"dataset":"OpenStreetMap","license":"ODbL-1.0","property":"","provider":"osm","record_id":"n3720459867@1","resource":"planet","update_time":"2015-08-29T20:43:33Z","version":"2026-09-09"}],"version":1},"type":"Feature"},{"geometry":{"coordinates":[-86.860835,35.9174961],"type":"Point"},"id":"9dd77ec5-e2de-4373-af51-f743c96ac29f","properties":{"id":"9dd77ec5-e2de-4373-af51-f743c96ac29f","sources":[{"dataset":"OpenStreetMap","license":"ODbL-1.0","property":"","provider":"osm","record_id":"n205515177@3","resource":"planet","update_time":"2013-09-26T22:06:49Z","version":"2026-09-09"}],"version":1},"type":"Feature"},{"geometry":{"coordinates":[-86.8611297,35.9175553],"type":"Point"},"id":"0405c0c1-e667-4eea-b8a6-bfbe96870cd2","properties":{"id":"0405c0c1-e667-4eea-b8a6-bfbe96870cd2","sources":[{"dataset":"OpenStreetMap","license":"ODbL-1.0","property":"","provider":"osm","record_id":"n2472815229@1","resource":"planet","update_time":"2013-09-26T22:06:35Z","version":"2026-09-09"}],"version":1},"type":"Feature"},{"geometry":{"coordinates":[-86.8581823,35.9178459],"type":"Point"},"id":"27d9800f-c9a5-46f5-8d17-622c07f14916","properties":{"id":"27d9800f-c9a5-46f5-8d17-622c07f14916","sources":[{"dataset":"OpenStreetMap","license":"ODbL-1.0","property":"","provider":"osm","record_id":"n205286186@4","resource":"planet","update_time":"2017-04-22T20:17:28Z","version":"2026-09-09"}],"version":1},"type":"Feature"},{"geometry":{"coordinates":[-86.8630822,35.9178798],"type":"Point"},"id":"5c7a9f4d-5174-42e6-988d-f1fe8d05cba4","properties":{"id":"5c7a9f4d-5174-42e6-988d-f1fe8d05cba4","sources":[{"dataset":"OpenStreetMap","license":"ODbL-1.0","property":"","provider":"osm","record_id":"n7279113689@1","resource":"planet","update_time":"2020-03-09T08:39:59Z","version":"2026-09-09"}],"version":1},"type":"Feature"},{"geometry":{"coordinates":[-86.8669983,35.9165755],"type":"Point"},"id":"4050e901-aed0-4f3c-89f2-b7675e8b7a39","properties":{"id":"4050e901-aed0-4f3c-89f2-b7675e8b7a39","sources":[{"dataset":"OpenStreetMap","license":"ODbL-1.0","property":"","provider":"osm","record_id":"n205506717@3","resource":"planet","update_time":"2009-11-10T02:07:17Z","version":"2026-09-09"}],"version":1},"type":"Feature"},{"geometry":{"coordinates":[-86.870225,35.916762],"type":"Point"},"id":"7176bf0c-4e8f-4eab-a769-c8a6eb5b3291","properties":{"id":"7176bf0c-4e8f-4eab-a769-c8a6eb5b3291","sources":[{"dataset":"OpenStreetMap","license":"ODbL-1.0","property":"","provider":"osm","record_id":"n13750420601@1","resource":"planet","update_time":"2026-04-21T20:03:46Z","version":"2026-09-09"}],"version":1},"type":"Feature"},{"geometry":{"coordinates":[-86.8701821,35.9169736],"type":"Point"},"id":"53e25fd7-f237-42e1-b12a-baec613c9ec6","properties":{"id":"53e25fd7-f237-42e1-b12a-baec613c9ec6","sources":[{"dataset":"OpenStreetMap","license":"ODbL-1.0","property":"","provider":"osm","record_id":"n204128513@3","resource":"planet","update_time":"2010-11-20T17:25:45Z","version":"2026-09-09"}],"version":1},"type":"Feature"},{"geometry":{"coordinates":[-86.869628,35.917187],"type":"Point"},"id":"92c2bcee-4a67-4beb-b6a3-dcae1a99c5a4","properties":{"id":"92c2bcee-4a67-4beb-b6a3-dcae1a99c5a4","sources":[{"dataset":"OpenStreetMap","license":"ODbL-1.0","property":"","provider":"osm","record_id":"n13750316155@1","resource":"planet","update_time":"2026-04-21T19:29:40Z","version":"2026-09-09"}],"version":1},"type":"Feature"},{"geometry":{"coordinates":[-86.8699243,35.9171378],"type":"Point"},"id":"f0959b45-81b0-499b-99e0-da89ed661e9a","properties":{"id":"f0959b45-81b0-499b-99e0-da89ed661e9a","sources":[{"dataset":"OpenStreetMap","license":"ODbL-1.0","property":"","provider":"osm","record_id":"n13750316153@1","resource":"planet","update_time":"2026-04-21T19:29:40Z","version":"2026-09-09"}],"version":1},"type":"Feature"},{"geometry":{"coordinates":[-86.8700732,35.9174729],"type":"Point"},"id":"1ec8b362-ba8c-4929-b546-7d15c40df5b8","properties":{"id":"1ec8b362-ba8c-4929-b546-7d15c40df5b8","sources":[{"dataset":"OpenStreetMap","license":"ODbL-1.0","property":"","provider":"osm","record_id":"n13750420542@1","resource":"planet","update_time":"2026-04-21T20:03:46Z","version":"2026-09-09"}],"version":1},"type":"Feature"},{"geometry":{"coordinates":[-86.8690802,35.9176502],"type":"Point"},"id":"ed2ae724-4136-4432-9aef-168b7d051bbd","properties":{"id":"ed2ae724-4136-4432-9aef-168b7d051bbd","sources":[{"dataset":"OpenStreetMap","license":"ODbL-1.0","property":"","provider":"osm","record_id":"n13746020648@1","resource":"planet","update_time":"2026-04-20T16:04:46Z","version":"2026-09-09"}],"version":1},"type":"Feature"},{"geometry":{"coordinates":[-86.8700064,35.9177791],"type":"Point"},"id":"135f8bee-b0b4-4404-9310-756a56bc6c71","properties":{"id":"135f8bee-b0b4-4404-9310-756a56bc6c71","sources":[{"dataset":"OpenStreetMap","license":"ODbL-1.0","property":"","provider":"osm","record_id":"n204128517@4","resource":"planet","update_time":"2015-12-18T16:00:36Z","version":"2026-09-09"}],"version":1},"type":"Feature"},{"geometry":{"coordinates":[-86.8699771,35.9179058],"type":"Point"},"id":"e00f6a87-9551-449f-8b1d-662a0cd21128","properties":{"id":"e00f6a87-9551-449f-8b1d-662a0cd21128","sources":[{"dataset":"OpenStreetMap","license":"ODbL-1.0","property":"","provider":"osm","record_id":"n6690835590@1","resource":"planet","update_time":"2019-08-07T11:13:22Z","version":"2026-09-09"}],"version":1},"type":"Feature"},{"geometry":{"coordinates":[-86.8690247,35.918145],"type":"Point"},"id":"70997101-9dc5-49a0-9549-5b29ae1ffc06","properties":{"id":"70997101-9dc5-49a0-9549-5b29ae1ffc06","sources":[{"dataset":"OpenStreetMap","license":"ODbL-1.0","property":"","provider":"osm","record_id":"n13746020627@1","resource":"planet","update_time":"2026-04-20T16:04:46Z","version":"2026-09-09"}],"version":1},"type":"Feature"},{"geometry":{"coordinates":[-86.8691791,35.9182948],"type":"Point"},"id":"2b2eb584-c09d-4605-ac28-dde69df2f2ec","properties":{"id":"2b2eb584-c09d-4605-ac28-dde69df2f2ec","sources":[{"dataset":"OpenStreetMap","license":"ODbL-1.0","property":"","provider":"osm","record_id":"n13746020508@1","resource":"planet","update_time":"2026-04-20T16:04:46Z","version":"2026-09-09"}],"version":1},"type":"Feature"},{"geometry":{"coordinates":[-86.8699268,35.9181507],"type":"Point"},"id":"fdded602-2f4d-4ad4-8f53-1912e58da7e8","properties":{"id":"fdded602-2f4d-4ad4-8f53-1912e58da7e8","sources":[{"dataset":"OpenStreetMap","license":"ODbL-1.0","property":"","provider":"osm","record_id":"n13750316674@1","resource":"planet","update_time":"2026-04-21T19:29:40Z","version":"2026-09-09"}],"version":1},"type":"Feature"},{"geometry":{"coordinates":[-86.8699209,35.9181794],"type":"Point"},"id":"3104ac60-4128-4fbb-b12f-ab2f24212322","properties":{"id":"3104ac60-4128-4fbb-b12f-ab2f24212322","sources":[{"dataset":"OpenStreetMap","license":"ODbL-1.0","property":"","provider":"osm","record_id":"n7184097519@1","resource":"planet","update_time":"2020-02-04T12:19:55Z","version":"2026-09-09"}],"version":1},"type":"Feature"},{"geometry":{"coordinates":[-86.8698843,35.9183574],"type":"Point"},"id":"c96cd362-438b-41d9-becb-ef73c4051248","properties":{"id":"c96cd362-438b-41d9-becb-ef73c4051248","sources":[{"dataset":"OpenStreetMap","license":"ODbL-1.0","property":"","provider":"osm","record_id":"n13746020593@1","resource":"planet","update_time":"2026-04-20T16:04:46Z","version":"2026-09-09"}],"version":1},"type":"Feature"},{"geometry":{"coordinates":[-86.8698803,35.9183768],"type":"Point"},"id":"633bccd1-dbc4-4040-8d57-9daee44f4835","properties":{"id":"633bccd1-dbc4-4040-8d57-9daee44f4835","sources":[{"dataset":"OpenStreetMap","license":"ODbL-1.0","property":"","provider":"osm","record_id":"n13746020517@1","resource":"planet","update_time":"2026-04-20T16:04:46Z","version":"2026-09-09"}],"version":1},"type":"Feature"},{"geometry":{"coordinates":[-86.8698376,35.9185849],"type":"Point"},"id":"6e979cbd-c639-4dc0-b323-131aec1dec66","properties":{"id":"6e979cbd-c639-4dc0-b323-131aec1dec66","sources":[{"dataset":"OpenStreetMap","license":"ODbL-1.0","property":"","provider":"osm","record_id":"n13746020540@1","resource":"planet","update_time":"2026-04-20T16:04:46Z","version":"2026-09-09"}],"version":1},"type":"Feature"},{"geometry":{"coordinates":[-86.8698451,35.9185485],"type":"Point"},"id":"98ef2ace-52f0-4830-9ede-3f74316d6307","properties":{"id":"98ef2ace-52f0-4830-9ede-3f74316d6307","sources":[{"dataset":"OpenStreetMap","license":"ODbL-1.0","property":"","provider":"osm","record_id":"n13746020583@1","resource":"planet","update_time":"2026-04-20T16:04:46Z","version":"2026-09-09"}],"version":1},"type":"Feature"},{"geometry":{"coordinates":[-86.8682127,35.9185075],"type":"Point"},"id":"b7cfa97d-bd8d-4577-aa7c-cb3d6017635c","properties":{"id":"b7cfa97d-bd8d-4577-aa7c-cb3d6017635c","sources":[{"dataset":"OpenStreetMap","license":"ODbL-1.0","property":"","provider":"osm","record_id":"n7801421954@1","resource":"planet","update_time":"2020-08-10T15:29:32Z","version":"2026-09-09"}],"version":1},"type":"Feature"},{"geometry":{"coordinates":[-86.8681222,35.9193584],"type":"Point"},"id":"a53a855e-427e-40a1-8453-2529e5ed7cf7","properties":{"id":"a53a855e-427e-40a1-8453-2529e5ed7cf7","sources":[{"dataset":"OpenStreetMap","license":"ODbL-1.0","property":"","provider":"osm","record_id":"n7031978560@1","resource":"planet","update_time":"2019-12-04T13:10:34Z","version":"2026-09-09"}],"version":1},"type":"Feature"},{"geometry":{"coordinates":[-86.8686537,35.9191551],"type":"Point"},"id":"ff51fde5-f31b-4a2c-965f-6eec6e5d93d2","properties":{"id":"ff51fde5-f31b-4a2c-965f-6eec6e5d93d2","sources":[{"dataset":"OpenStreetMap","license":"ODbL-1.0","property":"","provider":"osm","record_id":"n3638350597@1","resource":"planet","update_time":"2015-07-07T05:27:59Z","version":"2026-09-09"}],"version":1},"type":"Feature"},{"geometry":{"coordinates":[-86.867447,35.9189027],"type":"Point"},"id":"ce42d464-bb91-46db-ba1d-3dc7813b58f8","properties":{"id":"ce42d464-bb91-46db-ba1d-3dc7813b58f8","sources":[{"dataset":"OpenStreetMap","license":"ODbL-1.0","property":"","provider":"osm","record_id":"n6687210948@1","resource":"planet","update_time":"2019-08-06T08:34:52Z","version":"2026-09-09"}],"version":1},"type":"Feature"},{"geometry":{"coordinates":[-86.8683738,35.9189836],"type":"Point"},"id":"0d4087be-5130-40b1-8dfa-cb54457ea994","properties":{"id":"0d4087be-5130-40b1-8dfa-cb54457ea994","sources":[{"dataset":"OpenStreetMap","license":"ODbL-1.0","property":"","provider":"osm","record_id":"n3638349688@1","resource":"planet","update_time":"2015-07-07T05:27:58Z","version":"2026-09-09"}],"version":1},"type":"Feature"},{"geometry":{"coordinates":[-86.8692773,35.918776],"type":"Point"},"id":"d760f9b4-9aea-472d-a9aa-08093f324a80","properties":{"id":"d760f9b4-9aea-472d-a9aa-08093f324a80","sources":[{"dataset":"OpenStreetMap","license":"ODbL-1.0","property":"","provider":"osm","record_id":"n6687210942@1","resource":"planet","update_time":"2019-08-06T08:34:52Z","version":"2026-09-09"}],"version":1},"type":"Feature"},{"geometry":{"coordinates":[-86.8697855,35.9188383],"type":"Point"},"id":"0ec8a216-142f-468b-a570-9f4ee5427640","properties":{"id":"0ec8a216-142f-468b-a570-9f4ee5427640","sources":[{"dataset":"OpenStreetMap","license":"ODbL-1.0","property":"","provider":"osm","record_id":"n6687210939@1","resource":"planet","update_time":"2019-08-06T08:34:52Z","version":"2026-09-09"}],"version":1},"type":"Feature"},{"geometry":{"coordinates":[-86.8697601,35.9189599],"type":"Point"},"id":"9b2348ab-478f-44f4-b068-f57d147e2358","properties":{"id":"9b2348ab-478f-44f4-b068-f57d147e2358","sources":[{"dataset":"OpenStreetMap","license":"ODbL-1.0","property":"","provider":"osm","record_id":"n13750316570@1","resource":"planet","update_time":"2026-04-21T19:29:40Z","version":"2026-09-09"}],"version":1},"type":"Feature"},{"geometry":{"coordinates":[-86.870223,35.9191223],"type":"Point"},"id":"996d64e8-8545-44db-aa8a-b764ca19a3cb","properties":{"id":"996d64e8-8545-44db-aa8a-b764ca19a3cb","sources":[{"dataset":"OpenStreetMap","license":"ODbL-1.0","property":"","provider":"osm","record_id":"n13750316566@1","resource":"planet","update_time":"2026-04-21T19:29:40Z","version":"2026-09-09"}],"version":1},"type":"Feature"},{"geometry":{"coordinates":[-86.869709,35.9192049],"type":"Point"},"id":"c967992b-0f7d-4b47-bb4d-7a1a9cee0de0","properties":{"id":"c967992b-0f7d-4b47-bb4d-7a1a9cee0de0","sources":[{"dataset":"OpenStreetMap","license":"ODbL-1.0","property":"","provider":"osm","record_id":"n13746020443@1","resource":"planet","update_time":"2026-04-20T16:04:46Z","version":"2026-09-09"}],"version":1},"type":"Feature"},{"geometry":{"coordinates":[-86.8692634,35.9193328],"type":"Point"},"id":"53bd9951-8907-4b0c-85af-eaa82f86a9c6","properties":{"id":"53bd9951-8907-4b0c-85af-eaa82f86a9c6","sources":[{"dataset":"OpenStreetMap","license":"ODbL-1.0","property":"","provider":"osm","record_id":"n13746020435@1","resource":"planet","update_time":"2026-04-20T16:04:46Z","version":"2026-09-09"}],"version":1},"type":"Feature"},{"geometry":{"coordinates":[-86.8696598,35.9194408],"type":"Point"},"id":"6a1bb172-01a8-4080-892a-908619c15d84","properties":{"id":"6a1bb172-01a8-4080-892a-908619c15d84","sources":[{"dataset":"OpenStreetMap","license":"ODbL-1.0","property":"","provider":"osm","record_id":"n13750316547@1","resource":"planet","update_time":"2026-04-21T19:29:40Z","version":"2026-09-09"}],"version":1},"type":"Feature"},{"geometry":{"coordinates":[-86.8696529,35.919474],"type":"Point"},"id":"afb88f31-1ac5-406e-bc04-2495efc26a84","properties":{"id":"afb88f31-1ac5-406e-bc04-2495efc26a84","sources":[{"dataset":"OpenStreetMap","license":"ODbL-1.0","property":"","provider":"osm","record_id":"n13746020434@1","resource":"planet","update_time":"2026-04-20T16:04:46Z","version":"2026-09-09"}],"version":1},"type":"Feature"},{"geometry":{"coordinates":[-86.8696504,35.9194858],"type":"Point"},"id":"f8e52e22-10b9-4a08-a98a-0dff02666ab3","properties":{"id":"f8e52e22-10b9-4a08-a98a-0dff02666ab3","sources":[{"dataset":"OpenStreetMap","license":"ODbL-1.0","property":"","provider":"osm","record_id":"n13750316529@1","resource":"planet","update_time":"2026-04-21T19:29:40Z","version":"2026-09-09"}],"version":1},"type":"Feature"},{"geometry":{"coordinates":[-86.8703448,35.919488],"type":"Point"},"id":"6928cf5a-8985-41cb-ac50-8f4d7eff21c7","properties":{"id":"6928cf5a-8985-41cb-ac50-8f4d7eff21c7","sources":[{"dataset":"OpenStreetMap","license":"ODbL-1.0","property":"","provider":"osm","record_id":"n13750316544@1","resource":"planet","update_time":"2026-04-21T19:29:40Z","version":"2026-09-09"}],"version":1},"type":"Feature"},{"geometry":{"coordinates":[-86.8700993,35.9196022],"type":"Point"},"id":"d8ba4f3a-5bf1-46af-9499-dfd26759a36b","properties":{"id":"d8ba4f3a-5bf1-46af-9499-dfd26759a36b","sources":[{"dataset":"OpenStreetMap","license":"ODbL-1.0","property":"","provider":"osm","record_id":"n13750316527@1","resource":"planet","update_time":"2026-04-21T19:29:40Z","version":"2026-09-09"}],"version":1},"type":"Feature"},{"geometry":{"coordinates":[-86.8691115,35.9196438],"type":"Point"},"id":"857de2b9-4d73-49e5-940f-4df1eb93d2d9","properties":{"id":"857de2b9-4d73-49e5-940f-4df1eb93d2d9","sources":[{"dataset":"OpenStreetMap","license":"ODbL-1.0","property":"","provider":"osm","record_id":"n13746020406@1","resource":"planet","update_time":"2026-04-20T16:04:46Z","version":"2026-09-09"}],"version":1},"type":"Feature"},{"geometry":{"coordinates":[-86.8691227,35.9195438],"type":"Point"},"id":"7b612cb7-8524-40a6-bb6e-f3ea78cff93d","properties":{"id":"7b612cb7-8524-40a6-bb6e-f3ea78cff93d","sources":[{"dataset":"OpenStreetMap","license":"ODbL-1.0","property":"","provider":"osm","record_id":"n13746020405@1","resource":"planet","update_time":"2026-04-20T16:04:46Z","version":"2026-09-09"}],"version":1},"type":"Feature"},{"geometry":{"coordinates":[-86.8693717,35.9194412],"type":"Point"},"id":"5c5dd88a-8d13-4399-9759-34f205c1fb28","properties":{"id":"5c5dd88a-8d13-4399-9759-34f205c1fb28","sources":[{"dataset":"OpenStreetMap","license":"ODbL-1.0","property":"","provider":"osm","record_id":"n13746020433@1","resource":"planet","update_time":"2026-04-20T16:04:46Z","version":"2026-09-09"}],"version":1},"type":"Feature"},{"geometry":{"coordinates":[-86.8676372,35.9195444],"type":"Point"},"id":"a95f33f4-a973-4e44-a66c-4c3408561798","properties":{"id":"a95f33f4-a973-4e44-a66c-4c3408561798","sources":[{"dataset":"OpenStreetMap","license":"ODbL-1.0","property":"","provider":"osm","record_id":"n7031978561@1","resource":"planet","update_time":"2019-12-04T13:10:34Z","version":"2026-09-09"}],"version":1},"type":"Feature"},{"geometry":{"coordinates":[-86.8676479,35.9195937],"type":"Point"},"id":"049155f2-6c0c-4f44-8934-07de07fc46d1","properties":{"id":"049155f2-6c0c-4f44-8934-07de07fc46d1","sources":[{"dataset":"OpenStreetMap","license":"ODbL-1.0","property":"","provider":"osm","record_id":"n12697445696@1","resource":"planet","update_time":"2025-03-24T20:38:00Z","version":"2026-09-09"}],"version":1},"type":"Feature"},{"geometry":{"coordinates":[-86.8675038,35.9196027],"type":"Point"},"id":"7307c4b5-6050-42e6-b361-13d8137606ba","properties":{"id":"7307c4b5-6050-42e6-b361-13d8137606ba","sources":[{"dataset":"OpenStreetMap","license":"ODbL-1.0","property":"","provider":"osm","record_id":"n3633017745@1","resource":"planet","update_time":"2015-07-03T15:19:13Z","version":"2026-09-09"}],"version":1},"type":"Feature"},{"geometry":{"coordinates":[-86.8686516,35.9200525],"type":"Point"},"id":"858637d0-3cc1-4da6-80dd-3f78af4fb54a","properties":{"id":"858637d0-3cc1-4da6-80dd-3f78af4fb54a","sources":[{"dataset":"OpenStreetMap","license":"ODbL-1.0","property":"","provider":"osm","resource":"planet","version":"2026-09-09"}],"version":1},"type":"Feature"},{"geometry":{"coordinates":[-86.8695179,35.9201036],"type":"Point"},"id":"2359bc8d-48ce-4d0b-b4eb-a6fc827264ba","properties":{"id":"2359bc8d-48ce-4d0b-b4eb-a6fc827264ba","sources":[{"dataset":"OpenStreetMap","license":"ODbL-1.0","property":"","provider":"osm","record_id":"n13750316514@1","resource":"planet","update_time":"2026-04-21T19:29:40Z","version":"2026-09-09"}],"version":1},"type":"Feature"},{"geometry":{"coordinates":[-86.8695937,35.9197577],"type":"Point"},"id":"5b391c89-21be-4edb-9a42-b41c92647813","properties":{"id":"5b391c89-21be-4edb-9a42-b41c92647813","sources":[{"dataset":"OpenStreetMap","license":"ODbL-1.0","property":"","provider":"osm","record_id":"n204130058@4","resource":"planet","update_time":"2015-07-07T05:27:59Z","version":"2026-09-09"}],"version":1},"type":"Feature"},{"geometry":{"coordinates":[-86.8700688,35.9201601],"type":"Point"},"id":"c7a1e6b2-c844-4acb-ad8e-adb2a1403cf3","properties":{"id":"c7a1e6b2-c844-4acb-ad8e-adb2a1403cf3","sources":[{"dataset":"OpenStreetMap","license":"ODbL-1.0","property":"","provider":"osm","record_id":"n13750316511@1","resource":"planet","update_time":"2026-04-21T19:29:40Z","version":"2026-09-09"}],"version":1},"type":"Feature"},{"geometry":{"coordinates":[-86.869473,35.9203081],"type":"Point"},"id":"6bdb8315-a3d2-4f24-bc97-fb9417801bac","properties":{"id":"6bdb8315-a3d2-4f24-bc97-fb9417801bac","sources":[{"dataset":"OpenStreetMap","license":"ODbL-1.0","property":"","provider":"osm","record_id":"n6687210950@2","resource":"planet","update_time":"2020-03-14T18:28:39Z","version":"2026-09-09"}],"version":1},"type":"Feature"},{"geometry":{"coordinates":[-86.8700452,35.9203811],"type":"Point"},"id":"60d2fe64-0872-479c-8c2e-2fa8cb35064f","properties":{"id":"60d2fe64-0872-479c-8c2e-2fa8cb35064f","sources":[{"dataset":"OpenStreetMap","license":"ODbL-1.0","property":"","provider":"osm","record_id":"n6687210952@1","resource":"planet","update_time":"2019-08-06T08:34:52Z","version":"2026-09-09"}],"version":1},"type":"Feature"},{"geometry":{"coordinates":[-86.8688503,35.9204894],"type":"Point"},"id":"93da4663-2a46-4cc6-95f3-ca6d308784e9","properties":{"id":"93da4663-2a46-4cc6-95f3-ca6d308784e9","sources":[{"dataset":"OpenStreetMap","license":"ODbL-1.0","property":"","provider":"osm","record_id":"n7031978570@0","resource":"planet","version":"2026-09-09"}],"version":1},"type":"Feature"},{"geometry":{"coordinates":[-86.868214,35.9205161],"type":"Point"},"id":"231c7749-0a34-4b50-9577-f110148a53dc","properties":{"id":"231c7749-0a34-4b50-9577-f110148a53dc","sources":[{"dataset":"OpenStreetMap","license":"ODbL-1.0","property":"","provider":"osm","record_id":"n7031978548@2","resource":"planet","update_time":"2019-12-12T05:34:03Z","version":"2026-09-09"}],"version":1},"type":"Feature"},{"geometry":{"coordinates":[-86.8682703,35.9205812],"type":"Point"},"id":"f290c221-6efa-45b9-a3df-ca4489464321","properties":{"id":"f290c221-6efa-45b9-a3df-ca4489464321","sources":[{"dataset":"OpenStreetMap","license":"ODbL-1.0","property":"","provider":"osm","record_id":"n7031978562@1","resource":"planet","update_time":"2019-12-04T13:10:34Z","version":"2026-09-09"}],"version":1},"type":"Feature"},{"geometry":{"coordinates":[-86.8680376,35.9202572],"type":"Point"},"id":"008853bf-4bb1-4e9c-9614-e69a60653339","properties":{"id":"008853bf-4bb1-4e9c-9614-e69a60653339","sources":[{"dataset":"OpenStreetMap","license":"ODbL-1.0","property":"","provider":"osm","record_id":"n7051087487@1","resource":"planet","update_time":"2019-12-12T05:34:03Z","version":"2026-09-09"}],"version":1},"type":"Feature"},{"geometry":{"coordinates":[-86.8646948,35.9207656],"type":"Point"},"id":"415e591d-df0f-4d9d-bab3-ac88de228917","properties":{"id":"415e591d-df0f-4d9d-bab3-ac88de228917","sources":[{"dataset":"OpenStreetMap","license":"ODbL-1.0","property":"","provider":"osm","record_id":"n10063682509@1","resource":"planet","update_time":"2022-09-30T09:09:22Z","version":"2026-09-09"}],"version":1},"type":"Feature"},{"geometry":{"coordinates":[-86.8643435,35.92003],"type":"Point"},"id":"ddcf09d0-a987-40c3-bae7-cd4168795c1d","properties":{"id":"ddcf09d0-a987-40c3-bae7-cd4168795c1d","sources":[{"dataset":"OpenStreetMap","license":"ODbL-1.0","property":"","provider":"osm","record_id":"n3524039746@1","resource":"planet","update_time":"2015-05-17T18:21:17Z","version":"2026-09-09"}],"version":1},"type":"Feature"},{"geometry":{"coordinates":[-86.8672375,35.9197308],"type":"Point"},"id":"44b304e4-3428-4fb5-b08f-c9525e2ef163","properties":{"id":"44b304e4-3428-4fb5-b08f-c9525e2ef163","sources":[{"dataset":"OpenStreetMap","license":"ODbL-1.0","property":"","provider":"osm","record_id":"n6687210943@1","resource":"planet","update_time":"2019-08-06T08:34:52Z","version":"2026-09-09"}],"version":1},"type":"Feature"},{"geometry":{"coordinates":[-86.8672262,35.9197117],"type":"Point"},"id":"e3570f1a-4bde-411d-b030-1a14dc04f3c5","properties":{"id":"e3570f1a-4bde-411d-b030-1a14dc04f3c5","sources":[{"dataset":"OpenStreetMap","license":"ODbL-1.0","property":"","provider":"osm","record_id":"n13700483285@1","resource":"planet","update_time":"2026-04-02T05:39:45Z","version":"2026-09-09"}],"version":1},"type":"Feature"},{"geometry":{"coordinates":[-86.8635917,35.9196493],"type":"Point"},"id":"8f7ca5d1-a9c6-4120-9925-95b1cce50d21","properties":{"id":"8f7ca5d1-a9c6-4120-9925-95b1cce50d21","sources":[{"dataset":"OpenStreetMap","license":"ODbL-1.0","property":"","provider":"osm","record_id":"n3524039723@1","resource":"planet","update_time":"2015-05-17T18:21:17Z","version":"2026-09-09"}],"version":1},"type":"Feature"},{"geometry":{"coordinates":[-86.8630068,35.9196257],"type":"Point"},"id":"290cbe9f-bc71-4081-bed7-58170ef7f0a3","properties":{"id":"290cbe9f-bc71-4081-bed7-58170ef7f0a3","sources":[{"dataset":"OpenStreetMap","license":"ODbL-1.0","property":"","provider":"osm","record_id":"n6688262625@1","resource":"planet","update_time":"2019-08-06T14:52:28Z","version":"2026-09-09"}],"version":1},"type":"Feature"},{"geometry":{"coordinates":[-86.8629035,35.9195895],"type":"Point"},"id":"8a3a50dd-5e3c-4911-b951-cef9aea643e3","properties":{"id":"8a3a50dd-5e3c-4911-b951-cef9aea643e3","sources":[{"dataset":"OpenStreetMap","license":"ODbL-1.0","property":"","provider":"osm","record_id":"n7049714421@1","resource":"planet","update_time":"2019-12-11T15:37:39Z","version":"2026-09-09"}],"version":1},"type":"Feature"},{"geometry":{"coordinates":[-86.8611873,35.919505],"type":"Point"},"id":"edb3be63-d4e8-419e-9f06-6e9c9bf5a550","properties":{"id":"edb3be63-d4e8-419e-9f06-6e9c9bf5a550","sources":[{"dataset":"OpenStreetMap","license":"ODbL-1.0","property":"","provider":"osm","record_id":"n6996330231@1","resource":"planet","update_time":"2019-11-21T13:41:48Z","version":"2026-09-09"}],"version":1},"type":"Feature"},{"geometry":{"coordinates":[-86.8618819,35.9197899],"type":"Point"},"id":"a82ecfe9-5e73-48f1-aff4-33c3e1ad5615","properties":{"id":"a82ecfe9-5e73-48f1-aff4-33c3e1ad5615","sources":[{"dataset":"OpenStreetMap","license":"ODbL-1.0","property":"","provider":"osm","record_id":"n6688262628@1","resource":"planet","update_time":"2019-08-06T14:52:28Z","version":"2026-09-09"}],"version":1},"type":"Feature"},{"geometry":{"coordinates":[-86.8626571,35.9199628],"type":"Point"},"id":"fa0960b7-e53b-498c-969f-438cc050a089","properties":{"id":"fa0960b7-e53b-498c-969f-438cc050a089","sources":[{"dataset":"OpenStreetMap","license":"ODbL-1.0","property":"","provider":"osm","record_id":"n7049714423@1","resource":"planet","update_time":"2019-12-11T15:37:39Z","version":"2026-09-09"}],"version":1},"type":"Feature"},{"geometry":{"coordinates":[-86.863984,35.9204901],"type":"Point"},"id":"292e553c-1087-4d43-a076-f52acf3e8e5c","properties":{"id":"292e553c-1087-4d43-a076-f52acf3e8e5c","sources":[{"dataset":"OpenStreetMap","license":"ODbL-1.0","property":"","provider":"osm","record_id":"n13252950341@1","resource":"planet","update_time":"2025-10-23T20:01:30Z","version":"2026-09-09"}],"version":1},"type":"Feature"},{"geometry":{"coordinates":[-86.8639391,35.9204576],"type":"Point"},"id":"bf40fbba-fd0e-4f97-9e69-5dcdb830bee2","properties":{"id":"bf40fbba-fd0e-4f97-9e69-5dcdb830bee2","sources":[{"dataset":"OpenStreetMap","license":"ODbL-1.0","property":"","provider":"osm","record_id":"n10063682505@1","resource":"planet","update_time":"2022-09-30T09:09:22Z","version":"2026-09-09"}],"version":1},"type":"Feature"},{"geometry":{"coordinates":[-86.8633193,35.9207959],"type":"Point"},"id":"13b64c99-8d43-40eb-b4d2-b0de5084b3d7","properties":{"id":"13b64c99-8d43-40eb-b4d2-b0de5084b3d7","sources":[{"dataset":"OpenStreetMap","license":"ODbL-1.0","property":"","provider":"osm","record_id":"n3598840394@1","resource":"planet","update_time":"2015-06-16T15:42:32Z","version":"2026-09-09"}],"version":1},"type":"Feature"},{"geometry":{"coordinates":[-86.8632099,35.9207733],"type":"Point"},"id":"61094044-6e01-4c96-8e47-d0a2f06e39bc","properties":{"id":"61094044-6e01-4c96-8e47-d0a2f06e39bc","sources":[{"dataset":"OpenStreetMap","license":"ODbL-1.0","property":"","provider":"osm","record_id":"n3524039838@1","resource":"planet","update_time":"2015-05-17T18:21:18Z","version":"2026-09-09"}],"version":1},"type":"Feature"},{"geometry":{"coordinates":[-86.8633508,35.920603],"type":"Point"},"id":"945bf99b-c739-4b0f-a850-44d3f1f9fff3","properties":{"id":"945bf99b-c739-4b0f-a850-44d3f1f9fff3","sources":[{"dataset":"OpenStreetMap","license":"ODbL-1.0","property":"","provider":"osm","record_id":"n3524039728@2","resource":"planet","update_time":"2019-11-11T18:05:45Z","version":"2026-09-09"}],"version":1},"type":"Feature"},{"geometry":{"coordinates":[-86.8583983,35.9204269],"type":"Point"},"id":"e70d2372-d087-4b27-b7df-f4d29327bca7","properties":{"id":"e70d2372-d087-4b27-b7df-f4d29327bca7","sources":[{"dataset":"OpenStreetMap","license":"ODbL-1.0","property":"","provider":"osm","record_id":"n8485154919@1","resource":"planet","update_time":"2021-03-04T08:18:47Z","version":"2026-09-09"}],"version":1},"type":"Feature"},{"geometry":{"coordinates":[-86.8584572,35.9197531],"type":"Point"},"id":"65c80e3e-40f0-4d9f-aa07-800b5608a36e","properties":{"id":"65c80e3e-40f0-4d9f-aa07-800b5608a36e","sources":[{"dataset":"OpenStreetMap","license":"ODbL-1.0","property":"","provider":"osm","record_id":"n6995675645@1","resource":"planet","update_time":"2019-11-21T11:15:56Z","version":"2026-09-09"}],"version":1},"type":"Feature"},{"geometry":{"coordinates":[-86.8586482,35.9193546],"type":"Point"},"id":"a8739a4a-531d-4f22-a954-b48e9b3c9cd5","properties":{"id":"a8739a4a-531d-4f22-a954-b48e9b3c9cd5","sources":[{"dataset":"OpenStreetMap","license":"ODbL-1.0","property":"","provider":"osm","record_id":"n7937162276@1","resource":"planet","update_time":"2020-09-24T09:42:10Z","version":"2026-09-09"}],"version":1},"type":"Feature"},{"geometry":{"coordinates":[-86.8582048,35.9186844],"type":"Point"},"id":"f6140caa-18f0-41a7-a1f3-1265bde44f76","properties":{"id":"f6140caa-18f0-41a7-a1f3-1265bde44f76","sources":[{"dataset":"OpenStreetMap","license":"ODbL-1.0","property":"","provider":"osm","record_id":"n12087272186@1","resource":"planet","update_time":"2024-08-01T13:49:21Z","version":"2026-09-09"}],"version":1},"type":"Feature"},{"geometry":{"coordinates":[-86.8593797,35.9187068],"type":"Point"},"id":"63e4a0d0-d671-44ea-bd24-7f0f91dc6aca","properties":{"id":"63e4a0d0-d671-44ea-bd24-7f0f91dc6aca","sources":[{"dataset":"OpenStreetMap","license":"ODbL-1.0","property":"","provider":"osm","record_id":"n204127043@3","resource":"planet","update_time":"2012-10-17T22:57:01Z","version":"2026-09-09"}],"version":1},"type":"Feature"},{"geometry":{"coordinates":[-86.8599091,35.9189015],"type":"Point"},"id":"9eb8531c-6fab-4ffd-b64d-79b272ecc9f6","properties":{"id":"9eb8531c-6fab-4ffd-b64d-79b272ecc9f6","sources":[{"dataset":"OpenStreetMap","license":"ODbL-1.0","property":"","provider":"osm","record_id":"n13050651513@1","resource":"planet","update_time":"2025-08-05T18:36:56Z","version":"2026-09-09"}],"version":1},"type":"Feature"},{"geometry":{"coordinates":[-86.8599434,35.9187785],"type":"Point"},"id":"3468e987-bd34-4064-acf7-2aba8f712399","properties":{"id":"3468e987-bd34-4064-acf7-2aba8f712399","sources":[{"dataset":"OpenStreetMap","license":"ODbL-1.0","property":"","provider":"osm","record_id":"n7937162274@1","resource":"planet","update_time":"2020-09-24T09:42:10Z","version":"2026-09-09"}],"version":1},"type":"Feature"},{"geometry":{"coordinates":[-86.8604424,35.9188419],"type":"Point"},"id":"4111e025-c299-4f68-a88b-7ddc43290311","properties":{"id":"4111e025-c299-4f68-a88b-7ddc43290311","sources":[{"dataset":"OpenStreetMap","license":"ODbL-1.0","property":"","provider":"osm","record_id":"n204127046@3","resource":"planet","update_time":"2013-09-26T22:06:47Z","version":"2026-09-09"}],"version":1},"type":"Feature"},{"geometry":{"coordinates":[-86.8607787,35.918894],"type":"Point"},"id":"3d3f7dd4-1cc3-412e-b96c-a7701be826e8","properties":{"id":"3d3f7dd4-1cc3-412e-b96c-a7701be826e8","sources":[{"dataset":"OpenStreetMap","license":"ODbL-1.0","property":"","provider":"osm","record_id":"n7202276900@1","resource":"planet","update_time":"2020-02-11T02:13:09Z","version":"2026-09-09"}],"version":1},"type":"Feature"},{"geometry":{"coordinates":[-86.860545,35.9188578],"type":"Point"},"id":"0a4e72ed-0b0e-4dd1-8ca8-909c312914a0","properties":{"id":"0a4e72ed-0b0e-4dd1-8ca8-909c312914a0","sources":[{"dataset":"OpenStreetMap","license":"ODbL-1.0","property":"","provider":"osm","record_id":"n7202276905@1","resource":"planet","update_time":"2020-02-11T02:13:09Z","version":"2026-09-09"}],"version":1},"type":"Feature"},{"geometry":{"coordinates":[-86.8605101,35.9189742],"type":"Point"},"id":"4d5b1a3f-5963-4cf4-8a8c-13eac7e3555b","properties":{"id":"4d5b1a3f-5963-4cf4-8a8c-13eac7e3555b","sources":[{"dataset":"OpenStreetMap","license":"ODbL-1.0","property":"","provider":"osm","record_id":"n13050651507@1","resource":"planet","update_time":"2025-08-05T18:36:56Z","version":"2026-09-09"}],"version":1},"type":"Feature"},{"geometry":{"coordinates":[-86.8607403,35.919011],"type":"Point"},"id":"d6d48d5a-ca62-4993-9009-7b341db38bb4","properties":{"id":"d6d48d5a-ca62-4993-9009-7b341db38bb4","sources":[{"dataset":"OpenStreetMap","license":"ODbL-1.0","property":"","provider":"osm","record_id":"n13050651506@1","resource":"planet","update_time":"2025-08-05T18:36:56Z","version":"2026-09-09"}],"version":1},"type":"Feature"},{"geometry":{"coordinates":[-86.8598194,35.9192227],"type":"Point"},"id":"82eb28c7-c142-4a0a-8cee-2eb81c22922a","properties":{"id":"82eb28c7-c142-4a0a-8cee-2eb81c22922a","sources":[{"dataset":"OpenStreetMap","license":"ODbL-1.0","property":"","provider":"osm","record_id":"n7937162275@1","resource":"planet","update_time":"2020-09-24T09:42:10Z","version":"2026-09-09"}],"version":1},"type":"Feature"},{"geometry":{"coordinates":[-86.8618936,35.9192252],"type":"Point"},"id":"a36b9e1e-fc00-49c5-847e-5617171c625b","properties":{"id":"a36b9e1e-fc00-49c5-847e-5617171c625b","sources":[{"dataset":"OpenStreetMap","license":"ODbL-1.0","property":"","provider":"osm","record_id":"n13050651502@1","resource":"planet","update_time":"2025-08-05T18:36:56Z","version":"2026-09-09"}],"version":1},"type":"Feature"},{"geometry":{"coordinates":[-86.861366,35.9191385],"type":"Point"},"id":"68b4181a-591c-401c-a0b7-9c490f2639ee","properties":{"id":"68b4181a-591c-401c-a0b7-9c490f2639ee","sources":[{"dataset":"OpenStreetMap","license":"ODbL-1.0","property":"","provider":"osm","record_id":"n13050651504@1","resource":"planet","update_time":"2025-08-05T18:36:56Z","version":"2026-09-09"}],"version":1},"type":"Feature"},{"geometry":{"coordinates":[-86.8616492,35.9190507],"type":"Point"},"id":"f63f64ae-b159-4b8b-a4ea-c9b6aaab5108","properties":{"id":"f63f64ae-b159-4b8b-a4ea-c9b6aaab5108","sources":[{"dataset":"OpenStreetMap","license":"ODbL-1.0","property":"","provider":"osm","record_id":"n6688262622@1","resource":"planet","update_time":"2019-08-06T14:52:28Z","version":"2026-09-09"}],"version":1},"type":"Feature"},{"geometry":{"coordinates":[-86.8621111,35.9193114],"type":"Point"},"id":"03997ecc-d5b2-4fde-b305-ce114c15be88","properties":{"id":"03997ecc-d5b2-4fde-b305-ce114c15be88","sources":[{"dataset":"OpenStreetMap","license":"ODbL-1.0","property":"","provider":"osm","record_id":"n6688262626@1","resource":"planet","update_time":"2019-08-06T14:52:28Z","version":"2026-09-09"}],"version":1},"type":"Feature"},{"geometry":{"coordinates":[-86.8627133,35.9193135],"type":"Point"},"id":"fdc58dae-c8cb-4f57-a70e-07c62320ef32","properties":{"id":"fdc58dae-c8cb-4f57-a70e-07c62320ef32","sources":[{"dataset":"OpenStreetMap","license":"ODbL-1.0","property":"","provider":"osm","record_id":"n7279113687@1","resource":"planet","update_time":"2020-03-09T08:39:59Z","version":"2026-09-09"}],"version":1},"type":"Feature"},{"geometry":{"coordinates":[-86.8614231,35.9190098],"type":"Point"},"id":"db0658b4-9d24-47b0-b7a5-fd3b9ee419e4","properties":{"id":"db0658b4-9d24-47b0-b7a5-fd3b9ee419e4","sources":[{"dataset":"OpenStreetMap","license":"ODbL-1.0","property":"","provider":"osm","record_id":"n6996330229@1","resource":"planet","update_time":"2019-11-21T13:41:48Z","version":"2026-09-09"}],"version":1},"type":"Feature"},{"geometry":{"coordinates":[-86.8587578,35.9186342],"type":"Point"},"id":"2426cfde-531e-43e6-820f-a608f2e6e69e","properties":{"id":"2426cfde-531e-43e6-820f-a608f2e6e69e","sources":[{"dataset":"OpenStreetMap","license":"ODbL-1.0","property":"","provider":"osm","record_id":"n7048300858@1","resource":"planet","update_time":"2019-12-11T05:32:12Z","version":"2026-09-09"}],"version":1},"type":"Feature"},{"geometry":{"coordinates":[-86.8581109,35.9186703],"type":"Point"},"id":"2cb463fd-582d-4bf4-9945-927a50c67a7e","properties":{"id":"2cb463fd-582d-4bf4-9945-927a50c67a7e","sources":[{"dataset":"OpenStreetMap","license":"ODbL-1.0","property":"","provider":"osm","record_id":"n12087272188@2","resource":"planet","update_time":"2025-08-05T18:36:56Z","version":"2026-09-09"}],"version":1},"type":"Feature"},{"geometry":{"coordinates":[-86.858126,35.918572],"type":"Point"},"id":"2841d3e7-8803-4a64-be35-0b576b5a2274","properties":{"id":"2841d3e7-8803-4a64-be35-0b576b5a2274","sources":[{"dataset":"OpenStreetMap","license":"ODbL-1.0","property":"","provider":"osm","record_id":"n204093754@5","resource":"planet","update_time":"2024-04-22T17:18:50Z","version":"2026-09-09"}],"version":1},"type":"Feature"},{"geometry":{"coordinates":[-86.8588156,35.9181637],"type":"Point"},"id":"b15d53f0-35ba-4cb0-85ee-9be4f0a9cab2","properties":{"id":"b15d53f0-35ba-4cb0-85ee-9be4f0a9cab2","sources":[{"dataset":"OpenStreetMap","license":"ODbL-1.0","property":"","provider":"osm","record_id":"n7048300855@1","resource":"planet","update_time":"2019-12-11T05:32:12Z","version":"2026-09-09"}],"version":1},"type":"Feature"},{"geometry":{"coordinates":[-86.8589084,35.9181236],"type":"Point"},"id":"bbf8050a-d90a-4782-abad-4a5286f204a6","properties":{"id":"bbf8050a-d90a-4782-abad-4a5286f204a6","sources":[{"dataset":"OpenStreetMap","license":"ODbL-1.0","property":"","provider":"osm","record_id":"n7048300857@1","resource":"planet","update_time":"2019-12-11T05:32:12Z","version":"2026-09-09"}],"version":1},"type":"Feature"},{"geometry":{"coordinates":[-86.8580277,35.9184628],"type":"Point"},"id":"2d95a6e0-44f1-48ee-a88f-b2fe4b3dfae5","properties":{"id":"2d95a6e0-44f1-48ee-a88f-b2fe4b3dfae5","sources":[{"dataset":"OpenStreetMap","license":"ODbL-1.0","property":"","provider":"osm","record_id":"n12087272184@1","resource":"planet","update_time":"2024-08-01T13:49:21Z","version":"2026-09-09"}],"version":1},"type":"Feature"},{"geometry":{"coordinates":[-86.8580146,35.9185629],"type":"Point"},"id":"5597ea12-94ae-4ee3-ade5-e7c6557bbb74","properties":{"id":"5597ea12-94ae-4ee3-ade5-e7c6557bbb74","sources":[{"dataset":"OpenStreetMap","license":"ODbL-1.0","property":"","provider":"osm","record_id":"n12087272187@1","resource":"planet","update_time":"2024-08-01T13:49:21Z","version":"2026-09-09"}],"version":1},"type":"Feature"},{"geometry":{"coordinates":[-86.8580027,35.918654],"type":"Point"},"id":"c8210cfe-2f62-40cf-83b1-5ceda1cd47a3","properties":{"id":"c8210cfe-2f62-40cf-83b1-5ceda1cd47a3","sources":[{"dataset":"OpenStreetMap","license":"ODbL-1.0","property":"","provider":"osm","record_id":"n12087272185@1","resource":"planet","update_time":"2024-08-01T13:49:21Z","version":"2026-09-09"}],"version":1},"type":"Feature"},{"geometry":{"coordinates":[-86.8573266,35.9186418],"type":"Point"},"id":"fba4ce4f-fb36-4e1b-bb80-e3b86f77052d","properties":{"id":"fba4ce4f-fb36-4e1b-bb80-e3b86f77052d","sources":[{"dataset":"OpenStreetMap","license":"ODbL-1.0","property":"","provider":"osm","record_id":"n13050651515@1","resource":"planet","update_time":"2025-08-05T18:36:56Z","version":"2026-09-09"}],"version":1},"type":"Feature"},{"geometry":{"coordinates":[-86.857345,35.9185083],"type":"Point"},"id":"ad25d429-6f04-4f4e-ac2a-8f5e6a745100","properties":{"id":"ad25d429-6f04-4f4e-ac2a-8f5e6a745100","sources":[{"dataset":"OpenStreetMap","license":"ODbL-1.0","property":"","provider":"osm","record_id":"n6695052607@1","resource":"planet","update_time":"2019-08-08T14:48:20Z","version":"2026-09-09"}],"version":1},"type":"Feature"},{"geometry":{"coordinates":[-86.8567341,35.9185933],"type":"Point"},"id":"1441bfdd-28f3-4462-b852-e979ebaad4b7","properties":{"id":"1441bfdd-28f3-4462-b852-e979ebaad4b7","sources":[{"dataset":"OpenStreetMap","license":"ODbL-1.0","property":"","provider":"osm","record_id":"n13050651522@1","resource":"planet","update_time":"2025-08-05T18:36:56Z","version":"2026-09-09"}],"version":1},"type":"Feature"},{"geometry":{"coordinates":[-86.8567596,35.9184615],"type":"Point"},"id":"34b18c9f-0e06-493e-a735-a1e84ee42824","properties":{"id":"34b18c9f-0e06-493e-a735-a1e84ee42824","sources":[{"dataset":"OpenStreetMap","license":"ODbL-1.0","property":"","provider":"osm","record_id":"n6695052613@1","resource":"planet","update_time":"2019-08-08T14:48:20Z","version":"2026-09-09"}],"version":1},"type":"Feature"},{"geometry":{"coordinates":[-86.8561375,35.9184117],"type":"Point"},"id":"decef187-f413-4d26-9083-daab6ab13671","properties":{"id":"decef187-f413-4d26-9083-daab6ab13671","sources":[{"dataset":"OpenStreetMap","license":"ODbL-1.0","property":"","provider":"osm","record_id":"n6695052601@1","resource":"planet","update_time":"2019-08-08T14:48:20Z","version":"2026-09-09"}],"version":1},"type":"Feature"},{"geometry":{"coordinates":[-86.8564447,35.9184363],"type":"Point"},"id":"746ac854-26ba-4ea0-bcc7-a5741b3be215","properties":{"id":"746ac854-26ba-4ea0-bcc7-a5741b3be215","sources":[{"dataset":"OpenStreetMap","license":"ODbL-1.0","property":"","provider":"osm","record_id":"n6695052618@1","resource":"planet","update_time":"2019-08-08T14:48:20Z","version":"2026-09-09"}],"version":1},"type":"Feature"},{"geometry":{"coordinates":[-86.8564228,35.9185679],"type":"Point"},"id":"e66081c4-6651-4b4a-918e-d6f70702bdb6","properties":{"id":"e66081c4-6651-4b4a-918e-d6f70702bdb6","sources":[{"dataset":"OpenStreetMap","license":"ODbL-1.0","property":"","provider":"osm","record_id":"n13050651521@1","resource":"planet","update_time":"2025-08-05T18:36:56Z","version":"2026-09-09"}],"version":1},"type":"Feature"},{"geometry":{"coordinates":[-86.8556576,35.9185053],"type":"Point"},"id":"9818cfb4-0520-4bb7-a944-3bbbdec197b1","properties":{"id":"9818cfb4-0520-4bb7-a944-3bbbdec197b1","sources":[{"dataset":"OpenStreetMap","license":"ODbL-1.0","property":"","provider":"osm","record_id":"n13050651520@1","resource":"planet","update_time":"2025-08-05T18:36:56Z","version":"2026-09-09"}],"version":1},"type":"Feature"},{"geometry":{"coordinates":[-86.8552291,35.9184702],"type":"Point"},"id":"d27e932f-2fd6-4049-87f3-10346f37265f","properties":{"id":"d27e932f-2fd6-4049-87f3-10346f37265f","sources":[{"dataset":"OpenStreetMap","license":"ODbL-1.0","property":"","provider":"osm","record_id":"n13050651519@1","resource":"planet","update_time":"2025-08-05T18:36:56Z","version":"2026-09-09"}],"version":1},"type":"Feature"},{"geometry":{"coordinates":[-86.8556826,35.9183753],"type":"Point"},"id":"f293198f-95cb-4b60-a8e0-a646e722d616","properties":{"id":"f293198f-95cb-4b60-a8e0-a646e722d616","sources":[{"dataset":"OpenStreetMap","license":"ODbL-1.0","property":"","provider":"osm","record_id":"n6695052628@1","resource":"planet","update_time":"2019-08-08T14:48:20Z","version":"2026-09-09"}],"version":1},"type":"Feature"},{"geometry":{"coordinates":[-86.8556233,35.9183706],"type":"Point"},"id":"07df2417-8b41-4958-872e-7162156e6ed0","properties":{"id":"07df2417-8b41-4958-872e-7162156e6ed0","sources":[{"dataset":"OpenStreetMap","license":"ODbL-1.0","property":"","provider":"osm","record_id":"n204122129@3","resource":"planet","update_time":"2009-10-16T12:36:12Z","version":"2026-09-09"}],"version":1},"type":"Feature"},{"geometry":{"coordinates":[-86.8552518,35.9183392],"type":"Point"},"id":"6736d919-2482-441e-aa4f-149717c1a877","properties":{"id":"6736d919-2482-441e-aa4f-149717c1a877","sources":[{"dataset":"OpenStreetMap","license":"ODbL-1.0","property":"","provider":"osm","record_id":"n6695052636@1","resource":"planet","update_time":"2019-08-08T14:48:20Z","version":"2026-09-09"}],"version":1},"type":"Feature"},{"geometry":{"coordinates":[-86.8551914,35.9193882],"type":"Point"},"id":"3a65fed2-07b4-41cd-9d03-9ae1a7c9c607","properties":{"id":"3a65fed2-07b4-41cd-9d03-9ae1a7c9c607","sources":[{"dataset":"OpenStreetMap","license":"ODbL-1.0","property":"","provider":"osm","record_id":"n7939054684@1","resource":"planet","update_time":"2020-09-24T17:17:23Z","version":"2026-09-09"}],"version":1},"type":"Feature"},{"geometry":{"coordinates":[-86.8565173,35.9191799],"type":"Point"},"id":"d25e3dcc-f76f-4348-bc4d-cc5fb75bc721","properties":{"id":"d25e3dcc-f76f-4348-bc4d-cc5fb75bc721","sources":[{"dataset":"OpenStreetMap","license":"ODbL-1.0","property":"","provider":"osm","record_id":"n6695052617@1","resource":"planet","update_time":"2019-08-08T14:48:20Z","version":"2026-09-09"}],"version":1},"type":"Feature"},{"geometry":{"coordinates":[-86.8562933,35.9191424],"type":"Point"},"id":"ad8e06eb-365b-45a4-9b55-7b6a019165b0","properties":{"id":"ad8e06eb-365b-45a4-9b55-7b6a019165b0","sources":[{"dataset":"OpenStreetMap","license":"ODbL-1.0","property":"","provider":"osm","record_id":"n6695052627@1","resource":"planet","update_time":"2019-08-08T14:48:20Z","version":"2026-09-09"}],"version":1},"type":"Feature"},{"geometry":{"coordinates":[-86.8556187,35.9191201],"type":"Point"},"id":"0723be2e-0f39-4e1f-a02c-28dcb5f38878","properties":{"id":"0723be2e-0f39-4e1f-a02c-28dcb5f38878","sources":[{"dataset":"OpenStreetMap","license":"ODbL-1.0","property":"","provider":"osm","record_id":"n6695052635@1","resource":"planet","update_time":"2019-08-08T14:48:20Z","version":"2026-09-09"}],"version":1},"type":"Feature"},{"geometry":{"coordinates":[-86.8553526,35.9190241],"type":"Point"},"id":"17927b7f-9823-4db2-8f8a-5e5cf9a60205","properties":{"id":"17927b7f-9823-4db2-8f8a-5e5cf9a60205","sources":[{"dataset":"OpenStreetMap","license":"ODbL-1.0","property":"","provider":"osm","record_id":"n7939054682@1","resource":"planet","update_time":"2020-09-24T17:17:23Z","version":"2026-09-09"}],"version":1},"type":"Feature"},{"geometry":{"coordinates":[-86.8551277,35.918838],"type":"Point"},"id":"7ee67406-996b-4902-80d3-0e02086ef847","properties":{"id":"7ee67406-996b-4902-80d3-0e02086ef847","sources":[{"dataset":"OpenStreetMap","license":"ODbL-1.0","property":"","provider":"osm","record_id":"n6695052638@1","resource":"planet","update_time":"2019-08-08T14:48:20Z","version":"2026-09-09"}],"version":1},"type":"Feature"},{"geometry":{"coordinates":[-86.8556067,35.9187694],"type":"Point"},"id":"926a00ce-9bab-4570-991e-470567c07d34","properties":{"id":"926a00ce-9bab-4570-991e-470567c07d34","sources":[{"dataset":"OpenStreetMap","license":"ODbL-1.0","property":"","provider":"osm","record_id":"n6695052629@1","resource":"planet","update_time":"2019-08-08T14:48:20Z","version":"2026-09-09"}],"version":1},"type":"Feature"},{"geometry":{"coordinates":[-86.8563543,35.9189784],"type":"Point"},"id":"df70851b-a336-47ba-b426-c3191a14706b","properties":{"id":"df70851b-a336-47ba-b426-c3191a14706b","sources":[{"dataset":"OpenStreetMap","license":"ODbL-1.0","property":"","provider":"osm","record_id":"n6695052619@1","resource":"planet","update_time":"2019-08-08T14:48:20Z","version":"2026-09-09"}],"version":1},"type":"Feature"},{"geometry":{"coordinates":[-86.857427,35.9193464],"type":"Point"},"id":"f8c1ddf0-5eb3-4684-a7d3-0c9191538683","properties":{"id":"f8c1ddf0-5eb3-4684-a7d3-0c9191538683","sources":[{"dataset":"OpenStreetMap","license":"ODbL-1.0","property":"","provider":"osm","record_id":"n6695052612@1","resource":"planet","update_time":"2019-08-08T14:48:20Z","version":"2026-09-09"}],"version":1},"type":"Feature"},{"geometry":{"coordinates":[-86.8580228,35.9192425],"type":"Point"},"id":"1f2f20e6-40b3-4a03-98aa-90934b191230","properties":{"id":"1f2f20e6-40b3-4a03-98aa-90934b191230","sources":[{"dataset":"OpenStreetMap","license":"ODbL-1.0","property":"","provider":"osm","record_id":"n7937162278@1","resource":"planet","update_time":"2020-09-24T09:42:10Z","version":"2026-09-09"}],"version":1},"type":"Feature"},{"geometry":{"coordinates":[-86.8579477,35.9196671],"type":"Point"},"id":"6f5c80c3-3634-48ba-86e0-ab0a1a95a9c3","properties":{"id":"6f5c80c3-3634-48ba-86e0-ab0a1a95a9c3","sources":[{"dataset":"OpenStreetMap","license":"ODbL-1.0","property":"","provider":"osm","record_id":"n6995675644@1","resource":"planet","update_time":"2019-11-21T11:15:56Z","version":"2026-09-09"}],"version":1},"type":"Feature"},{"geometry":{"coordinates":[-86.8572408,35.9199071],"type":"Point"},"id":"8e0080b2-df62-4c6a-bb4c-aac0b62d2a18","properties":{"id":"8e0080b2-df62-4c6a-bb4c-aac0b62d2a18","sources":[{"dataset":"OpenStreetMap","license":"ODbL-1.0","property":"","provider":"osm","record_id":"n6695052606@1","resource":"planet","update_time":"2019-08-08T14:48:20Z","version":"2026-09-09"}],"version":1},"type":"Feature"},{"geometry":{"coordinates":[-86.8578902,35.919992],"type":"Point"},"id":"2d481d90-c290-45bd-aea0-5401b096a577","properties":{"id":"2d481d90-c290-45bd-aea0-5401b096a577","sources":[{"dataset":"OpenStreetMap","license":"ODbL-1.0","property":"","provider":"osm","record_id":"n6695052605@1","resource":"planet","update_time":"2019-08-08T14:48:20Z","version":"2026-09-09"}],"version":1},"type":"Feature"},{"geometry":{"coordinates":[-86.8572531,35.9202164],"type":"Point"},"id":"700de134-134b-4cfd-85c6-49b1e44be496","properties":{"id":"700de134-134b-4cfd-85c6-49b1e44be496","sources":[{"dataset":"OpenStreetMap","license":"ODbL-1.0","property":"","provider":"osm","record_id":"n6695052604@1","resource":"planet","update_time":"2019-08-08T14:48:20Z","version":"2026-09-09"}],"version":1},"type":"Feature"},{"geometry":{"coordinates":[-86.8578234,35.9203692],"type":"Point"},"id":"a39bd622-0049-466d-b08b-6c71a4fccd3e","properties":{"id":"a39bd622-0049-466d-b08b-6c71a4fccd3e","sources":[{"dataset":"OpenStreetMap","license":"ODbL-1.0","property":"","provider":"osm","record_id":"n8485154920@1","resource":"planet","update_time":"2021-03-04T08:18:47Z","version":"2026-09-09"}],"version":1},"type":"Feature"},{"geometry":{"coordinates":[-86.8578368,35.9202935],"type":"Point"},"id":"133108d9-549b-4fb9-bba5-db6d607f8944","properties":{"id":"133108d9-549b-4fb9-bba5-db6d607f8944","sources":[{"dataset":"OpenStreetMap","license":"ODbL-1.0","property":"","provider":"osm","record_id":"n6695052603@1","resource":"planet","update_time":"2019-08-08T14:48:20Z","version":"2026-09-09"}],"version":1},"type":"Feature"},{"geometry":{"coordinates":[-86.8577484,35.9207936],"type":"Point"},"id":"c9aa3b39-fb41-43af-b87d-ea4c79a3a6da","properties":{"id":"c9aa3b39-fb41-43af-b87d-ea4c79a3a6da","sources":[{"dataset":"OpenStreetMap","license":"ODbL-1.0","property":"","provider":"osm","record_id":"n6996272601@1","resource":"planet","update_time":"2019-11-21T13:06:09Z","version":"2026-09-09"}],"version":1},"type":"Feature"},{"geometry":{"coordinates":[-86.8562665,35.9178823],"type":"Point"},"id":"7a06235e-6ead-40ad-8e81-c23bf14e0583","properties":{"id":"7a06235e-6ead-40ad-8e81-c23bf14e0583","sources":[{"dataset":"OpenStreetMap","license":"ODbL-1.0","property":"","provider":"osm","record_id":"n6695052602@1","resource":"planet","update_time":"2019-08-08T14:48:20Z","version":"2026-09-09"}],"version":1},"type":"Feature"},{"geometry":{"coordinates":[-86.8573106,35.9177976],"type":"Point"},"id":"bbee5be1-47c5-439f-bd30-9342730c38df","properties":{"id":"bbee5be1-47c5-439f-bd30-9342730c38df","sources":[{"dataset":"OpenStreetMap","license":"ODbL-1.0","property":"","provider":"osm","record_id":"n2472815246@3","resource":"planet","update_time":"2022-05-31T05:30:58Z","version":"2026-09-09"}],"version":1},"type":"Feature"},{"geometry":{"coordinates":[-86.8575257,35.917782],"type":"Point"},"id":"076dd4d2-e479-4178-8fd0-101d6c417a3f","properties":{"id":"076dd4d2-e479-4178-8fd0-101d6c417a3f","sources":[{"dataset":"OpenStreetMap","license":"ODbL-1.0","property":"","provider":"osm","record_id":"n2472815247@3","resource":"planet","update_time":"2022-05-31T05:30:58Z","version":"2026-09-09"}],"version":1},"type":"Feature"},{"geometry":{"coordinates":[-86.8564423,35.9162489],"type":"Point"},"id":"545d256d-ee57-467b-bb9b-0a2d00c17f89","properties":{"id":"545d256d-ee57-467b-bb9b-0a2d00c17f89","sources":[{"dataset":"OpenStreetMap","license":"ODbL-1.0","property":"","provider":"osm","record_id":"n205524535@4","resource":"planet","update_time":"2014-12-17T23:30:03Z","version":"2026-09-09"}],"version":1},"type":"Feature"},{"geometry":{"coordinates":[-86.855795,35.9164487],"type":"Point"},"id":"c36fa3b9-1995-4298-92a5-0bd1db60ff07","properties":{"id":"c36fa3b9-1995-4298-92a5-0bd1db60ff07","sources":[{"dataset":"OpenStreetMap","license":"ODbL-1.0","property":"","provider":"osm","record_id":"n204122123@4","resource":"planet","update_time":"2014-12-17T23:30:01Z","version":"2026-09-09"}],"version":1},"type":"Feature"},{"geometry":{"coordinates":[-86.858043,35.9165336],"type":"Point"},"id":"117f604f-2176-4ae8-97d2-ccb5c1353370","properties":{"id":"117f604f-2176-4ae8-97d2-ccb5c1353370","sources":[{"dataset":"OpenStreetMap","license":"ODbL-1.0","property":"","provider":"osm","record_id":"n2472815228@1","resource":"planet","update_time":"2013-09-26T22:06:35Z","version":"2026-09-09"}],"version":1},"type":"Feature"},{"geometry":{"coordinates":[-86.8580497,35.9163395],"type":"Point"},"id":"9648cd48-05d0-4a47-a967-bf61c0657de9","properties":{"id":"9648cd48-05d0-4a47-a967-bf61c0657de9","sources":[{"dataset":"OpenStreetMap","license":"ODbL-1.0","property":"","provider":"osm","record_id":"n205272676@5","resource":"planet","update_time":"2013-09-26T22:06:48Z","version":"2026-09-09"}],"version":1},"type":"Feature"},{"geometry":{"coordinates":[-86.8550483,35.9156795],"type":"Point"},"id":"ceb66c32-a6b9-4812-8839-795d2168ecbc","properties":{"id":"ceb66c32-a6b9-4812-8839-795d2168ecbc","sources":[{"dataset":"OpenStreetMap","license":"ODbL-1.0","property":"","provider":"osm","record_id":"n204114095@4","resource":"planet","update_time":"2014-12-17T23:30:00Z","version":"2026-09-09"}],"version":1},"type":"Feature"},{"geometry":{"coordinates":[-86.8564903,35.9153538],"type":"Point"},"id":"f5189af9-45a3-4b45-9d9a-b51b5b311fb1","properties":{"id":"f5189af9-45a3-4b45-9d9a-b51b5b311fb1","sources":[{"dataset":"OpenStreetMap","license":"ODbL-1.0","property":"","provider":"osm","record_id":"n204123142@4","resource":"planet","update_time":"2014-12-17T23:30:01Z","version":"2026-09-09"}],"version":1},"type":"Feature"},{"geometry":{"coordinates":[-86.8675237,35.9379953],"type":"Point"},"id":"286fb6d9-cd9a-4650-8f2f-abce578e0ad8","properties":{"id":"286fb6d9-cd9a-4650-8f2f-abce578e0ad8","sources":[{"dataset":"OpenStreetMap","license":"ODbL-1.0","property":"","provider":"osm","record_id":"n7390018794@2","resource":"planet","update_time":"2025-05-15T19:01:48Z","version":"2026-09-09"}],"version":1},"type":"Feature"},{"geometry":{"coordinates":[-86.8699688,35.9379726],"type":"Point"},"id":"3c40e5a4-1045-493c-b0ec-16bfbab6d090","properties":{"id":"3c40e5a4-1045-493c-b0ec-16bfbab6d090","sources":[{"dataset":"OpenStreetMap","license":"ODbL-1.0","property":"","provider":"osm","record_id":"n12097560400@1","resource":"planet","update_time":"2024-08-07T18:08:52Z","version":"2026-09-09"}],"version":1},"type":"Feature"},{"geometry":{"coordinates":[-86.8774769,35.9379328],"type":"Point"},"id":"2cc6570c-d49f-48ed-ae4c-7b80773e8eaa","properties":{"id":"2cc6570c-d49f-48ed-ae4c-7b80773e8eaa","sources":[{"dataset":"OpenStreetMap","license":"ODbL-1.0","property":"","provider":"osm","record_id":"n3540163264@1","resource":"planet","update_time":"2015-05-23T23:04:49Z","version":"2026-09-09"}],"version":1},"type":"Feature"},{"geometry":{"coordinates":[-86.8783656,35.9379459],"type":"Point"},"id":"c44514df-9744-4ed1-b8ad-ddcb200c9dc9","properties":{"id":"c44514df-9744-4ed1-b8ad-ddcb200c9dc9","sources":[{"dataset":"OpenStreetMap","license":"ODbL-1.0","property":"","provider":"osm","record_id":"n3540163265@1","resource":"planet","update_time":"2015-05-23T23:04:49Z","version":"2026-09-09"}],"version":1},"type":"Feature"},{"geometry":{"coordinates":[-86.8816176,35.9379766],"type":"Point"},"id":"6fd76868-9732-4415-bbf7-580ce2298fa8","properties":{"id":"6fd76868-9732-4415-bbf7-580ce2298fa8","sources":[{"dataset":"OpenStreetMap","license":"ODbL-1.0","property":"","provider":"osm","record_id":"n2472823084@1","resource":"planet","update_time":"2013-09-26T22:21:20Z","version":"2026-09-09"}],"version":1},"type":"Feature"}],"type":"FeatureCollection"}